kind	pascalName	pascalValue	language	mnemonic	context	status	javaAnalog	note
key	kbESC	$00011B			Commands.pas	prototype to replace	none; terminal mapping pending	Pascal key catalogued.
key	kbAltEsc	$080100			Commands.pas	prototype to replace	none; terminal mapping pending	Pascal key catalogued.
key	kbShiftEsc	$03011B			Commands.pas	prototype to replace	none; terminal mapping pending	Pascal key catalogued.
key	kbAltShiftEsc	$0B0100			Commands.pas	prototype to replace	none; terminal mapping pending	Pascal key catalogued.
key	kbCtrlEsc	$040100			Commands.pas	prototype to replace	none; terminal mapping pending	Pascal key catalogued.
key	kbCtrlAltEsc	$0C0100			Commands.pas	prototype to replace	none; terminal mapping pending	Pascal key catalogued.
key	kbCtrlShiftEsc	$070100			Commands.pas	prototype to replace	none; terminal mapping pending	Pascal key catalogued.
key	kbCtrlAltShiftEsc	$0F0100			Commands.pas	prototype to replace	none; terminal mapping pending	Pascal key catalogued.
key	kbF1	$003B00			Commands.pas	prototype to replace	none; terminal mapping pending	Pascal key catalogued.
key	kbShiftF1	$035400			Commands.pas	prototype to replace	none; terminal mapping pending	Pascal key catalogued.
key	kbCtrlF1	$045E00			Commands.pas	prototype to replace	none; terminal mapping pending	Pascal key catalogued.
key	kbAltF1	$086800			Commands.pas	prototype to replace	none; terminal mapping pending	Pascal key catalogued.
key	kbF2	$003C00			Commands.pas	prototype to replace	none; terminal mapping pending	Pascal key catalogued.
key	kbShiftF2	$035500			Commands.pas	prototype to replace	none; terminal mapping pending	Pascal key catalogued.
key	kbCtrlF2	$045F00			Commands.pas	prototype to replace	none; terminal mapping pending	Pascal key catalogued.
key	kbAltF2	$086900			Commands.pas	prototype to replace	none; terminal mapping pending	Pascal key catalogued.
key	kbF3	$003D00			Commands.pas	prototype to replace	none; terminal mapping pending	Pascal key catalogued.
key	kbShiftF3	$035600			Commands.pas	prototype to replace	none; terminal mapping pending	Pascal key catalogued.
key	kbCtrlF3	$046000			Commands.pas	prototype to replace	none; terminal mapping pending	Pascal key catalogued.
key	kbAltF3	$086A00			Commands.pas	prototype to replace	none; terminal mapping pending	Pascal key catalogued.
key	kbF4	$003E00			Commands.pas	prototype to replace	none; terminal mapping pending	Pascal key catalogued.
key	kbShiftF4	$035700			Commands.pas	prototype to replace	none; terminal mapping pending	Pascal key catalogued.
key	kbCtrlF4	$046100			Commands.pas	prototype to replace	none; terminal mapping pending	Pascal key catalogued.
key	kbAltF4	$086B00			Commands.pas	prototype to replace	none; terminal mapping pending	Pascal key catalogued.
key	kbF5	$003F00			Commands.pas	prototype to replace	none; terminal mapping pending	Pascal key catalogued.
key	kbShiftF5	$035800			Commands.pas	prototype to replace	none; terminal mapping pending	Pascal key catalogued.
key	kbCtrlF5	$046200			Commands.pas	prototype to replace	none; terminal mapping pending	Pascal key catalogued.
key	kbAltF5	$086C00			Commands.pas	prototype to replace	none; terminal mapping pending	Pascal key catalogued.
key	kbF6	$004000			Commands.pas	prototype to replace	none; terminal mapping pending	Pascal key catalogued.
key	kbShiftF6	$035900			Commands.pas	prototype to replace	none; terminal mapping pending	Pascal key catalogued.
key	kbCtrlF6	$046300			Commands.pas	prototype to replace	none; terminal mapping pending	Pascal key catalogued.
key	kbAltF6	$086D00			Commands.pas	prototype to replace	none; terminal mapping pending	Pascal key catalogued.
key	kbF7	$004100			Commands.pas	prototype to replace	none; terminal mapping pending	Pascal key catalogued.
key	kbShiftF7	$035A00			Commands.pas	prototype to replace	none; terminal mapping pending	Pascal key catalogued.
key	kbCtrlF7	$046400			Commands.pas	prototype to replace	none; terminal mapping pending	Pascal key catalogued.
key	kbAltF7	$086E00			Commands.pas	prototype to replace	none; terminal mapping pending	Pascal key catalogued.
key	kbF8	$004200			Commands.pas	prototype to replace	none; terminal mapping pending	Pascal key catalogued.
key	kbShiftF8	$035B00			Commands.pas	prototype to replace	none; terminal mapping pending	Pascal key catalogued.
key	kbCtrlF8	$046500			Commands.pas	prototype to replace	none; terminal mapping pending	Pascal key catalogued.
key	kbAltF8	$086F00			Commands.pas	prototype to replace	none; terminal mapping pending	Pascal key catalogued.
key	kbF9	$004300			Commands.pas	prototype to replace	none; terminal mapping pending	Pascal key catalogued.
key	kbShiftF9	$035C00			Commands.pas	prototype to replace	none; terminal mapping pending	Pascal key catalogued.
key	kbCtrlF9	$046600			Commands.pas	prototype to replace	none; terminal mapping pending	Pascal key catalogued.
key	kbAltF9	$087000			Commands.pas	prototype to replace	none; terminal mapping pending	Pascal key catalogued.
key	kbF10	$004400			Commands.pas	adapter	org.dosnavigator.terminal.KeyType.F10	Pascal key catalogued.
key	kbShiftF10	$035D00			Commands.pas	prototype to replace	none; terminal mapping pending	Pascal key catalogued.
key	kbCtrlF10	$046700			Commands.pas	prototype to replace	none; terminal mapping pending	Pascal key catalogued.
key	kbAltF10	$087100			Commands.pas	prototype to replace	none; terminal mapping pending	Pascal key catalogued.
key	kbF11	$008500			Commands.pas	prototype to replace	none; terminal mapping pending	Pascal key catalogued.
key	kbShiftF11	$038700			Commands.pas	prototype to replace	none; terminal mapping pending	Pascal key catalogued.
key	kbCtrlF11	$048900			Commands.pas	prototype to replace	none; terminal mapping pending	Pascal key catalogued.
key	kbAltF11	$088B00			Commands.pas	prototype to replace	none; terminal mapping pending	Pascal key catalogued.
key	kbF12	$008600			Commands.pas	prototype to replace	none; terminal mapping pending	Pascal key catalogued.
key	kbShiftF12	$038800			Commands.pas	prototype to replace	none; terminal mapping pending	Pascal key catalogued.
key	kbCtrlF12	$048A00			Commands.pas	prototype to replace	none; terminal mapping pending	Pascal key catalogued.
key	kbAltF12	$088C00			Commands.pas	prototype to replace	none; terminal mapping pending	Pascal key catalogued.
key	kbCtrlShiftF1	$075E00			Commands.pas	prototype to replace	none; terminal mapping pending	Pascal key catalogued.
key	kbAltShiftF1	$0B6800			Commands.pas	prototype to replace	none; terminal mapping pending	Pascal key catalogued.
key	kbCtrlShiftF2	$075F00			Commands.pas	prototype to replace	none; terminal mapping pending	Pascal key catalogued.
key	kbAltShiftF2	$0B6900			Commands.pas	prototype to replace	none; terminal mapping pending	Pascal key catalogued.
key	kbCtrlShiftF3	$076000			Commands.pas	prototype to replace	none; terminal mapping pending	Pascal key catalogued.
key	kbAltShiftF3	$0B6A00			Commands.pas	prototype to replace	none; terminal mapping pending	Pascal key catalogued.
key	kbCtrlShiftF4	$076100			Commands.pas	prototype to replace	none; terminal mapping pending	Pascal key catalogued.
key	kbAltShiftF4	$0B6B00			Commands.pas	prototype to replace	none; terminal mapping pending	Pascal key catalogued.
key	kbCtrlShiftF5	$076200			Commands.pas	prototype to replace	none; terminal mapping pending	Pascal key catalogued.
key	kbAltShiftF5	$0B6C00			Commands.pas	prototype to replace	none; terminal mapping pending	Pascal key catalogued.
key	kbCtrlShiftF6	$076300			Commands.pas	prototype to replace	none; terminal mapping pending	Pascal key catalogued.
key	kbAltShiftF6	$0B6D00			Commands.pas	prototype to replace	none; terminal mapping pending	Pascal key catalogued.
key	kbCtrlShiftF7	$076400			Commands.pas	prototype to replace	none; terminal mapping pending	Pascal key catalogued.
key	kbAltShiftF7	$0B6E00			Commands.pas	prototype to replace	none; terminal mapping pending	Pascal key catalogued.
key	kbCtrlShiftF8	$076500			Commands.pas	prototype to replace	none; terminal mapping pending	Pascal key catalogued.
key	kbAltShiftF8	$0B6F00			Commands.pas	prototype to replace	none; terminal mapping pending	Pascal key catalogued.
key	kbCtrlShiftF9	$076600			Commands.pas	prototype to replace	none; terminal mapping pending	Pascal key catalogued.
key	kbAltShiftF9	$0B7000			Commands.pas	prototype to replace	none; terminal mapping pending	Pascal key catalogued.
key	kbCtrlShiftF10	$076700			Commands.pas	prototype to replace	none; terminal mapping pending	Pascal key catalogued.
key	kbAltShiftF10	$0B7100			Commands.pas	prototype to replace	none; terminal mapping pending	Pascal key catalogued.
key	kbCtrlShiftF11	$078900			Commands.pas	prototype to replace	none; terminal mapping pending	Pascal key catalogued.
key	kbAltShiftF11	$0B8B00			Commands.pas	prototype to replace	none; terminal mapping pending	Pascal key catalogued.
key	kbCtrlShiftF12	$078A00			Commands.pas	prototype to replace	none; terminal mapping pending	Pascal key catalogued.
key	kbAltShiftF12	$0B8C00			Commands.pas	prototype to replace	none; terminal mapping pending	Pascal key catalogued.
key	kbCtrlAltF1	$0C6800			Commands.pas	prototype to replace	none; terminal mapping pending	Pascal key catalogued.
key	kbCtrlAltShiftF1	$0F6800			Commands.pas	prototype to replace	none; terminal mapping pending	Pascal key catalogued.
key	kbCtrlAltF2	$0C6900			Commands.pas	prototype to replace	none; terminal mapping pending	Pascal key catalogued.
key	kbCtrlAltShiftF2	$0F6900			Commands.pas	prototype to replace	none; terminal mapping pending	Pascal key catalogued.
key	kbCtrlAltF3	$0C6A00			Commands.pas	prototype to replace	none; terminal mapping pending	Pascal key catalogued.
key	kbCtrlAltShiftF3	$0F6A00			Commands.pas	prototype to replace	none; terminal mapping pending	Pascal key catalogued.
key	kbCtrlAltF4	$0C6B00			Commands.pas	prototype to replace	none; terminal mapping pending	Pascal key catalogued.
key	kbCtrlAltShiftF4	$0F6B00			Commands.pas	prototype to replace	none; terminal mapping pending	Pascal key catalogued.
key	kbCtrlAltF5	$0C6C00			Commands.pas	prototype to replace	none; terminal mapping pending	Pascal key catalogued.
key	kbCtrlAltShiftF5	$0F6C00			Commands.pas	prototype to replace	none; terminal mapping pending	Pascal key catalogued.
key	kbCtrlAltF6	$0C6D00			Commands.pas	prototype to replace	none; terminal mapping pending	Pascal key catalogued.
key	kbCtrlAltShiftF6	$0F6D00			Commands.pas	prototype to replace	none; terminal mapping pending	Pascal key catalogued.
key	kbCtrlAltF7	$0C6E00			Commands.pas	prototype to replace	none; terminal mapping pending	Pascal key catalogued.
key	kbCtrlAltShiftF7	$0F6E00			Commands.pas	prototype to replace	none; terminal mapping pending	Pascal key catalogued.
key	kbCtrlAltF8	$0C6F00			Commands.pas	prototype to replace	none; terminal mapping pending	Pascal key catalogued.
key	kbCtrlAltShiftF8	$0F6F00			Commands.pas	prototype to replace	none; terminal mapping pending	Pascal key catalogued.
key	kbCtrlAltF9	$0C7000			Commands.pas	prototype to replace	none; terminal mapping pending	Pascal key catalogued.
key	kbCtrlAltShiftF9	$0F7000			Commands.pas	prototype to replace	none; terminal mapping pending	Pascal key catalogued.
key	kbCtrlAltF10	$0C7100			Commands.pas	prototype to replace	none; terminal mapping pending	Pascal key catalogued.
key	kbCtrlAltShiftF10	$0F7100			Commands.pas	prototype to replace	none; terminal mapping pending	Pascal key catalogued.
key	kbCtrlAltF11	$0C8B00			Commands.pas	prototype to replace	none; terminal mapping pending	Pascal key catalogued.
key	kbCtrlAltShiftF11	$0F8B00			Commands.pas	prototype to replace	none; terminal mapping pending	Pascal key catalogued.
key	kbCtrlAltF12	$0C8C00			Commands.pas	prototype to replace	none; terminal mapping pending	Pascal key catalogued.
key	kbCtrlAltShiftF12	$0F8C00			Commands.pas	prototype to replace	none; terminal mapping pending	Pascal key catalogued.
key	kbTilde	$002960			Commands.pas	prototype to replace	none; terminal mapping pending	Pascal key catalogued.
key	kbShiftTilde	$03297E			Commands.pas	prototype to replace	none; terminal mapping pending	Pascal key catalogued.
key	kbAltTilde	$082900			Commands.pas	prototype to replace	none; terminal mapping pending	Pascal key catalogued.
key	kbBack	$000E08			Commands.pas	prototype to replace	none; terminal mapping pending	Pascal key catalogued.
key	kbShiftBack	$030E08			Commands.pas	prototype to replace	none; terminal mapping pending	Pascal key catalogued.
key	kbCtrlBack	$040E00			Commands.pas	prototype to replace	none; terminal mapping pending	Pascal key catalogued.
key	kbAltBack	$080E00			Commands.pas	prototype to replace	none; terminal mapping pending	Pascal key catalogued.
key	kbTab	$000F09			Commands.pas	adapter	org.dosnavigator.terminal.KeyType.Tab	Pascal key catalogued.
key	kbShiftTab	$030F00			Commands.pas	prototype to replace	none; terminal mapping pending	Pascal key catalogued.
key	kbCtrlTab	$049400			Commands.pas	prototype to replace	none; terminal mapping pending	Pascal key catalogued.
key	kbAltTab	$08A500			Commands.pas	prototype to replace	none; terminal mapping pending	Pascal key catalogued.
key	kbEnter	$001C0D			Commands.pas	prototype to replace	none; terminal mapping pending	Pascal key catalogued.
key	kbShiftEnter	$031C0D			Commands.pas	prototype to replace	none; terminal mapping pending	Pascal key catalogued.
key	kbCtrlEnter	$041C00			Commands.pas	prototype to replace	none; terminal mapping pending	Pascal key catalogued.
key	kbAltEnter	$081C00			Commands.pas	prototype to replace	none; terminal mapping pending	Pascal key catalogued.
key	kbSpace	$003920			Commands.pas	prototype to replace	none; terminal mapping pending	Pascal key catalogued.
key	kbShiftSpace	$033920			Commands.pas	prototype to replace	none; terminal mapping pending	Pascal key catalogued.
key	kbCtrlSpace	$043900			Commands.pas	prototype to replace	none; terminal mapping pending	Pascal key catalogued.
key	kbAltSpace	$083920			Commands.pas	prototype to replace	none; terminal mapping pending	Pascal key catalogued.
key	kbAltGrayEnter	$08A600			Commands.pas	prototype to replace	none; terminal mapping pending	Pascal key catalogued.
key	kbAltShiftTilde	$0B2900			Commands.pas	prototype to replace	none; terminal mapping pending	Pascal key catalogued.
key	kbCtrlAltTilde	$0C2900			Commands.pas	prototype to replace	none; terminal mapping pending	Pascal key catalogued.
key	kbCtrlShiftBack	$070E00			Commands.pas	prototype to replace	none; terminal mapping pending	Pascal key catalogued.
key	kbAltShiftBack	$0B0E00			Commands.pas	prototype to replace	none; terminal mapping pending	Pascal key catalogued.
key	kbCtrlShiftTab	$079400			Commands.pas	prototype to replace	none; terminal mapping pending	Pascal key catalogued.
key	kbAltShiftTab	$0BA500			Commands.pas	prototype to replace	none; terminal mapping pending	Pascal key catalogued.
key	kbCtrlShiftEnter	$071C00			Commands.pas	prototype to replace	none; terminal mapping pending	Pascal key catalogued.
key	kbAltShiftEnter	$0B1C00			Commands.pas	prototype to replace	none; terminal mapping pending	Pascal key catalogued.
key	kbCtrlShiftSpace	$073900			Commands.pas	prototype to replace	none; terminal mapping pending	Pascal key catalogued.
key	kbAltShiftSpace	$0B3920			Commands.pas	prototype to replace	none; terminal mapping pending	Pascal key catalogued.
key	kbCtrlAltShiftTilde	$0F2900			Commands.pas	prototype to replace	none; terminal mapping pending	Pascal key catalogued.
key	kbCtrlAltBack	$0C0E00			Commands.pas	prototype to replace	none; terminal mapping pending	Pascal key catalogued.
key	kbCtrlAltShiftBack	$0F0E00			Commands.pas	prototype to replace	none; terminal mapping pending	Pascal key catalogued.
key	kbCtrlAltTab	$0CA500			Commands.pas	prototype to replace	none; terminal mapping pending	Pascal key catalogued.
key	kbCtrlAltShiftTab	$0FA500			Commands.pas	prototype to replace	none; terminal mapping pending	Pascal key catalogued.
key	kbCtrlAltEnter	$0C1C00			Commands.pas	prototype to replace	none; terminal mapping pending	Pascal key catalogued.
key	kbCtrlAltShiftEnter	$0F1C00			Commands.pas	prototype to replace	none; terminal mapping pending	Pascal key catalogued.
key	kbCtrlAltSpace	$0C3900			Commands.pas	prototype to replace	none; terminal mapping pending	Pascal key catalogued.
key	kbCtrlAltShiftSpace	$0F3900			Commands.pas	prototype to replace	none; terminal mapping pending	Pascal key catalogued.
key	kbIns	$005200			Commands.pas	prototype to replace	none; terminal mapping pending	Pascal key catalogued.
key	kbShiftIns	$035200			Commands.pas	prototype to replace	none; terminal mapping pending	Pascal key catalogued.
key	kbCtrlIns	$049200			Commands.pas	prototype to replace	none; terminal mapping pending	Pascal key catalogued.
key	kbAltIns	$08A200			Commands.pas	prototype to replace	none; terminal mapping pending	Pascal key catalogued.
key	kbDel	$005300			Commands.pas	prototype to replace	none; terminal mapping pending	Pascal key catalogued.
key	kbShiftDel	$035300			Commands.pas	prototype to replace	none; terminal mapping pending	Pascal key catalogued.
key	kbCtrlDel	$049300			Commands.pas	prototype to replace	none; terminal mapping pending	Pascal key catalogued.
key	kbAltDel	$08A300			Commands.pas	prototype to replace	none; terminal mapping pending	Pascal key catalogued.
key	kbHome	$004700			Commands.pas	prototype to replace	none; terminal mapping pending	Pascal key catalogued.
key	kbShiftHome	$034700			Commands.pas	prototype to replace	none; terminal mapping pending	Pascal key catalogued.
key	kbCtrlHome	$047700			Commands.pas	prototype to replace	none; terminal mapping pending	Pascal key catalogued.
key	kbAltHome	$089700			Commands.pas	prototype to replace	none; terminal mapping pending	Pascal key catalogued.
key	kbEnd	$004F00			Commands.pas	prototype to replace	none; terminal mapping pending	Pascal key catalogued.
key	kbShiftEnd	$034F00			Commands.pas	prototype to replace	none; terminal mapping pending	Pascal key catalogued.
key	kbCtrlEnd	$047500			Commands.pas	prototype to replace	none; terminal mapping pending	Pascal key catalogued.
key	kbAltEnd	$089F00			Commands.pas	prototype to replace	none; terminal mapping pending	Pascal key catalogued.
key	kbPgUp	$004900			Commands.pas	prototype to replace	none; terminal mapping pending	Pascal key catalogued.
key	kbShiftPgUp	$034900			Commands.pas	prototype to replace	none; terminal mapping pending	Pascal key catalogued.
key	kbCtrlPgUp	$048400			Commands.pas	prototype to replace	none; terminal mapping pending	Pascal key catalogued.
key	kbAltPgUp	$089900			Commands.pas	prototype to replace	none; terminal mapping pending	Pascal key catalogued.
key	kbPgDn	$005100			Commands.pas	prototype to replace	none; terminal mapping pending	Pascal key catalogued.
key	kbShiftPgDn	$035100			Commands.pas	prototype to replace	none; terminal mapping pending	Pascal key catalogued.
key	kbCtrlPgDn	$047600			Commands.pas	prototype to replace	none; terminal mapping pending	Pascal key catalogued.
key	kbAltPgDn	$08A100			Commands.pas	prototype to replace	none; terminal mapping pending	Pascal key catalogued.
key	kbCtrlShiftIns	$079200			Commands.pas	prototype to replace	none; terminal mapping pending	Pascal key catalogued.
key	kbAltShiftIns	$0BA200			Commands.pas	prototype to replace	none; terminal mapping pending	Pascal key catalogued.
key	kbCtrlShiftDel	$079300			Commands.pas	prototype to replace	none; terminal mapping pending	Pascal key catalogued.
key	kbAltShiftDel	$0BA300			Commands.pas	prototype to replace	none; terminal mapping pending	Pascal key catalogued.
key	kbCtrlShiftHome	$077700			Commands.pas	prototype to replace	none; terminal mapping pending	Pascal key catalogued.
key	kbAltShiftHome	$0B9700			Commands.pas	prototype to replace	none; terminal mapping pending	Pascal key catalogued.
key	kbCtrlShiftEnd	$077500			Commands.pas	prototype to replace	none; terminal mapping pending	Pascal key catalogued.
key	kbAltShiftEnd	$0B9F00			Commands.pas	prototype to replace	none; terminal mapping pending	Pascal key catalogued.
key	kbCtrlShiftPgUp	$078400			Commands.pas	prototype to replace	none; terminal mapping pending	Pascal key catalogued.
key	kbAltShiftPgUp	$0B9900			Commands.pas	prototype to replace	none; terminal mapping pending	Pascal key catalogued.
key	kbCtrlShiftPgDn	$077600			Commands.pas	prototype to replace	none; terminal mapping pending	Pascal key catalogued.
key	kbAltShiftPgDn	$0BA100			Commands.pas	prototype to replace	none; terminal mapping pending	Pascal key catalogued.
key	kbCtrlAltIns	$0CA200			Commands.pas	prototype to replace	none; terminal mapping pending	Pascal key catalogued.
key	kbCtrlAltShiftIns	$0FA200			Commands.pas	prototype to replace	none; terminal mapping pending	Pascal key catalogued.
key	kbCtrlAltDel	$0CA300			Commands.pas	prototype to replace	none; terminal mapping pending	Pascal key catalogued.
key	kbCtrlAltShiftDel	$0FA300			Commands.pas	prototype to replace	none; terminal mapping pending	Pascal key catalogued.
key	kbCtrlAltHome	$0C9700			Commands.pas	prototype to replace	none; terminal mapping pending	Pascal key catalogued.
key	kbCtrlAltShiftHome	$0F9700			Commands.pas	prototype to replace	none; terminal mapping pending	Pascal key catalogued.
key	kbCtrlAltEnd	$0C9F00			Commands.pas	prototype to replace	none; terminal mapping pending	Pascal key catalogued.
key	kbCtrlAltShiftEnd	$0F9F00			Commands.pas	prototype to replace	none; terminal mapping pending	Pascal key catalogued.
key	kbCtrlAltPgUp	$0C9900			Commands.pas	prototype to replace	none; terminal mapping pending	Pascal key catalogued.
key	kbCtrlAltShiftPgUp	$0F9900			Commands.pas	prototype to replace	none; terminal mapping pending	Pascal key catalogued.
key	kbCtrlAltPgDn	$0CA100			Commands.pas	prototype to replace	none; terminal mapping pending	Pascal key catalogued.
key	kbCtrlAltShiftPgDn	$0FA100			Commands.pas	prototype to replace	none; terminal mapping pending	Pascal key catalogued.
key	kbLeft	$004B00			Commands.pas	prototype to replace	none; terminal mapping pending	Pascal key catalogued.
key	kbShiftLeft	$034B00			Commands.pas	prototype to replace	none; terminal mapping pending	Pascal key catalogued.
key	kbCtrlLeft	$047300			Commands.pas	prototype to replace	none; terminal mapping pending	Pascal key catalogued.
key	kbAltLeft	$089B00			Commands.pas	prototype to replace	none; terminal mapping pending	Pascal key catalogued.
key	kbRight	$004D00			Commands.pas	prototype to replace	none; terminal mapping pending	Pascal key catalogued.
key	kbShiftRight	$034D00			Commands.pas	prototype to replace	none; terminal mapping pending	Pascal key catalogued.
key	kbCtrlRight	$047400			Commands.pas	prototype to replace	none; terminal mapping pending	Pascal key catalogued.
key	kbAltRight	$089D00			Commands.pas	prototype to replace	none; terminal mapping pending	Pascal key catalogued.
key	kbUp	$004800			Commands.pas	prototype to replace	none; terminal mapping pending	Pascal key catalogued.
key	kbShiftUp	$034800			Commands.pas	prototype to replace	none; terminal mapping pending	Pascal key catalogued.
key	kbCtrlUp	$048D00			Commands.pas	prototype to replace	none; terminal mapping pending	Pascal key catalogued.
key	kbAltUp	$089800			Commands.pas	prototype to replace	none; terminal mapping pending	Pascal key catalogued.
key	kbDown	$005000			Commands.pas	prototype to replace	none; terminal mapping pending	Pascal key catalogued.
key	kbShiftDown	$035000			Commands.pas	prototype to replace	none; terminal mapping pending	Pascal key catalogued.
key	kbCtrlDown	$049100			Commands.pas	prototype to replace	none; terminal mapping pending	Pascal key catalogued.
key	kbAltDown	$08A000			Commands.pas	prototype to replace	none; terminal mapping pending	Pascal key catalogued.
key	kbCtrlShiftLeft	$077300			Commands.pas	prototype to replace	none; terminal mapping pending	Pascal key catalogued.
key	kbAltShiftLeft	$0B9B00			Commands.pas	prototype to replace	none; terminal mapping pending	Pascal key catalogued.
key	kbCtrlShiftRight	$077400			Commands.pas	prototype to replace	none; terminal mapping pending	Pascal key catalogued.
key	kbAltShiftRight	$0B9D00			Commands.pas	prototype to replace	none; terminal mapping pending	Pascal key catalogued.
key	kbCtrlShiftUp	$078D00			Commands.pas	prototype to replace	none; terminal mapping pending	Pascal key catalogued.
key	kbAltShiftUp	$0B9800			Commands.pas	prototype to replace	none; terminal mapping pending	Pascal key catalogued.
key	kbCtrlShiftDown	$079100			Commands.pas	prototype to replace	none; terminal mapping pending	Pascal key catalogued.
key	kbAltShiftDown	$0BA000			Commands.pas	prototype to replace	none; terminal mapping pending	Pascal key catalogued.
key	kbCtrlAltLeft	$0C9B00			Commands.pas	prototype to replace	none; terminal mapping pending	Pascal key catalogued.
key	kbCtrlAltShiftLeft	$0F9B00			Commands.pas	prototype to replace	none; terminal mapping pending	Pascal key catalogued.
key	kbCtrlAltRight	$0C9D00			Commands.pas	prototype to replace	none; terminal mapping pending	Pascal key catalogued.
key	kbCtrlAltShiftRight	$0F9D00			Commands.pas	prototype to replace	none; terminal mapping pending	Pascal key catalogued.
key	kbCtrlAltUp	$0C9800			Commands.pas	prototype to replace	none; terminal mapping pending	Pascal key catalogued.
key	kbCtrlAltShiftUp	$0F9800			Commands.pas	prototype to replace	none; terminal mapping pending	Pascal key catalogued.
key	kbCtrlAltDown	$0CA000			Commands.pas	prototype to replace	none; terminal mapping pending	Pascal key catalogued.
key	kbCtrlAltShiftDown	$0FA000			Commands.pas	prototype to replace	none; terminal mapping pending	Pascal key catalogued.
key	kb2	$000332			Commands.pas	prototype to replace	none; terminal mapping pending	Pascal key catalogued.
key	kbCtrl1	$040200			Commands.pas	prototype to replace	none; terminal mapping pending	Pascal key catalogued.
key	kbAlt1	$087800			Commands.pas	prototype to replace	none; terminal mapping pending	Pascal key catalogued.
key	kbCtrl2	$040300			Commands.pas	prototype to replace	none; terminal mapping pending	Pascal key catalogued.
key	kbAlt2	$087900			Commands.pas	prototype to replace	none; terminal mapping pending	Pascal key catalogued.
key	kbCtrl3	$040400			Commands.pas	prototype to replace	none; terminal mapping pending	Pascal key catalogued.
key	kbAlt3	$087A00			Commands.pas	prototype to replace	none; terminal mapping pending	Pascal key catalogued.
key	kbCtrl4	$040500			Commands.pas	prototype to replace	none; terminal mapping pending	Pascal key catalogued.
key	kbAlt4	$087B00			Commands.pas	prototype to replace	none; terminal mapping pending	Pascal key catalogued.
key	kbCtrl5	$040600			Commands.pas	prototype to replace	none; terminal mapping pending	Pascal key catalogued.
key	kbAlt5	$087C00			Commands.pas	prototype to replace	none; terminal mapping pending	Pascal key catalogued.
key	kbCtrl6	$040700			Commands.pas	prototype to replace	none; terminal mapping pending	Pascal key catalogued.
key	kbAlt6	$087D00			Commands.pas	prototype to replace	none; terminal mapping pending	Pascal key catalogued.
key	kbCtrl7	$040800			Commands.pas	prototype to replace	none; terminal mapping pending	Pascal key catalogued.
key	kbAlt7	$087E00			Commands.pas	prototype to replace	none; terminal mapping pending	Pascal key catalogued.
key	kbCtrl8	$040900			Commands.pas	prototype to replace	none; terminal mapping pending	Pascal key catalogued.
key	kbAlt8	$087F00			Commands.pas	prototype to replace	none; terminal mapping pending	Pascal key catalogued.
key	kbCtrl9	$040A00			Commands.pas	prototype to replace	none; terminal mapping pending	Pascal key catalogued.
key	kbAlt9	$088000			Commands.pas	prototype to replace	none; terminal mapping pending	Pascal key catalogued.
key	kbCtrl0	$040B00			Commands.pas	prototype to replace	none; terminal mapping pending	Pascal key catalogued.
key	kbAlt0	$088100			Commands.pas	prototype to replace	none; terminal mapping pending	Pascal key catalogued.
key	kbCtrlEqual	$040D00			Commands.pas	prototype to replace	none; terminal mapping pending	Pascal key catalogued.
key	kbCtrlQ	$041011			Commands.pas	prototype to replace	none; terminal mapping pending	Pascal key catalogued.
key	kbAltQ	$081000			Commands.pas	prototype to replace	none; terminal mapping pending	Pascal key catalogued.
key	kbCtrlW	$041117			Commands.pas	prototype to replace	none; terminal mapping pending	Pascal key catalogued.
key	kbAltW	$081100			Commands.pas	prototype to replace	none; terminal mapping pending	Pascal key catalogued.
key	kbCtrlE	$041205			Commands.pas	prototype to replace	none; terminal mapping pending	Pascal key catalogued.
key	kbAltE	$081200			Commands.pas	prototype to replace	none; terminal mapping pending	Pascal key catalogued.
key	kbCtrlR	$041312			Commands.pas	prototype to replace	none; terminal mapping pending	Pascal key catalogued.
key	kbAltR	$081300			Commands.pas	prototype to replace	none; terminal mapping pending	Pascal key catalogued.
key	kbCtrlT	$041414			Commands.pas	prototype to replace	none; terminal mapping pending	Pascal key catalogued.
key	kbAltT	$081400			Commands.pas	prototype to replace	none; terminal mapping pending	Pascal key catalogued.
key	kbCtrlY	$041519			Commands.pas	prototype to replace	none; terminal mapping pending	Pascal key catalogued.
key	kbAltY	$081500			Commands.pas	prototype to replace	none; terminal mapping pending	Pascal key catalogued.
key	kbCtrlU	$041615			Commands.pas	prototype to replace	none; terminal mapping pending	Pascal key catalogued.
key	kbAltU	$081600			Commands.pas	prototype to replace	none; terminal mapping pending	Pascal key catalogued.
key	kbCtrlI	$041709			Commands.pas	prototype to replace	none; terminal mapping pending	Pascal key catalogued.
key	kbAltI	$081700			Commands.pas	prototype to replace	none; terminal mapping pending	Pascal key catalogued.
key	kbCtrlO	$04180F			Commands.pas	prototype to replace	none; terminal mapping pending	Pascal key catalogued.
key	kbAltO	$081800			Commands.pas	prototype to replace	none; terminal mapping pending	Pascal key catalogued.
key	kbCtrlP	$041910			Commands.pas	prototype to replace	none; terminal mapping pending	Pascal key catalogued.
key	kbAltP	$081900			Commands.pas	prototype to replace	none; terminal mapping pending	Pascal key catalogued.
key	kbCtrlA	$041E01			Commands.pas	prototype to replace	none; terminal mapping pending	Pascal key catalogued.
key	kbAltA	$081E00			Commands.pas	prototype to replace	none; terminal mapping pending	Pascal key catalogued.
key	kbCtrlS	$041F13			Commands.pas	prototype to replace	none; terminal mapping pending	Pascal key catalogued.
key	kbAltS	$081F00			Commands.pas	prototype to replace	none; terminal mapping pending	Pascal key catalogued.
key	kbCtrlD	$042004			Commands.pas	prototype to replace	none; terminal mapping pending	Pascal key catalogued.
key	kbAltD	$082000			Commands.pas	prototype to replace	none; terminal mapping pending	Pascal key catalogued.
key	kbCtrlF	$042106			Commands.pas	prototype to replace	none; terminal mapping pending	Pascal key catalogued.
key	kbAltF	$082100			Commands.pas	prototype to replace	none; terminal mapping pending	Pascal key catalogued.
key	kbCtrlG	$042207			Commands.pas	prototype to replace	none; terminal mapping pending	Pascal key catalogued.
key	kbAltG	$082200			Commands.pas	prototype to replace	none; terminal mapping pending	Pascal key catalogued.
key	kbCtrlH	$042308			Commands.pas	prototype to replace	none; terminal mapping pending	Pascal key catalogued.
key	kbAltH	$082300			Commands.pas	prototype to replace	none; terminal mapping pending	Pascal key catalogued.
key	kbCtrlJ	$04240A			Commands.pas	prototype to replace	none; terminal mapping pending	Pascal key catalogued.
key	kbAltJ	$082400			Commands.pas	prototype to replace	none; terminal mapping pending	Pascal key catalogued.
key	kbCtrlK	$04250B			Commands.pas	prototype to replace	none; terminal mapping pending	Pascal key catalogued.
key	kbAltK	$082500			Commands.pas	prototype to replace	none; terminal mapping pending	Pascal key catalogued.
key	kbCtrlL	$04260C			Commands.pas	prototype to replace	none; terminal mapping pending	Pascal key catalogued.
key	kbAltL	$082600			Commands.pas	prototype to replace	none; terminal mapping pending	Pascal key catalogued.
key	kbCtrlZ	$042C1A			Commands.pas	prototype to replace	none; terminal mapping pending	Pascal key catalogued.
key	kbAltZ	$082C00			Commands.pas	prototype to replace	none; terminal mapping pending	Pascal key catalogued.
key	kbCtrlX	$042D18			Commands.pas	prototype to replace	none; terminal mapping pending	Pascal key catalogued.
key	kbAltX	$082D00			Commands.pas	prototype to replace	none; terminal mapping pending	Pascal key catalogued.
key	kbCtrlC	$042E03			Commands.pas	prototype to replace	none; terminal mapping pending	Pascal key catalogued.
key	kbAltC	$082E00			Commands.pas	prototype to replace	none; terminal mapping pending	Pascal key catalogued.
key	kbCtrlV	$042F16			Commands.pas	prototype to replace	none; terminal mapping pending	Pascal key catalogued.
key	kbAltV	$082F00			Commands.pas	prototype to replace	none; terminal mapping pending	Pascal key catalogued.
key	kbCtrlB	$043002			Commands.pas	prototype to replace	none; terminal mapping pending	Pascal key catalogued.
key	kbAltB	$083000			Commands.pas	prototype to replace	none; terminal mapping pending	Pascal key catalogued.
key	kbCtrlN	$04310E			Commands.pas	prototype to replace	none; terminal mapping pending	Pascal key catalogued.
key	kbAltN	$083100			Commands.pas	prototype to replace	none; terminal mapping pending	Pascal key catalogued.
key	kbCtrlM	$04320D			Commands.pas	prototype to replace	none; terminal mapping pending	Pascal key catalogued.
key	kbAltM	$083200			Commands.pas	prototype to replace	none; terminal mapping pending	Pascal key catalogued.
key	kbCtrlShift1	$070200			Commands.pas	prototype to replace	none; terminal mapping pending	Pascal key catalogued.
key	kbAltShift1	$0B7800			Commands.pas	prototype to replace	none; terminal mapping pending	Pascal key catalogued.
key	kbCtrlAlt1	$0C7800			Commands.pas	prototype to replace	none; terminal mapping pending	Pascal key catalogued.
key	kbCtrlAltShift1	$0F7800			Commands.pas	prototype to replace	none; terminal mapping pending	Pascal key catalogued.
key	kbCtrlShift2	$070300			Commands.pas	prototype to replace	none; terminal mapping pending	Pascal key catalogued.
key	kbAltShift2	$0B7900			Commands.pas	prototype to replace	none; terminal mapping pending	Pascal key catalogued.
key	kbCtrlAlt2	$0C7900			Commands.pas	prototype to replace	none; terminal mapping pending	Pascal key catalogued.
key	kbCtrlAltShift2	$0F7900			Commands.pas	prototype to replace	none; terminal mapping pending	Pascal key catalogued.
key	kbCtrlShift3	$070400			Commands.pas	prototype to replace	none; terminal mapping pending	Pascal key catalogued.
key	kbAltShift3	$0B7A00			Commands.pas	prototype to replace	none; terminal mapping pending	Pascal key catalogued.
key	kbCtrlAlt3	$0C7A00			Commands.pas	prototype to replace	none; terminal mapping pending	Pascal key catalogued.
key	kbCtrlAltShift3	$0F7A00			Commands.pas	prototype to replace	none; terminal mapping pending	Pascal key catalogued.
key	kbCtrlShift4	$070500			Commands.pas	prototype to replace	none; terminal mapping pending	Pascal key catalogued.
key	kbAltShift4	$0B7B00			Commands.pas	prototype to replace	none; terminal mapping pending	Pascal key catalogued.
key	kbCtrlAlt4	$0C7B00			Commands.pas	prototype to replace	none; terminal mapping pending	Pascal key catalogued.
key	kbCtrlAltShift4	$0F7B00			Commands.pas	prototype to replace	none; terminal mapping pending	Pascal key catalogued.
key	kbCtrlShift5	$070600			Commands.pas	prototype to replace	none; terminal mapping pending	Pascal key catalogued.
key	kbAltShift5	$0B7C00			Commands.pas	prototype to replace	none; terminal mapping pending	Pascal key catalogued.
key	kbCtrlAlt5	$0C7C00			Commands.pas	prototype to replace	none; terminal mapping pending	Pascal key catalogued.
key	kbCtrlAltShift5	$0F7C00			Commands.pas	prototype to replace	none; terminal mapping pending	Pascal key catalogued.
key	kbCtrlShift6	$070700			Commands.pas	prototype to replace	none; terminal mapping pending	Pascal key catalogued.
key	kbAltShift6	$0B7D00			Commands.pas	prototype to replace	none; terminal mapping pending	Pascal key catalogued.
key	kbCtrlAlt6	$0C7D00			Commands.pas	prototype to replace	none; terminal mapping pending	Pascal key catalogued.
key	kbCtrlAltShift6	$0F7D00			Commands.pas	prototype to replace	none; terminal mapping pending	Pascal key catalogued.
key	kbCtrlShift7	$070800			Commands.pas	prototype to replace	none; terminal mapping pending	Pascal key catalogued.
key	kbAltShift7	$0B7E00			Commands.pas	prototype to replace	none; terminal mapping pending	Pascal key catalogued.
key	kbCtrlAlt7	$0C7E00			Commands.pas	prototype to replace	none; terminal mapping pending	Pascal key catalogued.
key	kbCtrlAltShift7	$0F7E00			Commands.pas	prototype to replace	none; terminal mapping pending	Pascal key catalogued.
key	kbCtrlShift8	$070900			Commands.pas	prototype to replace	none; terminal mapping pending	Pascal key catalogued.
key	kbAltShift8	$0B7F00			Commands.pas	prototype to replace	none; terminal mapping pending	Pascal key catalogued.
key	kbCtrlAlt8	$0C7F00			Commands.pas	prototype to replace	none; terminal mapping pending	Pascal key catalogued.
key	kbCtrlAltShift8	$0F7F00			Commands.pas	prototype to replace	none; terminal mapping pending	Pascal key catalogued.
key	kbCtrlShift9	$070A00			Commands.pas	prototype to replace	none; terminal mapping pending	Pascal key catalogued.
key	kbAltShift9	$0B8000			Commands.pas	prototype to replace	none; terminal mapping pending	Pascal key catalogued.
key	kbCtrlAlt9	$0C8000			Commands.pas	prototype to replace	none; terminal mapping pending	Pascal key catalogued.
key	kbCtrlAltShift9	$0F8000			Commands.pas	prototype to replace	none; terminal mapping pending	Pascal key catalogued.
key	kbCtrlShift0	$070B00			Commands.pas	prototype to replace	none; terminal mapping pending	Pascal key catalogued.
key	kbAltShift0	$0B8100			Commands.pas	prototype to replace	none; terminal mapping pending	Pascal key catalogued.
key	kbCtrlAlt0	$0C8100			Commands.pas	prototype to replace	none; terminal mapping pending	Pascal key catalogued.
key	kbCtrlAltShift0	$0F8100			Commands.pas	prototype to replace	none; terminal mapping pending	Pascal key catalogued.
key	kbCtrlShiftQ	$071000			Commands.pas	prototype to replace	none; terminal mapping pending	Pascal key catalogued.
key	kbAltShiftQ	$0B1000			Commands.pas	prototype to replace	none; terminal mapping pending	Pascal key catalogued.
key	kbCtrlAltQ	$0C1000			Commands.pas	prototype to replace	none; terminal mapping pending	Pascal key catalogued.
key	kbCtrlAltShiftQ	$0F1000			Commands.pas	prototype to replace	none; terminal mapping pending	Pascal key catalogued.
key	kbCtrlShiftW	$071100			Commands.pas	prototype to replace	none; terminal mapping pending	Pascal key catalogued.
key	kbAltShiftW	$0B1100			Commands.pas	prototype to replace	none; terminal mapping pending	Pascal key catalogued.
key	kbCtrlAltW	$0C1100			Commands.pas	prototype to replace	none; terminal mapping pending	Pascal key catalogued.
key	kbCtrlAltShiftW	$0F1100			Commands.pas	prototype to replace	none; terminal mapping pending	Pascal key catalogued.
key	kbCtrlShiftE	$071200			Commands.pas	prototype to replace	none; terminal mapping pending	Pascal key catalogued.
key	kbAltShiftE	$0B1200			Commands.pas	prototype to replace	none; terminal mapping pending	Pascal key catalogued.
key	kbCtrlAltE	$0C1200			Commands.pas	prototype to replace	none; terminal mapping pending	Pascal key catalogued.
key	kbCtrlAltShiftE	$0F1200			Commands.pas	prototype to replace	none; terminal mapping pending	Pascal key catalogued.
key	kbCtrlShiftR	$071300			Commands.pas	prototype to replace	none; terminal mapping pending	Pascal key catalogued.
key	kbAltShiftR	$0B1300			Commands.pas	prototype to replace	none; terminal mapping pending	Pascal key catalogued.
key	kbCtrlAltR	$0C1300			Commands.pas	prototype to replace	none; terminal mapping pending	Pascal key catalogued.
key	kbCtrlAltShiftR	$0F1300			Commands.pas	prototype to replace	none; terminal mapping pending	Pascal key catalogued.
key	kbCtrlShiftT	$071400			Commands.pas	prototype to replace	none; terminal mapping pending	Pascal key catalogued.
key	kbAltShiftT	$0B1400			Commands.pas	prototype to replace	none; terminal mapping pending	Pascal key catalogued.
key	kbCtrlAltT	$0C1400			Commands.pas	prototype to replace	none; terminal mapping pending	Pascal key catalogued.
key	kbCtrlAltShiftT	$0F1400			Commands.pas	prototype to replace	none; terminal mapping pending	Pascal key catalogued.
key	kbCtrlShiftY	$071500			Commands.pas	prototype to replace	none; terminal mapping pending	Pascal key catalogued.
key	kbAltShiftY	$0B1500			Commands.pas	prototype to replace	none; terminal mapping pending	Pascal key catalogued.
key	kbCtrlAltY	$0C1500			Commands.pas	prototype to replace	none; terminal mapping pending	Pascal key catalogued.
key	kbCtrlAltShiftY	$0F1500			Commands.pas	prototype to replace	none; terminal mapping pending	Pascal key catalogued.
key	kbCtrlShiftU	$071600			Commands.pas	prototype to replace	none; terminal mapping pending	Pascal key catalogued.
key	kbAltShiftU	$0B1600			Commands.pas	prototype to replace	none; terminal mapping pending	Pascal key catalogued.
key	kbCtrlAltU	$0C1600			Commands.pas	prototype to replace	none; terminal mapping pending	Pascal key catalogued.
key	kbCtrlAltShiftU	$0F1600			Commands.pas	prototype to replace	none; terminal mapping pending	Pascal key catalogued.
key	kbCtrlShiftI	$071700			Commands.pas	prototype to replace	none; terminal mapping pending	Pascal key catalogued.
key	kbAltShiftI	$0B1700			Commands.pas	prototype to replace	none; terminal mapping pending	Pascal key catalogued.
key	kbCtrlAltI	$0C1700			Commands.pas	prototype to replace	none; terminal mapping pending	Pascal key catalogued.
key	kbCtrlAltShiftI	$0F1700			Commands.pas	prototype to replace	none; terminal mapping pending	Pascal key catalogued.
key	kbCtrlShiftO	$071800			Commands.pas	prototype to replace	none; terminal mapping pending	Pascal key catalogued.
key	kbAltShiftO	$0B1800			Commands.pas	prototype to replace	none; terminal mapping pending	Pascal key catalogued.
key	kbCtrlAltO	$0C1800			Commands.pas	prototype to replace	none; terminal mapping pending	Pascal key catalogued.
key	kbCtrlAltShiftO	$0F1800			Commands.pas	prototype to replace	none; terminal mapping pending	Pascal key catalogued.
key	kbCtrlShiftP	$071900			Commands.pas	prototype to replace	none; terminal mapping pending	Pascal key catalogued.
key	kbAltShiftP	$0B1900			Commands.pas	prototype to replace	none; terminal mapping pending	Pascal key catalogued.
key	kbCtrlAltP	$0C1900			Commands.pas	prototype to replace	none; terminal mapping pending	Pascal key catalogued.
key	kbCtrlAltShiftP	$0F1900			Commands.pas	prototype to replace	none; terminal mapping pending	Pascal key catalogued.
key	kbCtrlShiftA	$071E00			Commands.pas	prototype to replace	none; terminal mapping pending	Pascal key catalogued.
key	kbAltShiftA	$0B1E00			Commands.pas	prototype to replace	none; terminal mapping pending	Pascal key catalogued.
key	kbCtrlAltA	$0C1E00			Commands.pas	prototype to replace	none; terminal mapping pending	Pascal key catalogued.
key	kbCtrlAltShiftA	$0F1E00			Commands.pas	prototype to replace	none; terminal mapping pending	Pascal key catalogued.
key	kbCtrlShiftS	$071F00			Commands.pas	prototype to replace	none; terminal mapping pending	Pascal key catalogued.
key	kbAltShiftS	$0B1F00			Commands.pas	prototype to replace	none; terminal mapping pending	Pascal key catalogued.
key	kbCtrlAltS	$0C1F00			Commands.pas	prototype to replace	none; terminal mapping pending	Pascal key catalogued.
key	kbCtrlAltShiftS	$0F1F00			Commands.pas	prototype to replace	none; terminal mapping pending	Pascal key catalogued.
key	kbCtrlShiftD	$072000			Commands.pas	prototype to replace	none; terminal mapping pending	Pascal key catalogued.
key	kbAltShiftD	$0B2000			Commands.pas	prototype to replace	none; terminal mapping pending	Pascal key catalogued.
key	kbCtrlAltD	$0C2000			Commands.pas	prototype to replace	none; terminal mapping pending	Pascal key catalogued.
key	kbCtrlAltShiftD	$0F2000			Commands.pas	prototype to replace	none; terminal mapping pending	Pascal key catalogued.
key	kbCtrlShiftF	$072100			Commands.pas	prototype to replace	none; terminal mapping pending	Pascal key catalogued.
key	kbAltShiftF	$0B2100			Commands.pas	prototype to replace	none; terminal mapping pending	Pascal key catalogued.
key	kbCtrlAltF	$0C2100			Commands.pas	prototype to replace	none; terminal mapping pending	Pascal key catalogued.
key	kbCtrlAltShiftF	$0F2100			Commands.pas	prototype to replace	none; terminal mapping pending	Pascal key catalogued.
key	kbCtrlShiftG	$072200			Commands.pas	prototype to replace	none; terminal mapping pending	Pascal key catalogued.
key	kbAltShiftG	$0B2200			Commands.pas	prototype to replace	none; terminal mapping pending	Pascal key catalogued.
key	kbCtrlAltG	$0C2200			Commands.pas	prototype to replace	none; terminal mapping pending	Pascal key catalogued.
key	kbCtrlAltShiftG	$0F2200			Commands.pas	prototype to replace	none; terminal mapping pending	Pascal key catalogued.
key	kbCtrlShiftH	$072300			Commands.pas	prototype to replace	none; terminal mapping pending	Pascal key catalogued.
key	kbAltShiftH	$0B2300			Commands.pas	prototype to replace	none; terminal mapping pending	Pascal key catalogued.
key	kbCtrlAltH	$0C2300			Commands.pas	prototype to replace	none; terminal mapping pending	Pascal key catalogued.
key	kbCtrlAltShiftH	$0F2300			Commands.pas	prototype to replace	none; terminal mapping pending	Pascal key catalogued.
key	kbCtrlShiftJ	$072400			Commands.pas	prototype to replace	none; terminal mapping pending	Pascal key catalogued.
key	kbAltShiftJ	$0B2400			Commands.pas	prototype to replace	none; terminal mapping pending	Pascal key catalogued.
key	kbCtrlAltJ	$0C2400			Commands.pas	prototype to replace	none; terminal mapping pending	Pascal key catalogued.
key	kbCtrlAltShiftJ	$0F2400			Commands.pas	prototype to replace	none; terminal mapping pending	Pascal key catalogued.
key	kbCtrlShiftK	$072500			Commands.pas	prototype to replace	none; terminal mapping pending	Pascal key catalogued.
key	kbAltShiftK	$0B2500			Commands.pas	prototype to replace	none; terminal mapping pending	Pascal key catalogued.
key	kbCtrlAltK	$0C2500			Commands.pas	prototype to replace	none; terminal mapping pending	Pascal key catalogued.
key	kbCtrlAltShiftK	$0F2500			Commands.pas	prototype to replace	none; terminal mapping pending	Pascal key catalogued.
key	kbCtrlShiftL	$072600			Commands.pas	prototype to replace	none; terminal mapping pending	Pascal key catalogued.
key	kbAltShiftL	$0B2600			Commands.pas	prototype to replace	none; terminal mapping pending	Pascal key catalogued.
key	kbCtrlAltL	$0C2600			Commands.pas	prototype to replace	none; terminal mapping pending	Pascal key catalogued.
key	kbCtrlAltShiftL	$0F2600			Commands.pas	prototype to replace	none; terminal mapping pending	Pascal key catalogued.
key	kbCtrlShiftZ	$072C00			Commands.pas	prototype to replace	none; terminal mapping pending	Pascal key catalogued.
key	kbAltShiftZ	$0B2C00			Commands.pas	prototype to replace	none; terminal mapping pending	Pascal key catalogued.
key	kbCtrlAltZ	$0C2C00			Commands.pas	prototype to replace	none; terminal mapping pending	Pascal key catalogued.
key	kbCtrlAltShiftZ	$0F2C00			Commands.pas	prototype to replace	none; terminal mapping pending	Pascal key catalogued.
key	kbCtrlShiftX	$072D00			Commands.pas	prototype to replace	none; terminal mapping pending	Pascal key catalogued.
key	kbAltShiftX	$0B2D00			Commands.pas	prototype to replace	none; terminal mapping pending	Pascal key catalogued.
key	kbCtrlAltX	$0C2D00			Commands.pas	prototype to replace	none; terminal mapping pending	Pascal key catalogued.
key	kbCtrlAltShiftX	$0F2D00			Commands.pas	prototype to replace	none; terminal mapping pending	Pascal key catalogued.
key	kbCtrlShiftC	$072E00			Commands.pas	prototype to replace	none; terminal mapping pending	Pascal key catalogued.
key	kbAltShiftC	$0B2E00			Commands.pas	prototype to replace	none; terminal mapping pending	Pascal key catalogued.
key	kbCtrlAltC	$0C2E00			Commands.pas	prototype to replace	none; terminal mapping pending	Pascal key catalogued.
key	kbCtrlAltShiftC	$0F2E00			Commands.pas	prototype to replace	none; terminal mapping pending	Pascal key catalogued.
key	kbCtrlShiftV	$072F00			Commands.pas	prototype to replace	none; terminal mapping pending	Pascal key catalogued.
key	kbAltShiftV	$0B2F00			Commands.pas	prototype to replace	none; terminal mapping pending	Pascal key catalogued.
key	kbCtrlAltV	$0C2F00			Commands.pas	prototype to replace	none; terminal mapping pending	Pascal key catalogued.
key	kbCtrlAltShiftV	$0F2F00			Commands.pas	prototype to replace	none; terminal mapping pending	Pascal key catalogued.
key	kbCtrlShiftB	$073000			Commands.pas	prototype to replace	none; terminal mapping pending	Pascal key catalogued.
key	kbAltShiftB	$0B3000			Commands.pas	prototype to replace	none; terminal mapping pending	Pascal key catalogued.
key	kbCtrlAltB	$0C3000			Commands.pas	prototype to replace	none; terminal mapping pending	Pascal key catalogued.
key	kbCtrlAltShiftB	$0F3000			Commands.pas	prototype to replace	none; terminal mapping pending	Pascal key catalogued.
key	kbCtrlShiftN	$073100			Commands.pas	prototype to replace	none; terminal mapping pending	Pascal key catalogued.
key	kbAltShiftN	$0B3100			Commands.pas	prototype to replace	none; terminal mapping pending	Pascal key catalogued.
key	kbCtrlAltN	$0C3100			Commands.pas	prototype to replace	none; terminal mapping pending	Pascal key catalogued.
key	kbCtrlAltShiftN	$0F3100			Commands.pas	prototype to replace	none; terminal mapping pending	Pascal key catalogued.
key	kbCtrlShiftM	$073200			Commands.pas	prototype to replace	none; terminal mapping pending	Pascal key catalogued.
key	kbAltShiftM	$0B3200			Commands.pas	prototype to replace	none; terminal mapping pending	Pascal key catalogued.
key	kbCtrlAltM	$0C3200			Commands.pas	prototype to replace	none; terminal mapping pending	Pascal key catalogued.
key	kbCtrlAltShiftM	$0F3200			Commands.pas	prototype to replace	none; terminal mapping pending	Pascal key catalogued.
key	kbAltMinus	$088200			Commands.pas	prototype to replace	none; terminal mapping pending	Pascal key catalogued.
key	kbAltShiftMinus	$0B8200			Commands.pas	prototype to replace	none; terminal mapping pending	Pascal key catalogued.
key	kbAltPlus	$088300			Commands.pas	prototype to replace	none; terminal mapping pending	Pascal key catalogued.
key	kbAltShiftPlus	$0B8300			Commands.pas	prototype to replace	none; terminal mapping pending	Pascal key catalogued.
key	kbAltBSlash	$082B00			Commands.pas	prototype to replace	none; terminal mapping pending	Pascal key catalogued.
key	kbAltShiftBSlash	$0B2B00			Commands.pas	prototype to replace	none; terminal mapping pending	Pascal key catalogued.
key	kbAltSqBracketL	$081A00			Commands.pas	prototype to replace	none; terminal mapping pending	Pascal key catalogued.
key	kbAltShiftSqBracketL	$0B1A00			Commands.pas	prototype to replace	none; terminal mapping pending	Pascal key catalogued.
key	kbAltSqBracketR	$081B00			Commands.pas	prototype to replace	none; terminal mapping pending	Pascal key catalogued.
key	kbAltShiftSqBracketR	$0B1B00			Commands.pas	prototype to replace	none; terminal mapping pending	Pascal key catalogued.
key	kbAltSemicolon	$082700			Commands.pas	prototype to replace	none; terminal mapping pending	Pascal key catalogued.
key	kbAltShiftSemicolon	$0B2700			Commands.pas	prototype to replace	none; terminal mapping pending	Pascal key catalogued.
key	kbAltQuote	$082800			Commands.pas	prototype to replace	none; terminal mapping pending	Pascal key catalogued.
key	kbAltShiftQuote	$0B2800			Commands.pas	prototype to replace	none; terminal mapping pending	Pascal key catalogued.
key	kbAltLess	$083300			Commands.pas	prototype to replace	none; terminal mapping pending	Pascal key catalogued.
key	kbAltShiftLess	$0B3300			Commands.pas	prototype to replace	none; terminal mapping pending	Pascal key catalogued.
key	kbAltMore	$083400			Commands.pas	prototype to replace	none; terminal mapping pending	Pascal key catalogued.
key	kbAltShiftMore	$0B3400			Commands.pas	prototype to replace	none; terminal mapping pending	Pascal key catalogued.
key	kbAltSlash	$083500			Commands.pas	prototype to replace	none; terminal mapping pending	Pascal key catalogued.
key	kbAltShiftSlash	$0B3500			Commands.pas	prototype to replace	none; terminal mapping pending	Pascal key catalogued.
key	kbCtrlAltMinus	$0C8200			Commands.pas	prototype to replace	none; terminal mapping pending	Pascal key catalogued.
key	kbCtrlAltShiftMinus	$0F8200			Commands.pas	prototype to replace	none; terminal mapping pending	Pascal key catalogued.
key	kbCtrlAltPlus	$0C8300			Commands.pas	prototype to replace	none; terminal mapping pending	Pascal key catalogued.
key	kbCtrlAltShiftPlus	$0F8300			Commands.pas	prototype to replace	none; terminal mapping pending	Pascal key catalogued.
key	kbCtrlAltBSlash	$0C2B00			Commands.pas	prototype to replace	none; terminal mapping pending	Pascal key catalogued.
key	kbCtrlAltShiftBSlash	$0F2B00			Commands.pas	prototype to replace	none; terminal mapping pending	Pascal key catalogued.
key	kbCtrlAltSqBracketL	$0C1A00			Commands.pas	prototype to replace	none; terminal mapping pending	Pascal key catalogued.
key	kbCtrlAltShiftSqBracketL	$0F1A00			Commands.pas	prototype to replace	none; terminal mapping pending	Pascal key catalogued.
key	kbCtrlAltSqBracketR	$0C1B00			Commands.pas	prototype to replace	none; terminal mapping pending	Pascal key catalogued.
key	kbCtrlAltShiftSqBracketR	$0F1B00			Commands.pas	prototype to replace	none; terminal mapping pending	Pascal key catalogued.
key	kbCtrlAltSemicolon	$0C2700			Commands.pas	prototype to replace	none; terminal mapping pending	Pascal key catalogued.
key	kbCtrlAltShiftSemicolon	$0F2700			Commands.pas	prototype to replace	none; terminal mapping pending	Pascal key catalogued.
key	kbCtrlAltQuote	$0C2800			Commands.pas	prototype to replace	none; terminal mapping pending	Pascal key catalogued.
key	kbCtrlAltShiftQuote	$0F2800			Commands.pas	prototype to replace	none; terminal mapping pending	Pascal key catalogued.
key	kbCtrlAltLess	$0C3300			Commands.pas	prototype to replace	none; terminal mapping pending	Pascal key catalogued.
key	kbCtrlAltShiftLess	$0F3300			Commands.pas	prototype to replace	none; terminal mapping pending	Pascal key catalogued.
key	kbCtrlAltMore	$0C3400			Commands.pas	prototype to replace	none; terminal mapping pending	Pascal key catalogued.
key	kbCtrlAltShiftMore	$0F3400			Commands.pas	prototype to replace	none; terminal mapping pending	Pascal key catalogued.
key	kbCtrlAltSlash	$0C3500			Commands.pas	prototype to replace	none; terminal mapping pending	Pascal key catalogued.
key	kbCtrlAltShiftSlash	$0F3500			Commands.pas	prototype to replace	none; terminal mapping pending	Pascal key catalogued.
key	kbCtrlMinus	$040C00			Commands.pas	prototype to replace	none; terminal mapping pending	Pascal key catalogued.
key	kbCtrlBSlash	$042B00			Commands.pas	prototype to replace	none; terminal mapping pending	Pascal key catalogued.
key	kbCtrlShiftBSlash	$072B00			Commands.pas	prototype to replace	none; terminal mapping pending	Pascal key catalogued.
key	kbCtrlSqBracketL	$041A00			Commands.pas	prototype to replace	none; terminal mapping pending	Pascal key catalogued.
key	kbCtrlShiftSqBracketL	$071A00			Commands.pas	prototype to replace	none; terminal mapping pending	Pascal key catalogued.
key	kbCtrlSqBracketR	$041B00			Commands.pas	prototype to replace	none; terminal mapping pending	Pascal key catalogued.
key	kbCtrlShiftSqBracketR	$071B00			Commands.pas	prototype to replace	none; terminal mapping pending	Pascal key catalogued.
key	kbGrayPlus	$004E2B			Commands.pas	prototype to replace	none; terminal mapping pending	Pascal key catalogued.
key	kbShiftGrayPlus	$034E2B			Commands.pas	prototype to replace	none; terminal mapping pending	Pascal key catalogued.
key	kbGrayMinus	$004A2D			Commands.pas	prototype to replace	none; terminal mapping pending	Pascal key catalogued.
key	kbShiftGrayMinus	$034A2D			Commands.pas	prototype to replace	none; terminal mapping pending	Pascal key catalogued.
key	kbGrayAst	$00372A			Commands.pas	prototype to replace	none; terminal mapping pending	Pascal key catalogued.
key	kbShiftGrayAst	$03372A			Commands.pas	prototype to replace	none; terminal mapping pending	Pascal key catalogued.
key	kbGraySlash	$00E02F			Commands.pas	prototype to replace	none; terminal mapping pending	Pascal key catalogued.
key	kbShiftGraySlash	$03E02F			Commands.pas	prototype to replace	none; terminal mapping pending	Pascal key catalogued.
key	kbNumPad5	$008F00			Commands.pas	prototype to replace	none; terminal mapping pending	Pascal key catalogued.
key	kbCtrlNumPad5	$048F00			Commands.pas	prototype to replace	none; terminal mapping pending	Pascal key catalogued.
key	kbCtrlGrayPlus	$049000			Commands.pas	prototype to replace	none; terminal mapping pending	Pascal key catalogued.
key	kbAltGrayPlus	$084E00			Commands.pas	prototype to replace	none; terminal mapping pending	Pascal key catalogued.
key	kbCtrlGrayMinus	$048E00			Commands.pas	prototype to replace	none; terminal mapping pending	Pascal key catalogued.
key	kbAltGrayMinus	$084A00			Commands.pas	prototype to replace	none; terminal mapping pending	Pascal key catalogued.
key	kbCtrlGrayAst	$049600			Commands.pas	prototype to replace	none; terminal mapping pending	Pascal key catalogued.
key	kbAltGrayAst	$083700			Commands.pas	prototype to replace	none; terminal mapping pending	Pascal key catalogued.
key	kbCtrlGraySlash	$049500			Commands.pas	prototype to replace	none; terminal mapping pending	Pascal key catalogued.
key	kbAltGraySlash	$08A400			Commands.pas	prototype to replace	none; terminal mapping pending	Pascal key catalogued.
key	kbCtrlShiftGrayPlus	$079000			Commands.pas	prototype to replace	none; terminal mapping pending	Pascal key catalogued.
key	kbAltShiftGrayPlus	$0B4E00			Commands.pas	prototype to replace	none; terminal mapping pending	Pascal key catalogued.
key	kbCtrlShiftGrayMinus	$078E00			Commands.pas	prototype to replace	none; terminal mapping pending	Pascal key catalogued.
key	kbAltShiftGrayMinus	$0B4A00			Commands.pas	prototype to replace	none; terminal mapping pending	Pascal key catalogued.
key	kbCtrlShiftGrayAst	$079600			Commands.pas	prototype to replace	none; terminal mapping pending	Pascal key catalogued.
key	kbAltShiftGrayAst	$0B3700			Commands.pas	prototype to replace	none; terminal mapping pending	Pascal key catalogued.
key	kbCtrlShiftGraySlash	$079500			Commands.pas	prototype to replace	none; terminal mapping pending	Pascal key catalogued.
key	kbAltShiftGraySlash	$0BA400			Commands.pas	prototype to replace	none; terminal mapping pending	Pascal key catalogued.
key	kbCtrlAltGrayPlus	$0C4E00			Commands.pas	prototype to replace	none; terminal mapping pending	Pascal key catalogued.
key	kbCtrlAltShiftGrayPlus	$0F4E00			Commands.pas	prototype to replace	none; terminal mapping pending	Pascal key catalogued.
key	kbCtrlAltGrayMinus	$0C4A00			Commands.pas	prototype to replace	none; terminal mapping pending	Pascal key catalogued.
key	kbCtrlAltShiftGrayMinus	$0F4A00			Commands.pas	prototype to replace	none; terminal mapping pending	Pascal key catalogued.
key	kbCtrlAltGrayAst	$0C3700			Commands.pas	prototype to replace	none; terminal mapping pending	Pascal key catalogued.
key	kbCtrlAltShiftGrayAst	$0F3700			Commands.pas	prototype to replace	none; terminal mapping pending	Pascal key catalogued.
key	kbCtrlAltGraySlash	$0CA400			Commands.pas	prototype to replace	none; terminal mapping pending	Pascal key catalogued.
key	kbCtrlAltShiftGraySlash	$0FA400			Commands.pas	prototype to replace	none; terminal mapping pending	Pascal key catalogued.
key	kbCtrlPrtSc	$047200			Commands.pas	prototype to replace	none; terminal mapping pending	Pascal key catalogued.
key	kbCtrlShiftPrtSc	$077200			Commands.pas	prototype to replace	none; terminal mapping pending	Pascal key catalogued.
key	kbLeftSuxx	$00EC00			Commands.pas	prototype to replace	none; terminal mapping pending	Pascal key catalogued.
key	kbShiftLeftSuxx	$03EC00			Commands.pas	prototype to replace	none; terminal mapping pending	Pascal key catalogued.
key	kbRightSuxx	$00ED00			Commands.pas	prototype to replace	none; terminal mapping pending	Pascal key catalogued.
key	kbShiftRightSuxx	$03ED00			Commands.pas	prototype to replace	none; terminal mapping pending	Pascal key catalogued.
key	kbMenuSuxx	$00EE00			Commands.pas	prototype to replace	none; terminal mapping pending	Pascal key catalogued.
key	kbShiftMenuSuxx	$03EE00			Commands.pas	prototype to replace	none; terminal mapping pending	Pascal key catalogued.
key	kbCtrlLeftSuxx	$04EC00			Commands.pas	prototype to replace	none; terminal mapping pending	Pascal key catalogued.
key	kbAltLeftSuxx	$08EC00			Commands.pas	prototype to replace	none; terminal mapping pending	Pascal key catalogued.
key	kbCtrlMenuSuxx	$04EE00			Commands.pas	prototype to replace	none; terminal mapping pending	Pascal key catalogued.
key	kbCtrlRightSuxx	$04ED00			Commands.pas	prototype to replace	none; terminal mapping pending	Pascal key catalogued.
key	kbAltRightSuxx	$08ED00			Commands.pas	prototype to replace	none; terminal mapping pending	Pascal key catalogued.
key	kbAltMenuSuxx	$08EE00			Commands.pas	prototype to replace	none; terminal mapping pending	Pascal key catalogued.
key	kbCtrlShiftLeftSuxx	$07EC00			Commands.pas	prototype to replace	none; terminal mapping pending	Pascal key catalogued.
key	kbAltShiftLeftSuxx	$0BEC00			Commands.pas	prototype to replace	none; terminal mapping pending	Pascal key catalogued.
key	kbCtrlShiftRightSuxx	$07ED00			Commands.pas	prototype to replace	none; terminal mapping pending	Pascal key catalogued.
key	kbAltShiftRightSuxx	$0BED00			Commands.pas	prototype to replace	none; terminal mapping pending	Pascal key catalogued.
key	kbCtrlShiftMenuSuxx	$07EE00			Commands.pas	prototype to replace	none; terminal mapping pending	Pascal key catalogued.
key	kbAltShiftMenuSuxx	$0BEE00			Commands.pas	prototype to replace	none; terminal mapping pending	Pascal key catalogued.
key	kbCtrlAltLeftSuxx	$0CEC00			Commands.pas	prototype to replace	none; terminal mapping pending	Pascal key catalogued.
key	kbCtrlAltShiftLeftSuxx	$0FEC00			Commands.pas	prototype to replace	none; terminal mapping pending	Pascal key catalogued.
key	kbCtrlAltRightSuxx	$0CED00			Commands.pas	prototype to replace	none; terminal mapping pending	Pascal key catalogued.
key	kbCtrlAltShiftRightSuxx	$0FED00			Commands.pas	prototype to replace	none; terminal mapping pending	Pascal key catalogued.
key	kbAtrlAltMenuSuxx	$0CEE00			Commands.pas	prototype to replace	none; terminal mapping pending	Pascal key catalogued.
key	kbCtrlAltShiftMenuSuxx	$0FEE00			Commands.pas	prototype to replace	none; terminal mapping pending	Pascal key catalogued.
key	kbNoKey	$000000			Commands.pas	prototype to replace	none; terminal mapping pending	Pascal key catalogued.
key	kbShortCut	$F0FFFF			Commands.pas	prototype to replace	none; terminal mapping pending	Pascal key catalogued.
key	kbDoubleAlt	$040000			Commands.pas	prototype to replace	none; terminal mapping pending	Pascal key catalogued.
key	kbDoubleCtrl	$020000			Commands.pas	prototype to replace	none; terminal mapping pending	Pascal key catalogued.
key	kbBackUp	$00FD00			Commands.pas	prototype to replace	none; terminal mapping pending	Pascal key catalogued.
key	kbDownUp	$00FE00			Commands.pas	prototype to replace	none; terminal mapping pending	Pascal key catalogued.
key	kbUpUp	$00FF00			Commands.pas	prototype to replace	none; terminal mapping pending	Pascal key catalogued.
key	kbAltCtrlSqBracketL	kbCtrlAltSqBracketL			Commands.pas	prototype to replace	none; terminal mapping pending	Pascal key catalogued.
key	kbAltCtrlSqBracketR	kbCtrlAltSqBracketR			Commands.pas	prototype to replace	none; terminal mapping pending	Pascal key catalogued.
key	kbCtrlSlash	kbCtrlGraySlash			Commands.pas	prototype to replace	none; terminal mapping pending	Pascal key catalogued.
key	kbCtrlShiftSlash	kbCtrlShiftGraySlash			Commands.pas	prototype to replace	none; terminal mapping pending	Pascal key catalogued.
key	kbGPlus	kbGrayPlus			Commands.pas	prototype to replace	none; terminal mapping pending	Pascal key catalogued.
key	kbShiftGPlus	kbShiftGrayPlus			Commands.pas	prototype to replace	none; terminal mapping pending	Pascal key catalogued.
key	kbGMinus	kbGrayMinus			Commands.pas	prototype to replace	none; terminal mapping pending	Pascal key catalogued.
key	kbShiftGMinus	kbShiftGrayMinus			Commands.pas	prototype to replace	none; terminal mapping pending	Pascal key catalogued.
key	kbGAst	kbGrayAst			Commands.pas	prototype to replace	none; terminal mapping pending	Pascal key catalogued.
key	kbShiftGAst	kbShiftGrayAst			Commands.pas	prototype to replace	none; terminal mapping pending	Pascal key catalogued.
key	kbGSlash	kbGraySlash			Commands.pas	prototype to replace	none; terminal mapping pending	Pascal key catalogued.
key	kbShiftGSlash	kbShiftGraySlash			Commands.pas	prototype to replace	none; terminal mapping pending	Pascal key catalogued.
key	kbCtrlGPlus	kbCtrlGrayPlus			Commands.pas	prototype to replace	none; terminal mapping pending	Pascal key catalogued.
key	kbAltGPlus	kbAltGrayPlus			Commands.pas	prototype to replace	none; terminal mapping pending	Pascal key catalogued.
key	kbCtrlGMinus	kbCtrlGrayMinus			Commands.pas	prototype to replace	none; terminal mapping pending	Pascal key catalogued.
key	kbAltGMinus	kbAltGrayMinus			Commands.pas	prototype to replace	none; terminal mapping pending	Pascal key catalogued.
key	kbCtrlGAst	kbCtrlGrayAst			Commands.pas	prototype to replace	none; terminal mapping pending	Pascal key catalogued.
key	kbAltGAst	kbAltGrayAst			Commands.pas	prototype to replace	none; terminal mapping pending	Pascal key catalogued.
key	kbCtrlGSlash	kbCtrlGraySlash			Commands.pas	prototype to replace	none; terminal mapping pending	Pascal key catalogued.
key	kbAltGSlash	kbCtrlGraySlash			Commands.pas	prototype to replace	none; terminal mapping pending	Pascal key catalogued.
key	kbCtrlShiftGPlus	kbCtrlShiftGrayPlus			Commands.pas	prototype to replace	none; terminal mapping pending	Pascal key catalogued.
key	kbCtrlShiftGMinus	kbCtrlShiftGrayMinus			Commands.pas	prototype to replace	none; terminal mapping pending	Pascal key catalogued.
key	kbCtrlShiftGAst	kbCtrlShiftGrayAst			Commands.pas	prototype to replace	none; terminal mapping pending	Pascal key catalogued.
key	kbCtrlShiftGSlash	kbCtrlShiftGraySlash			Commands.pas	prototype to replace	none; terminal mapping pending	Pascal key catalogued.
key	kbAltShiftGPlus	kbAltShiftGrayPlus			Commands.pas	prototype to replace	none; terminal mapping pending	Pascal key catalogued.
key	kbAltShiftGMinus	kbAltShiftGrayMinus			Commands.pas	prototype to replace	none; terminal mapping pending	Pascal key catalogued.
key	kbAltShiftGAst	kbAltShiftGrayAst			Commands.pas	prototype to replace	none; terminal mapping pending	Pascal key catalogued.
key	kbAltShiftGSlash	kbAltShiftGraySlash			Commands.pas	prototype to replace	none; terminal mapping pending	Pascal key catalogued.
key	kbCtrlAltGPlus	kbCtrlAltGrayPlus			Commands.pas	prototype to replace	none; terminal mapping pending	Pascal key catalogued.
key	kbCtrlAltGMinus	kbCtrlAltGrayMinus			Commands.pas	prototype to replace	none; terminal mapping pending	Pascal key catalogued.
key	kbCtrlAltGAst	kbCtrlAltGrayAst			Commands.pas	prototype to replace	none; terminal mapping pending	Pascal key catalogued.
key	kbCtrlAltGSlash	kbCtrlAltGraySlash			Commands.pas	prototype to replace	none; terminal mapping pending	Pascal key catalogued.
key	kbRightShift	$0001			Commands.pas	prototype to replace	none; terminal mapping pending	Pascal key catalogued.
key	kbLeftShift	$0002			Commands.pas	prototype to replace	none; terminal mapping pending	Pascal key catalogued.
key	kbCtrlShift	$0004			Commands.pas	prototype to replace	none; terminal mapping pending	Pascal key catalogued.
key	kbAltShift	$0008			Commands.pas	prototype to replace	none; terminal mapping pending	Pascal key catalogued.
key	kbScrollState	$0010			Commands.pas	prototype to replace	none; terminal mapping pending	Pascal key catalogued.
key	kbNumState	$0020			Commands.pas	prototype to replace	none; terminal mapping pending	Pascal key catalogued.
key	kbCapsState	$0040			Commands.pas	prototype to replace	none; terminal mapping pending	Pascal key catalogued.
key	kbInsState	$0080			Commands.pas	prototype to replace	none; terminal mapping pending	Pascal key catalogued.
key	kbAnyShift	$000F			Commands.pas	prototype to replace	none; terminal mapping pending	Pascal key catalogued.
command	cmHold	11304			Commands.pas	prototype to replace	none; direct port pending	Pascal command catalogued.
command	cmUnhold	11005			Commands.pas	prototype to replace	none; direct port pending	Pascal command catalogued.
command	cmValid	0			Commands.pas	prototype to replace	none; direct port pending	Pascal command catalogued.
command	cmQuit	1			Commands.pas	adapter	org.dosnavigator.command.CommandId.QUIT	Pascal command catalogued.
command	cmError	2			Commands.pas	prototype to replace	none; direct port pending	Pascal command catalogued.
command	cmMenu	3			Commands.pas	adapter	org.dosnavigator.command.CommandId.MENU	Pascal command catalogued.
command	cmClose	4			Commands.pas	adapter	org.dosnavigator.command.CommandId.CLOSE	Pascal command catalogued.
command	cmZoom	5			Commands.pas	prototype to replace	none; direct port pending	Pascal command catalogued.
command	cmMaxi	45			Commands.pas	prototype to replace	none; direct port pending	Pascal command catalogued.
command	cmMinimize	46			Commands.pas	prototype to replace	none; direct port pending	Pascal command catalogued.
command	cmResize	6			Commands.pas	prototype to replace	none; direct port pending	Pascal command catalogued.
command	cmNext	7			Commands.pas	adapter	org.dosnavigator.command.CommandId.NEXT	Pascal command catalogued.
command	cmPrev	8			Commands.pas	adapter	org.dosnavigator.command.CommandId.PREVIOUS	Pascal command catalogued.
command	cmHelp	9			Commands.pas	prototype to replace	none; direct port pending	Pascal command catalogued.
command	cmHelp2	$DCB			Commands.pas	prototype to replace	none; direct port pending	Pascal command catalogued.
command	cmNext2	101			Commands.pas	prototype to replace	none; direct port pending	Pascal command catalogued.
command	cmPrev2	102			Commands.pas	prototype to replace	none; direct port pending	Pascal command catalogued.
command	cmNext3	103			Commands.pas	prototype to replace	none; direct port pending	Pascal command catalogued.
command	cmPrev3	104			Commands.pas	prototype to replace	none; direct port pending	Pascal command catalogued.
command	cmCut	20			Commands.pas	prototype to replace	none; direct port pending	Pascal command catalogued.
command	cmCopy	21			Commands.pas	prototype to replace	none; direct port pending	Pascal command catalogued.
command	cmPaste	22			Commands.pas	prototype to replace	none; direct port pending	Pascal command catalogued.
command	cmUndo	23			Commands.pas	prototype to replace	none; direct port pending	Pascal command catalogued.
command	cmRedo	30			Commands.pas	prototype to replace	none; direct port pending	Pascal command catalogued.
command	cmClear	24			Commands.pas	prototype to replace	none; direct port pending	Pascal command catalogued.
command	cmTile	25			Commands.pas	prototype to replace	none; direct port pending	Pascal command catalogued.
command	cmCascade	26			Commands.pas	prototype to replace	none; direct port pending	Pascal command catalogued.
command	cmOK	10			Commands.pas	adapter	org.dosnavigator.command.CommandId.OK	Pascal command catalogued.
command	cmCancel	11			Commands.pas	adapter	org.dosnavigator.command.CommandId.CANCEL	Pascal command catalogued.
command	cmYes	12			Commands.pas	prototype to replace	none; direct port pending	Pascal command catalogued.
command	cmNo	13			Commands.pas	prototype to replace	none; direct port pending	Pascal command catalogued.
command	cmDefault	14			Commands.pas	prototype to replace	none; direct port pending	Pascal command catalogued.
command	cmSkip	15			Commands.pas	prototype to replace	none; direct port pending	Pascal command catalogued.
command	cmTest	16			Commands.pas	prototype to replace	none; direct port pending	Pascal command catalogued.
command	cmRecordHistory	60			Commands.pas	prototype to replace	none; direct port pending	Pascal command catalogued.
command	cmFind	47			Commands.pas	prototype to replace	none; direct port pending	Pascal command catalogued.
command	cmSelectAll	48			Commands.pas	prototype to replace	none; direct port pending	Pascal command catalogued.
command	cmIncSearch	49			Commands.pas	prototype to replace	none; direct port pending	Pascal command catalogued.
command	cmReceivedFocus	50			Commands.pas	prototype to replace	none; direct port pending	Pascal command catalogued.
command	cmReleasedFocus	51			Commands.pas	prototype to replace	none; direct port pending	Pascal command catalogued.
command	cmCommandSetChanged	52			Commands.pas	prototype to replace	none; direct port pending	Pascal command catalogued.
command	cmScrollBarChanged	53			Commands.pas	prototype to replace	none; direct port pending	Pascal command catalogued.
command	cmScrollBarClicked	54			Commands.pas	prototype to replace	none; direct port pending	Pascal command catalogued.
command	cmSelectWindowNum	55			Commands.pas	prototype to replace	none; direct port pending	Pascal command catalogued.
command	cmListItemSelected	56			Commands.pas	prototype to replace	none; direct port pending	Pascal command catalogued.
command	cmSaveText	12101			Commands.pas	prototype to replace	none; direct port pending	Pascal command catalogued.
command	cmLoadText	12102			Commands.pas	prototype to replace	none; direct port pending	Pascal command catalogued.
command	cmSaveTextAs	12103			Commands.pas	prototype to replace	none; direct port pending	Pascal command catalogued.
command	cmSwitchBlock	12104			Commands.pas	prototype to replace	none; direct port pending	Pascal command catalogued.
command	cmSwitchIndent	12105			Commands.pas	prototype to replace	none; direct port pending	Pascal command catalogued.
command	cmSwitchFill	12106			Commands.pas	prototype to replace	none; direct port pending	Pascal command catalogued.
command	cmSwitchBack	12107			Commands.pas	prototype to replace	none; direct port pending	Pascal command catalogued.
command	cmSwitchSave	12108			Commands.pas	prototype to replace	none; direct port pending	Pascal command catalogued.
command	cmWordLeft	12110			Commands.pas	prototype to replace	none; direct port pending	Pascal command catalogued.
command	cmWordRight	12111			Commands.pas	prototype to replace	none; direct port pending	Pascal command catalogued.
command	cmDelWordRight	12112			Commands.pas	prototype to replace	none; direct port pending	Pascal command catalogued.
command	cmDelWordLeft	12113			Commands.pas	prototype to replace	none; direct port pending	Pascal command catalogued.
command	cmScrollUp	12114			Commands.pas	prototype to replace	none; direct port pending	Pascal command catalogued.
command	cmScrollDn	12115			Commands.pas	prototype to replace	none; direct port pending	Pascal command catalogued.
command	cmCenter	12116			Commands.pas	prototype to replace	none; direct port pending	Pascal command catalogued.
command	cmStartSearch	12117			Commands.pas	prototype to replace	none; direct port pending	Pascal command catalogued.
command	cmContSearch	12118			Commands.pas	prototype to replace	none; direct port pending	Pascal command catalogued.
command	cmDelBackChar	12119			Commands.pas	prototype to replace	none; direct port pending	Pascal command catalogued.
command	cmDelChar	12120			Commands.pas	prototype to replace	none; direct port pending	Pascal command catalogued.
command	cmSwitchIns	12121			Commands.pas	prototype to replace	none; direct port pending	Pascal command catalogued.
command	cmPgUp	12122			Commands.pas	prototype to replace	none; direct port pending	Pascal command catalogued.
command	cmPgDn	12123			Commands.pas	prototype to replace	none; direct port pending	Pascal command catalogued.
command	cmMoveUp	12124			Commands.pas	prototype to replace	none; direct port pending	Pascal command catalogued.
command	cmMoveLeft	12125			Commands.pas	prototype to replace	none; direct port pending	Pascal command catalogued.
command	cmMoveRight	12126			Commands.pas	prototype to replace	none; direct port pending	Pascal command catalogued.
command	cmMoveDown	12127			Commands.pas	prototype to replace	none; direct port pending	Pascal command catalogued.
command	cmBlockStart	12128			Commands.pas	prototype to replace	none; direct port pending	Pascal command catalogued.
command	cmBlockEnd	12129			Commands.pas	prototype to replace	none; direct port pending	Pascal command catalogued.
command	cmMarkWord	12130			Commands.pas	prototype to replace	none; direct port pending	Pascal command catalogued.
command	cmMarkLine	12131			Commands.pas	prototype to replace	none; direct port pending	Pascal command catalogued.
command	cmTab	12135			Commands.pas	prototype to replace	none; direct port pending	Pascal command catalogued.
command	cmSpecChar	12138			Commands.pas	prototype to replace	none; direct port pending	Pascal command catalogued.
command	cmReplace	12139			Commands.pas	prototype to replace	none; direct port pending	Pascal command catalogued.
command	cmEnd	12140			Commands.pas	prototype to replace	none; direct port pending	Pascal command catalogued.
command	cmEnter	12141			Commands.pas	prototype to replace	none; direct port pending	Pascal command catalogued.
command	cmInsLine	12142			Commands.pas	prototype to replace	none; direct port pending	Pascal command catalogued.
command	cmLJustify	12147			Commands.pas	prototype to replace	none; direct port pending	Pascal command catalogued.
command	cmLCenter	12148			Commands.pas	prototype to replace	none; direct port pending	Pascal command catalogued.
command	cmLLeft	12149			Commands.pas	prototype to replace	none; direct port pending	Pascal command catalogued.
command	cmLRight	12150			Commands.pas	prototype to replace	none; direct port pending	Pascal command catalogued.
command	cmDeltoEOLN	12151			Commands.pas	prototype to replace	none; direct port pending	Pascal command catalogued.
command	cmSetMargins	12152			Commands.pas	prototype to replace	none; direct port pending	Pascal command catalogued.
command	cmCtrlHome	12153			Commands.pas	prototype to replace	none; direct port pending	Pascal command catalogued.
command	cmCtrlEnd	12154			Commands.pas	prototype to replace	none; direct port pending	Pascal command catalogued.
command	cmSwitchHighLight	12155			Commands.pas	prototype to replace	none; direct port pending	Pascal command catalogued.
command	cmGotoLineNumber	12156			Commands.pas	prototype to replace	none; direct port pending	Pascal command catalogued.
command	cmSwitchWrap	12157			Commands.pas	prototype to replace	none; direct port pending	Pascal command catalogued.
command	cmSwitchHiLine	12158			Commands.pas	prototype to replace	none; direct port pending	Pascal command catalogued.
command	cmSwitchHiColumn	12159			Commands.pas	prototype to replace	none; direct port pending	Pascal command catalogued.
command	cmUpString	12160			Commands.pas	prototype to replace	none; direct port pending	Pascal command catalogued.
command	cmLowString	12161			Commands.pas	prototype to replace	none; direct port pending	Pascal command catalogued.
command	cmCapString	12162			Commands.pas	prototype to replace	none; direct port pending	Pascal command catalogued.
command	cmToggleCaseString	12163			Commands.pas	prototype to replace	none; direct port pending	Pascal command catalogued.
command	cmRusEngConvString	12164			Commands.pas	prototype to replace	none; direct port pending	Pascal command catalogued.
command	cmInsertText	12165			Commands.pas	prototype to replace	none; direct port pending	Pascal command catalogued.
command	cmInsertTime	12166			Commands.pas	prototype to replace	none; direct port pending	Pascal command catalogued.
command	cmInsertDate	12167			Commands.pas	prototype to replace	none; direct port pending	Pascal command catalogued.
command	cmMoveBlockStart	12168			Commands.pas	prototype to replace	none; direct port pending	Pascal command catalogued.
command	cmMoveBlockEnd	12169			Commands.pas	prototype to replace	none; direct port pending	Pascal command catalogued.
command	cmInsertOn	12170			Commands.pas	prototype to replace	none; direct port pending	Pascal command catalogued.
command	cmInsertOff	12171			Commands.pas	prototype to replace	none; direct port pending	Pascal command catalogued.
command	cmIndentOn	12172			Commands.pas	prototype to replace	none; direct port pending	Pascal command catalogued.
command	cmIndentOff	12173			Commands.pas	prototype to replace	none; direct port pending	Pascal command catalogued.
command	cmSelectMacro	12174			Commands.pas	prototype to replace	none; direct port pending	Pascal command catalogued.
command	cmPlayMacro	12175			Commands.pas	prototype to replace	none; direct port pending	Pascal command catalogued.
command	cmSwitchBrackets	12176			Commands.pas	prototype to replace	none; direct port pending	Pascal command catalogued.
command	cmBracketPair	12177			Commands.pas	prototype to replace	none; direct port pending	Pascal command catalogued.
command	cmUpcaseBlock	12178			Commands.pas	prototype to replace	none; direct port pending	Pascal command catalogued.
command	cmLowcaseBlock	12179			Commands.pas	prototype to replace	none; direct port pending	Pascal command catalogued.
command	cmCapitalizeBlock	12180			Commands.pas	prototype to replace	none; direct port pending	Pascal command catalogued.
command	cmToggleCaseBlock	12181			Commands.pas	prototype to replace	none; direct port pending	Pascal command catalogued.
command	cmRusEngConvBlock	12182			Commands.pas	prototype to replace	none; direct port pending	Pascal command catalogued.
command	cmAdvancePortSetup	12183			Commands.pas	prototype to replace	none; direct port pending	Pascal command catalogued.
command	cmNavyLinkSetup	12184			Commands.pas	prototype to replace	none; direct port pending	Pascal command catalogued.
command	cmSwitchKeyMapping	12185			Commands.pas	prototype to replace	none; direct port pending	Pascal command catalogued.
command	cmOpenFileAtCursor	12186			Commands.pas	prototype to replace	none; direct port pending	Pascal command catalogued.
command	cmEditSPF	12187			Commands.pas	prototype to replace	none; direct port pending	Pascal command catalogued.
command	cmEditINI	12188			Commands.pas	prototype to replace	none; direct port pending	Pascal command catalogued.
command	cmSwitchTabReplace	12190			Commands.pas	prototype to replace	none; direct port pending	Pascal command catalogued.
command	cmEditCrLfMode	12191			Commands.pas	prototype to replace	none; direct port pending	Pascal command catalogued.
command	cmEditLfMode	12192			Commands.pas	prototype to replace	none; direct port pending	Pascal command catalogued.
command	cmEditCrMode	12193			Commands.pas	prototype to replace	none; direct port pending	Pascal command catalogued.
command	cmSwitchDrawMode	12195			Commands.pas	prototype to replace	none; direct port pending	Pascal command catalogued.
command	cmLoadXlatTable	12196			Commands.pas	prototype to replace	none; direct port pending	Pascal command catalogued.
command	cmGotoLineNumber2	12198			Commands.pas	prototype to replace	none; direct port pending	Pascal command catalogued.
command	cmSwitchSmartTab	12199			Commands.pas	prototype to replace	none; direct port pending	Pascal command catalogued.
command	cmPlaceMarker1	14001			Commands.pas	prototype to replace	none; direct port pending	Pascal command catalogued.
command	cmPlaceMarker2	14002			Commands.pas	prototype to replace	none; direct port pending	Pascal command catalogued.
command	cmPlaceMarker3	14003			Commands.pas	prototype to replace	none; direct port pending	Pascal command catalogued.
command	cmPlaceMarker4	14004			Commands.pas	prototype to replace	none; direct port pending	Pascal command catalogued.
command	cmPlaceMarker5	14005			Commands.pas	prototype to replace	none; direct port pending	Pascal command catalogued.
command	cmPlaceMarker6	14006			Commands.pas	prototype to replace	none; direct port pending	Pascal command catalogued.
command	cmPlaceMarker7	14007			Commands.pas	prototype to replace	none; direct port pending	Pascal command catalogued.
command	cmPlaceMarker8	14008			Commands.pas	prototype to replace	none; direct port pending	Pascal command catalogued.
command	cmPlaceMarker9	14009			Commands.pas	prototype to replace	none; direct port pending	Pascal command catalogued.
command	cmGoToMarker1	14011			Commands.pas	prototype to replace	none; direct port pending	Pascal command catalogued.
command	cmGoToMarker2	14012			Commands.pas	prototype to replace	none; direct port pending	Pascal command catalogued.
command	cmGoToMarker3	14013			Commands.pas	prototype to replace	none; direct port pending	Pascal command catalogued.
command	cmGoToMarker4	14014			Commands.pas	prototype to replace	none; direct port pending	Pascal command catalogued.
command	cmGoToMarker5	14015			Commands.pas	prototype to replace	none; direct port pending	Pascal command catalogued.
command	cmGoToMarker6	14016			Commands.pas	prototype to replace	none; direct port pending	Pascal command catalogued.
command	cmGoToMarker7	14017			Commands.pas	prototype to replace	none; direct port pending	Pascal command catalogued.
command	cmGoToMarker8	14018			Commands.pas	prototype to replace	none; direct port pending	Pascal command catalogued.
command	cmGoToMarker9	14019			Commands.pas	prototype to replace	none; direct port pending	Pascal command catalogued.
command	cmBackSearch	14020			Commands.pas	prototype to replace	none; direct port pending	Pascal command catalogued.
command	cmCopyUnselect	10001			Commands.pas	prototype to replace	none; direct port pending	Pascal command catalogued.
command	cmRereadDir	10004			Commands.pas	prototype to replace	none; direct port pending	Pascal command catalogued.
command	cmRereadInfo	10005			Commands.pas	prototype to replace	none; direct port pending	Pascal command catalogued.
command	cmPushName	10006			Commands.pas	prototype to replace	none; direct port pending	Pascal command catalogued.
command	cmRereadTree	10007			Commands.pas	prototype to replace	none; direct port pending	Pascal command catalogued.
command	cmTree	10009			Commands.pas	prototype to replace	none; direct port pending	Pascal command catalogued.
command	cmFileView	10011			Commands.pas	prototype to replace	none; direct port pending	Pascal command catalogued.
command	cmFileEdit	10013			Commands.pas	prototype to replace	none; direct port pending	Pascal command catalogued.
command	cmInsertBlock	10014			Commands.pas	prototype to replace	none; direct port pending	Pascal command catalogued.
command	cmDisableSky	10018			Commands.pas	prototype to replace	none; direct port pending	Pascal command catalogued.
command	cmChangeDrv	10019			Commands.pas	prototype to replace	none; direct port pending	Pascal command catalogued.
command	cmInsertDrive	10021			Commands.pas	prototype to replace	none; direct port pending	Pascal command catalogued.
command	cmMenuOn	10022			Commands.pas	adapter	org.dosnavigator.command.CommandId.MENU_ON	Pascal command catalogued.
command	cmMenuOff	10023			Commands.pas	adapter	org.dosnavigator.command.CommandId.MENU_OFF	Pascal command catalogued.
command	cmExecGrabber	10024			Commands.pas	prototype to replace	none; direct port pending	Pascal command catalogued.
command	cmCloseDialer	10025			Commands.pas	prototype to replace	none; direct port pending	Pascal command catalogued.
command	cmFileTextView	10026			Commands.pas	prototype to replace	none; direct port pending	Pascal command catalogued.
command	cmFindEdit	10101			Commands.pas	prototype to replace	none; direct port pending	Pascal command catalogued.
command	cmFindView	10102			Commands.pas	prototype to replace	none; direct port pending	Pascal command catalogued.
command	cmFindPrint	10103			Commands.pas	prototype to replace	none; direct port pending	Pascal command catalogued.
command	cmFindSortBy	10104			Commands.pas	prototype to replace	none; direct port pending	Pascal command catalogued.
command	cmFindMakeList	10105			Commands.pas	prototype to replace	none; direct port pending	Pascal command catalogued.
command	cmFindGotoFile	10106			Commands.pas	prototype to replace	none; direct port pending	Pascal command catalogued.
command	cmPanelXSelect	10203			Commands.pas	prototype to replace	none; direct port pending	Pascal command catalogued.
command	cmPanelXUnselect	10204			Commands.pas	prototype to replace	none; direct port pending	Pascal command catalogued.
command	cmPanelCompare	10211			Commands.pas	prototype to replace	none; direct port pending	Pascal command catalogued.
command	cmPushFirstName	10214			Commands.pas	prototype to replace	none; direct port pending	Pascal command catalogued.
command	cmPushFullName	10215			Commands.pas	prototype to replace	none; direct port pending	Pascal command catalogued.
command	cmPushInternalName	10216			Commands.pas	prototype to replace	none; direct port pending	Pascal command catalogued.
command	cmInsertName	10301			Commands.pas	prototype to replace	none; direct port pending	Pascal command catalogued.
command	cmInfoPresent	10302			Commands.pas	prototype to replace	none; direct port pending	Pascal command catalogued.
command	cmGetDirName	10303			Commands.pas	prototype to replace	none; direct port pending	Pascal command catalogued.
command	cmDlgNotFound	10305			Commands.pas	prototype to replace	none; direct port pending	Pascal command catalogued.
command	cmPrepareToDelete	10401			Commands.pas	prototype to replace	none; direct port pending	Pascal command catalogued.
command	cmChangeDirectory	10402			Commands.pas	prototype to replace	none; direct port pending	Pascal command catalogued.
command	cmChangeTree	10403			Commands.pas	prototype to replace	none; direct port pending	Pascal command catalogued.
command	cmLoadViewFile	10404			Commands.pas	prototype to replace	none; direct port pending	Pascal command catalogued.
command	cmGLoadViewFile	10405			Commands.pas	prototype to replace	none; direct port pending	Pascal command catalogued.
command	cmLViewFile	10406			Commands.pas	prototype to replace	none; direct port pending	Pascal command catalogued.
command	cmStandAt	10407			Commands.pas	prototype to replace	none; direct port pending	Pascal command catalogued.
command	cmIntFileView	10410			Commands.pas	prototype to replace	none; direct port pending	Pascal command catalogued.
command	cmIntFileEdit	10411			Commands.pas	prototype to replace	none; direct port pending	Pascal command catalogued.
command	cmExecCommandLine	10500			Commands.pas	prototype to replace	none; direct port pending	Pascal command catalogued.
command	cmExecFile	10501			Commands.pas	prototype to replace	none; direct port pending	Pascal command catalogued.
command	cmDropped	10502			Commands.pas	prototype to replace	none; direct port pending	Pascal command catalogued.
command	cmFindCalculator	10503			Commands.pas	prototype to replace	none; direct port pending	Pascal command catalogued.
command	cmFindTree	10504			Commands.pas	prototype to replace	none; direct port pending	Pascal command catalogued.
command	cmFindTempDrive	10505			Commands.pas	prototype to replace	none; direct port pending	Pascal command catalogued.
command	cmTempDrive	10506			Commands.pas	prototype to replace	none; direct port pending	Pascal command catalogued.
command	cmCopyToTemp	10508			Commands.pas	prototype to replace	none; direct port pending	Pascal command catalogued.
command	cmClearCommandLine	10509			Commands.pas	prototype to replace	none; direct port pending	Pascal command catalogued.
command	cmSystemSetup	10600			Commands.pas	adapter	org.dosnavigator.command.CommandId.SYSTEM_SETUP	Pascal command catalogued.
command	cmChangeColors	10601			Commands.pas	prototype to replace	none; direct port pending	Pascal command catalogued.
command	cmExtFileEdit	10602			Commands.pas	prototype to replace	none; direct port pending	Pascal command catalogued.
command	cmMenuFileEdit	10603			Commands.pas	prototype to replace	none; direct port pending	Pascal command catalogued.
command	cmExternalViewers	10604			Commands.pas	prototype to replace	none; direct port pending	Pascal command catalogued.
command	cmExternalEditors	10605			Commands.pas	prototype to replace	none; direct port pending	Pascal command catalogued.
command	cmScreenRest	10606			Commands.pas	prototype to replace	none; direct port pending	Pascal command catalogued.
command	cmHexMode	10607			Commands.pas	prototype to replace	none; direct port pending	Pascal command catalogued.
command	cmSearchFor	10608			Commands.pas	prototype to replace	none; direct port pending	Pascal command catalogued.
command	cmContinueSearch	10609			Commands.pas	prototype to replace	none; direct port pending	Pascal command catalogued.
command	cmStartup	10610			Commands.pas	prototype to replace	none; direct port pending	Pascal command catalogued.
command	cmInterfaceSetup	10611			Commands.pas	adapter	org.dosnavigator.command.CommandId.INTERFACE_SETUP	Pascal command catalogued.
command	cmSaversSetup	10612			Commands.pas	prototype to replace	none; direct port pending	Pascal command catalogued.
command	cmChScreenMode	10613			Commands.pas	prototype to replace	none; direct port pending	Pascal command catalogued.
command	cmSSortName	10801			Commands.pas	prototype to replace	none; direct port pending	Pascal command catalogued.
command	cmSSortExt	10802			Commands.pas	prototype to replace	none; direct port pending	Pascal command catalogued.
command	cmSSortSize	10803			Commands.pas	prototype to replace	none; direct port pending	Pascal command catalogued.
command	cmSSortTime	10804			Commands.pas	prototype to replace	none; direct port pending	Pascal command catalogued.
command	cmSSortUnSort	10800			Commands.pas	prototype to replace	none; direct port pending	Pascal command catalogued.
command	cmShowFields	10805			Commands.pas	prototype to replace	none; direct port pending	Pascal command catalogued.
command	cmShowMemo	10806			Commands.pas	prototype to replace	none; direct port pending	Pascal command catalogued.
command	cmEditDBField	10807			Commands.pas	prototype to replace	none; direct port pending	Pascal command catalogued.
command	cmDeleteDBRec	10808			Commands.pas	prototype to replace	none; direct port pending	Pascal command catalogued.
command	cmDBFGoto	10809			Commands.pas	prototype to replace	none; direct port pending	Pascal command catalogued.
command	cmInsertDBRec	10810			Commands.pas	prototype to replace	none; direct port pending	Pascal command catalogued.
command	cmUpDBRec	10811			Commands.pas	prototype to replace	none; direct port pending	Pascal command catalogued.
command	cmDownDBRec	10812			Commands.pas	prototype to replace	none; direct port pending	Pascal command catalogued.
command	cmNewTable	10901			Commands.pas	prototype to replace	none; direct port pending	Pascal command catalogued.
command	cmChangeWidth	10904			Commands.pas	prototype to replace	none; direct port pending	Pascal command catalogued.
command	cmSheetLoad	10905			Commands.pas	prototype to replace	none; direct port pending	Pascal command catalogued.
command	cmChangeFormat	10906			Commands.pas	prototype to replace	none; direct port pending	Pascal command catalogued.
command	cmInsertLine	10907			Commands.pas	prototype to replace	none; direct port pending	Pascal command catalogued.
command	cmDeleteLine	10908			Commands.pas	prototype to replace	none; direct port pending	Pascal command catalogued.
command	cmInsertColumn	10909			Commands.pas	prototype to replace	none; direct port pending	Pascal command catalogued.
command	cmDeleteColumn	10910			Commands.pas	prototype to replace	none; direct port pending	Pascal command catalogued.
command	cmRecalc	10911			Commands.pas	prototype to replace	none; direct port pending	Pascal command catalogued.
command	cmFindCell	10912			Commands.pas	prototype to replace	none; direct port pending	Pascal command catalogued.
command	cmReplaceCell	10913			Commands.pas	prototype to replace	none; direct port pending	Pascal command catalogued.
command	cmSearchAgain	10914			Commands.pas	prototype to replace	none; direct port pending	Pascal command catalogued.
command	cmGotoError	10916			Commands.pas	prototype to replace	none; direct port pending	Pascal command catalogued.
command	cmImportToFile	10917			Commands.pas	prototype to replace	none; direct port pending	Pascal command catalogued.
command	cmImportToClip	10918			Commands.pas	prototype to replace	none; direct port pending	Pascal command catalogued.
command	cmSaveSheetAs	10919			Commands.pas	prototype to replace	none; direct port pending	Pascal command catalogued.
command	cmToggleDescriptions	10920			Commands.pas	prototype to replace	none; direct port pending	Pascal command catalogued.
command	cmToggleShowMode	10921			Commands.pas	prototype to replace	none; direct port pending	Pascal command catalogued.
command	cmToggleLongNames	10922			Commands.pas	prototype to replace	none; direct port pending	Pascal command catalogued.
command	cmOpenWPSWindow	10923			Commands.pas	prototype to replace	none; direct port pending	Pascal command catalogued.
command	cmCreateWPSObject	10924			Commands.pas	prototype to replace	none; direct port pending	Pascal command catalogued.
command	cmExportToCsv	10925			Commands.pas	prototype to replace	none; direct port pending	Pascal command catalogued.
command	cmExportToDbf	10926			Commands.pas	prototype to replace	none; direct port pending	Pascal command catalogued.
command	cmExportToXls	10927			Commands.pas	prototype to replace	none; direct port pending	Pascal command catalogued.
command	cmImportFromCsv	10928			Commands.pas	prototype to replace	none; direct port pending	Pascal command catalogued.
command	cmImportFromDbf	10929			Commands.pas	prototype to replace	none; direct port pending	Pascal command catalogued.
command	cmExtract	11000			Commands.pas	prototype to replace	none; direct port pending	Pascal command catalogued.
command	cmSetPassword	11001			Commands.pas	prototype to replace	none; direct port pending	Pascal command catalogued.
command	cmArcDelete	11002			Commands.pas	prototype to replace	none; direct port pending	Pascal command catalogued.
command	cmArcView	11003			Commands.pas	prototype to replace	none; direct port pending	Pascal command catalogued.
command	cmArcTest	11004			Commands.pas	prototype to replace	none; direct port pending	Pascal command catalogued.
command	cmTermWrite	11005			Commands.pas	prototype to replace	none; direct port pending	Pascal command catalogued.
command	cmTermLog	11006			Commands.pas	prototype to replace	none; direct port pending	Pascal command catalogued.
command	cmTermVisible	11007			Commands.pas	prototype to replace	none; direct port pending	Pascal command catalogued.
command	cmExtractTo	11008			Commands.pas	prototype to replace	none; direct port pending	Pascal command catalogued.
command	cmFullView	11009			Commands.pas	prototype to replace	none; direct port pending	Pascal command catalogued.
command	cmArchiveFiles	11010			Commands.pas	prototype to replace	none; direct port pending	Pascal command catalogued.
command	cmExecString	11011			Commands.pas	prototype to replace	none; direct port pending	Pascal command catalogued.
command	cmReceiveFile	11012			Commands.pas	prototype to replace	none; direct port pending	Pascal command catalogued.
command	cmSendFile	11013			Commands.pas	prototype to replace	none; direct port pending	Pascal command catalogued.
command	cmGetFileName	11014			Commands.pas	prototype to replace	none; direct port pending	Pascal command catalogued.
command	cmShowOutput	11015			Commands.pas	prototype to replace	none; direct port pending	Pascal command catalogued.
command	cmUnArchive	11016			Commands.pas	prototype to replace	none; direct port pending	Pascal command catalogued.
command	cmCheckArchive	11017			Commands.pas	prototype to replace	none; direct port pending	Pascal command catalogued.
command	cmInsertFile	11018			Commands.pas	prototype to replace	none; direct port pending	Pascal command catalogued.
command	cmMarkFiles	11019			Commands.pas	prototype to replace	none; direct port pending	Pascal command catalogued.
command	cmUnMarkFiles	11020			Commands.pas	prototype to replace	none; direct port pending	Pascal command catalogued.
command	cmMarkFile	11021			Commands.pas	prototype to replace	none; direct port pending	Pascal command catalogued.
command	cmRChDrive	11022			Commands.pas	prototype to replace	none; direct port pending	Pascal command catalogued.
command	cmRViewFile	11023			Commands.pas	prototype to replace	none; direct port pending	Pascal command catalogued.
command	cmReanimateFile	11024			Commands.pas	prototype to replace	none; direct port pending	Pascal command catalogued.
command	cmNewGame	11025			Commands.pas	prototype to replace	none; direct port pending	Pascal command catalogued.
command	cmEraseGroup	11026			Commands.pas	prototype to replace	none; direct port pending	Pascal command catalogued.
command	cmReboundPanel	11029			Commands.pas	prototype to replace	none; direct port pending	Pascal command catalogued.
command	cmCopyCollection	11030			Commands.pas	prototype to replace	none; direct port pending	Pascal command catalogued.
command	cmSendInitModem	11031			Commands.pas	prototype to replace	none; direct port pending	Pascal command catalogued.
command	cmSendModemBreak	11032			Commands.pas	prototype to replace	none; direct port pending	Pascal command catalogued.
command	cmReadArchive	11033			Commands.pas	prototype to replace	none; direct port pending	Pascal command catalogued.
command	cmRereadForced	11034			Commands.pas	prototype to replace	none; direct port pending	Pascal command catalogued.
command	cmMakeForced	11035			Commands.pas	prototype to replace	none; direct port pending	Pascal command catalogued.
command	cmFindForced	11036			Commands.pas	prototype to replace	none; direct port pending	Pascal command catalogued.
command	cmTouchFile	11037			Commands.pas	prototype to replace	none; direct port pending	Pascal command catalogued.
command	cmDoSendLocated	11038			Commands.pas	prototype to replace	none; direct port pending	Pascal command catalogued.
command	cmGetUserParams	11039			Commands.pas	prototype to replace	none; direct port pending	Pascal command catalogued.
command	cmTreeChanged	11040			Commands.pas	prototype to replace	none; direct port pending	Pascal command catalogued.
command	cmCloseFormat	11041			Commands.pas	prototype to replace	none; direct port pending	Pascal command catalogued.
command	cmCloseLinked	11042			Commands.pas	prototype to replace	none; direct port pending	Pascal command catalogued.
command	cmGetUserParamsWL	11043			Commands.pas	prototype to replace	none; direct port pending	Pascal command catalogued.
command	cmQuickChange1	11100			Commands.pas	prototype to replace	none; direct port pending	Pascal command catalogued.
command	cmQuickChange2	11101			Commands.pas	prototype to replace	none; direct port pending	Pascal command catalogued.
command	cmQuickChange3	11102			Commands.pas	prototype to replace	none; direct port pending	Pascal command catalogued.
command	cmQuickChange4	11103			Commands.pas	prototype to replace	none; direct port pending	Pascal command catalogued.
command	cmQuickChange5	11104			Commands.pas	prototype to replace	none; direct port pending	Pascal command catalogued.
command	cmQuickChange6	11105			Commands.pas	prototype to replace	none; direct port pending	Pascal command catalogued.
command	cmQuickChange7	11106			Commands.pas	prototype to replace	none; direct port pending	Pascal command catalogued.
command	cmQuickChange8	11107			Commands.pas	prototype to replace	none; direct port pending	Pascal command catalogued.
command	cmQuickChange9	11108			Commands.pas	prototype to replace	none; direct port pending	Pascal command catalogued.
command	cmUpdateHexViews	11111			Commands.pas	prototype to replace	none; direct port pending	Pascal command catalogued.
command	cmAddVariable	11205			Commands.pas	prototype to replace	none; direct port pending	Pascal command catalogued.
command	cmRenVariable	11206			Commands.pas	prototype to replace	none; direct port pending	Pascal command catalogued.
command	cmDelVariable	11207			Commands.pas	prototype to replace	none; direct port pending	Pascal command catalogued.
command	cmSetup	19001			Commands.pas	prototype to replace	none; direct port pending	Pascal command catalogued.
command	cmStop	19002			Commands.pas	prototype to replace	none; direct port pending	Pascal command catalogued.
command	cmShowHi	19004			Commands.pas	prototype to replace	none; direct port pending	Pascal command catalogued.
command	cmSendTerminalString	19005			Commands.pas	prototype to replace	none; direct port pending	Pascal command catalogued.
command	cmPostHideLeft	19006			Commands.pas	prototype to replace	none; direct port pending	Pascal command catalogued.
command	cmPostHideRight	19007			Commands.pas	prototype to replace	none; direct port pending	Pascal command catalogued.
command	cmDuplicateLine	19008			Commands.pas	prototype to replace	none; direct port pending	Pascal command catalogued.
command	cmChangeInactive	19010			Commands.pas	prototype to replace	none; direct port pending	Pascal command catalogued.
command	cmMainMenu	19011			Commands.pas	prototype to replace	none; direct port pending	Pascal command catalogued.
command	cmAddFilter	19012			Commands.pas	prototype to replace	none; direct port pending	Pascal command catalogued.
command	cmSinglePrint	19015			Commands.pas	prototype to replace	none; direct port pending	Pascal command catalogued.
command	cmSingleTag	19017			Commands.pas	prototype to replace	none; direct port pending	Pascal command catalogued.
command	cmSingleUntag	19018			Commands.pas	prototype to replace	none; direct port pending	Pascal command catalogued.
command	cmSyncClipOut	19020			Commands.pas	prototype to replace	none; direct port pending	Pascal command catalogued.
command	cmSyncClipIn	19021			Commands.pas	prototype to replace	none; direct port pending	Pascal command catalogued.
command	cmWindowsPaste	19022			Commands.pas	prototype to replace	none; direct port pending	Pascal command catalogued.
command	cmWindowsCopy	19023			Commands.pas	prototype to replace	none; direct port pending	Pascal command catalogued.
command	cmReleaseFile	19024			Commands.pas	prototype to replace	none; direct port pending	Pascal command catalogued.
command	cmFastRename	19025			Commands.pas	prototype to replace	none; direct port pending	Pascal command catalogued.
command	cmGetNetInfo	19026			Commands.pas	prototype to replace	none; direct port pending	Pascal command catalogued.
command	cmViewFilter	19027			Commands.pas	prototype to replace	none; direct port pending	Pascal command catalogued.
command	cmMemInfo	100			Commands.pas	prototype to replace	none; direct port pending	Pascal command catalogued.
command	cmScrollBack	19114			Commands.pas	prototype to replace	none; direct port pending	Pascal command catalogued.
command	cmSBBKill	19115			Commands.pas	prototype to replace	none; direct port pending	Pascal command catalogued.
command	cmSBBStore	19116			Commands.pas	prototype to replace	none; direct port pending	Pascal command catalogued.
command	cmSBBGrab	19117			Commands.pas	prototype to replace	none; direct port pending	Pascal command catalogued.
command	cmTextMode	1002			Commands.pas	prototype to replace	none; direct port pending	Pascal command catalogued.
command	cmDirMode	1003			Commands.pas	prototype to replace	none; direct port pending	Pascal command catalogued.
command	cmFATMode	1004			Commands.pas	prototype to replace	none; direct port pending	Pascal command catalogued.
command	cmFixFile	1005			Commands.pas	prototype to replace	none; direct port pending	Pascal command catalogued.
command	cmFixDir	1006			Commands.pas	prototype to replace	none; direct port pending	Pascal command catalogued.
command	cmFixDrive	1007			Commands.pas	prototype to replace	none; direct port pending	Pascal command catalogued.
command	cmFixCluster	1008			Commands.pas	prototype to replace	none; direct port pending	Pascal command catalogued.
command	cmFixSector	1009			Commands.pas	prototype to replace	none; direct port pending	Pascal command catalogued.
command	cmFixBlockWrite	240			Commands.pas	prototype to replace	none; direct port pending	Pascal command catalogued.
command	cmOpenFile	3001			Commands.pas	prototype to replace	none; direct port pending	Pascal command catalogued.
command	cmOpenWindow	3002			Commands.pas	prototype to replace	none; direct port pending	Pascal command catalogued.
command	cmChangeMode	3003			Commands.pas	prototype to replace	none; direct port pending	Pascal command catalogued.
command	cmFindFile	3004			Commands.pas	prototype to replace	none; direct port pending	Pascal command catalogued.
command	cmCreatePanel	3006			Commands.pas	prototype to replace	none; direct port pending	Pascal command catalogued.
command	cmCreateTree	3007			Commands.pas	prototype to replace	none; direct port pending	Pascal command catalogued.
command	cmAbout	3008			Commands.pas	adapter	org.dosnavigator.command.CommandId.ABOUT	Pascal command catalogued.
command	cmRefresh	3009			Commands.pas	adapter	org.dosnavigator.command.CommandId.REFRESH	Pascal command catalogued.
command	cmXViewFile	3011			Commands.pas	prototype to replace	none; direct port pending	Pascal command catalogued.
command	cmShowUserScreen	3012			Commands.pas	prototype to replace	none; direct port pending	Pascal command catalogued.
command	cmFormatDisk	3013			Commands.pas	prototype to replace	none; direct port pending	Pascal command catalogued.
command	cmXEditFile	3015			Commands.pas	prototype to replace	none; direct port pending	Pascal command catalogued.
command	cmMemoryInfo	3016			Commands.pas	prototype to replace	none; direct port pending	Pascal command catalogued.
command	cmLoadDesk	5434			Commands.pas	prototype to replace	none; direct port pending	Pascal command catalogued.
command	cmSaveDesk	5435			Commands.pas	prototype to replace	none; direct port pending	Pascal command catalogued.
command	cmRetrieveSwp	5436			Commands.pas	prototype to replace	none; direct port pending	Pascal command catalogued.
command	cmSystemDisk	3018			Commands.pas	prototype to replace	none; direct port pending	Pascal command catalogued.
command	cmReanimator	3019			Commands.pas	prototype to replace	none; direct port pending	Pascal command catalogued.
command	cmDiskEdit	3020			Commands.pas	prototype to replace	none; direct port pending	Pascal command catalogued.
command	cmSetVolumeLabel	3021			Commands.pas	prototype to replace	none; direct port pending	Pascal command catalogued.
command	cmCalculator	3022			Commands.pas	prototype to replace	none; direct port pending	Pascal command catalogued.
command	cmHideShowTools	3023			Commands.pas	prototype to replace	none; direct port pending	Pascal command catalogued.
command	cmChangeUserMode1	3024			Commands.pas	prototype to replace	none; direct port pending	Pascal command catalogued.
command	cmChangeUserMode2	3025			Commands.pas	prototype to replace	none; direct port pending	Pascal command catalogued.
command	cmUserMenu	3026			Commands.pas	prototype to replace	none; direct port pending	Pascal command catalogued.
command	cmLocalMenuFileEdit	3027			Commands.pas	prototype to replace	none; direct port pending	Pascal command catalogued.
command	cmGetName	3028			Commands.pas	prototype to replace	none; direct port pending	Pascal command catalogued.
command	cmPhoneBook	3030			Commands.pas	prototype to replace	none; direct port pending	Pascal command catalogued.
command	cmStoreColors	3031			Commands.pas	prototype to replace	none; direct port pending	Pascal command catalogued.
command	cmLoadColors	3032			Commands.pas	prototype to replace	none; direct port pending	Pascal command catalogued.
command	cmHangUp	3033			Commands.pas	prototype to replace	none; direct port pending	Pascal command catalogued.
command	cmSetupModem	3034			Commands.pas	prototype to replace	none; direct port pending	Pascal command catalogued.
command	cmTerminal	3035			Commands.pas	prototype to replace	none; direct port pending	Pascal command catalogued.
command	cmUndial	3036			Commands.pas	prototype to replace	none; direct port pending	Pascal command catalogued.
command	cmTotalReread	3038			Commands.pas	prototype to replace	none; direct port pending	Pascal command catalogued.
command	cmHideWindows	3040			Commands.pas	prototype to replace	none; direct port pending	Pascal command catalogued.
command	cmHistoryList	3041			Commands.pas	prototype to replace	none; direct port pending	Pascal command catalogued.
command	cmGame	3043			Commands.pas	prototype to replace	none; direct port pending	Pascal command catalogued.
command	cmKillUsed	3044			Commands.pas	prototype to replace	none; direct port pending	Pascal command catalogued.
command	cmEditorDefaults	3046			Commands.pas	prototype to replace	none; direct port pending	Pascal command catalogued.
command	cmSetupArchive	3047			Commands.pas	prototype to replace	none; direct port pending	Pascal command catalogued.
command	cmUpdateConfig	3048			Commands.pas	prototype to replace	none; direct port pending	Pascal command catalogued.
command	cmPrintFile	3049			Commands.pas	prototype to replace	none; direct port pending	Pascal command catalogued.
command	cmPrintFileEd	30491			Commands.pas	prototype to replace	none; direct port pending	Pascal command catalogued.
command	cmHighlightGroups	3050			Commands.pas	prototype to replace	none; direct port pending	Pascal command catalogued.
command	cmSetupMouse	3054			Commands.pas	prototype to replace	none; direct port pending	Pascal command catalogued.
command	cmSetupPrinter	3055			Commands.pas	prototype to replace	none; direct port pending	Pascal command catalogued.
command	cmFilePrint	3056			Commands.pas	prototype to replace	none; direct port pending	Pascal command catalogued.
command	cmNavyLink	3057			Commands.pas	prototype to replace	none; direct port pending	Pascal command catalogued.
command	cmEditQuickRun	3060			Commands.pas	prototype to replace	none; direct port pending	Pascal command catalogued.
command	cmRestart	3061			Commands.pas	prototype to replace	none; direct port pending	Pascal command catalogued.
command	cmTagData	3062			Commands.pas	prototype to replace	none; direct port pending	Pascal command catalogued.
command	cmUntagData	3063			Commands.pas	prototype to replace	none; direct port pending	Pascal command catalogued.
command	cmToggleTagData	3064			Commands.pas	prototype to replace	none; direct port pending	Pascal command catalogued.
command	cmASCIITable	3066			Commands.pas	prototype to replace	none; direct port pending	Pascal command catalogued.
command	cmSystemInfo	3067			Commands.pas	prototype to replace	none; direct port pending	Pascal command catalogued.
command	cmUpdateHighlight	3068			Commands.pas	prototype to replace	none; direct port pending	Pascal command catalogued.
command	cmForceTagData	3069			Commands.pas	prototype to replace	none; direct port pending	Pascal command catalogued.
command	cmForceUntagData	3070			Commands.pas	prototype to replace	none; direct port pending	Pascal command catalogued.
command	cmLoConfigArchiver	3101			Commands.pas	prototype to replace	none; direct port pending	Pascal command catalogued.
command	cmConfigACE	3101			Commands.pas	prototype to replace	none; direct port pending	Pascal command catalogued.
command	cmConfigARJ	3104			Commands.pas	prototype to replace	none; direct port pending	Pascal command catalogued.
command	cmConfigHA	3109			Commands.pas	prototype to replace	none; direct port pending	Pascal command catalogued.
command	cmConfigLHA	3114			Commands.pas	prototype to replace	none; direct port pending	Pascal command catalogued.
command	cmConfigRAR	3117			Commands.pas	prototype to replace	none; direct port pending	Pascal command catalogued.
command	cmConfigZIP	3123			Commands.pas	prototype to replace	none; direct port pending	Pascal command catalogued.
command	cmConfigAIN	3102			Commands.pas	prototype to replace	none; direct port pending	Pascal command catalogued.
command	cmConfigARC	3103			Commands.pas	prototype to replace	none; direct port pending	Pascal command catalogued.
command	cmConfigBS2	3105			Commands.pas	prototype to replace	none; direct port pending	Pascal command catalogued.
command	cmConfigBSA	3106			Commands.pas	prototype to replace	none; direct port pending	Pascal command catalogued.
command	cmConfigCAB	3107			Commands.pas	prototype to replace	none; direct port pending	Pascal command catalogued.
command	cmConfigCHZ	3108			Commands.pas	prototype to replace	none; direct port pending	Pascal command catalogued.
command	cmConfigHAP	3110			Commands.pas	prototype to replace	none; direct port pending	Pascal command catalogued.
command	cmConfigHPK	3111			Commands.pas	prototype to replace	none; direct port pending	Pascal command catalogued.
command	cmConfigHYP	3112			Commands.pas	prototype to replace	none; direct port pending	Pascal command catalogued.
command	cmConfigIS3	3113			Commands.pas	prototype to replace	none; direct port pending	Pascal command catalogued.
command	cmConfigLIM	3115			Commands.pas	prototype to replace	none; direct port pending	Pascal command catalogued.
command	cmConfigQUARK	3116			Commands.pas	prototype to replace	none; direct port pending	Pascal command catalogued.
command	cmConfigSQZ	3118			Commands.pas	prototype to replace	none; direct port pending	Pascal command catalogued.
command	cmConfigTAR	3119			Commands.pas	prototype to replace	none; direct port pending	Pascal command catalogued.
command	cmConfigTGZ	3120			Commands.pas	prototype to replace	none; direct port pending	Pascal command catalogued.
command	cmConfigUC2	3121			Commands.pas	prototype to replace	none; direct port pending	Pascal command catalogued.
command	cmConfigUFA	3122			Commands.pas	prototype to replace	none; direct port pending	Pascal command catalogued.
command	cmConfigZOO	3124			Commands.pas	prototype to replace	none; direct port pending	Pascal command catalogued.
command	cmConfigZXZ	3125			Commands.pas	prototype to replace	none; direct port pending	Pascal command catalogued.
command	cmConfig7Z	3126			Commands.pas	prototype to replace	none; direct port pending	Pascal command catalogued.
command	cmConfigBZ2	3127			Commands.pas	prototype to replace	none; direct port pending	Pascal command catalogued.
command	cmHiConfigArchiver	3127			Commands.pas	prototype to replace	none; direct port pending	Pascal command catalogued.
command	cmUpdateArcFile	3200			Commands.pas	prototype to replace	none; direct port pending	Pascal command catalogued.
command	cmGlobalUserMenu	3220			Commands.pas	prototype to replace	none; direct port pending	Pascal command catalogued.
command	cmEditMenu	3221			Commands.pas	prototype to replace	none; direct port pending	Pascal command catalogued.
command	cmClearData	3222			Commands.pas	prototype to replace	none; direct port pending	Pascal command catalogued.
command	cmSearchAdvance	3223			Commands.pas	prototype to replace	none; direct port pending	Pascal command catalogued.
command	cmCountrySetup	3224			Commands.pas	prototype to replace	none; direct port pending	Pascal command catalogued.
command	cmSetupConfirmation	3225			Commands.pas	prototype to replace	none; direct port pending	Pascal command catalogued.
command	cmTerminalDefaults	3226			Commands.pas	prototype to replace	none; direct port pending	Pascal command catalogued.
command	cmGetTeam	3227			Commands.pas	prototype to replace	none; direct port pending	Pascal command catalogued.
command	cmOpenSmartpad	3236			Commands.pas	prototype to replace	none; direct port pending	Pascal command catalogued.
command	cmTetrisPreview	3237			Commands.pas	prototype to replace	none; direct port pending	Pascal command catalogued.
command	cmTetrisIncLevel	3238			Commands.pas	prototype to replace	none; direct port pending	Pascal command catalogued.
command	cmPlayCD	3239			Commands.pas	prototype to replace	none; direct port pending	Pascal command catalogued.
command	cmEnvEdit	3240			Commands.pas	prototype to replace	none; direct port pending	Pascal command catalogued.
command	cmEditHGL	3241			Commands.pas	prototype to replace	none; direct port pending	Pascal command catalogued.
command	cmExecuteDOScmd	3244			Commands.pas	prototype to replace	none; direct port pending	Pascal command catalogued.
command	cmFMSetup	3246			Commands.pas	prototype to replace	none; direct port pending	Pascal command catalogued.
command	cmDriveInfoSetup	3247			Commands.pas	prototype to replace	none; direct port pending	Pascal command catalogued.
command	cmHideCmdLine	3248			Commands.pas	prototype to replace	none; direct port pending	Pascal command catalogued.
command	cmChLngId	3250			Commands.pas	prototype to replace	none; direct port pending	Pascal command catalogued.
command	cmIsRightPanel	3251			Commands.pas	prototype to replace	none; direct port pending	Pascal command catalogued.
command	cmLookForPanels	3550			Commands.pas	prototype to replace	none; direct port pending	Pascal command catalogued.
command	cmFirstTimePanel	3551			Commands.pas	prototype to replace	none; direct port pending	Pascal command catalogued.
command	cmReverseSearch	3552			Commands.pas	prototype to replace	none; direct port pending	Pascal command catalogued.
command	cmEditHistory	3553			Commands.pas	prototype to replace	none; direct port pending	Pascal command catalogued.
command	cmViewHistory	3554			Commands.pas	prototype to replace	none; direct port pending	Pascal command catalogued.
command	cmOpenClipBoard	3555			Commands.pas	prototype to replace	none; direct port pending	Pascal command catalogued.
command	cmShowTimeInfo	3556			Commands.pas	prototype to replace	none; direct port pending	Pascal command catalogued.
command	cmTextView	22189			Commands.pas	prototype to replace	none; direct port pending	Pascal command catalogued.
command	cmHexView	22190			Commands.pas	prototype to replace	none; direct port pending	Pascal command catalogued.
command	cmDBFView	22191			Commands.pas	prototype to replace	none; direct port pending	Pascal command catalogued.
command	cmWKZView	22192			Commands.pas	prototype to replace	none; direct port pending	Pascal command catalogued.
command	cmSetValue	10000			Commands.pas	prototype to replace	none; direct port pending	Pascal command catalogued.
command	cmSetError	10001			Commands.pas	prototype to replace	none; direct port pending	Pascal command catalogued.
command	cmCalcValue	10002			Commands.pas	prototype to replace	none; direct port pending	Pascal command catalogued.
command	cmCopyClip	10003			Commands.pas	prototype to replace	none; direct port pending	Pascal command catalogued.
command	cmGetPtr1	23000			Commands.pas	prototype to replace	none; direct port pending	Pascal command catalogued.
command	cmGetPtr2	23001			Commands.pas	prototype to replace	none; direct port pending	Pascal command catalogued.
command	cmRFormat	24000			Commands.pas	prototype to replace	none; direct port pending	Pascal command catalogued.
command	cmNewStrColl	24001			Commands.pas	prototype to replace	none; direct port pending	Pascal command catalogued.
command	cmGetCmpNfo	24418			Commands.pas	prototype to replace	none; direct port pending	Pascal command catalogued.
command	cmRSearchAdvance	24123			Commands.pas	prototype to replace	none; direct port pending	Pascal command catalogued.
command	cmCalendar	27000			Commands.pas	prototype to replace	none; direct port pending	Pascal command catalogued.
command	cmTasklist	27001			Commands.pas	prototype to replace	none; direct port pending	Pascal command catalogued.
command	cmOpen	27			Commands.pas	prototype to replace	none; direct port pending	Pascal command catalogued.
command	cmSave	28			Commands.pas	prototype to replace	none; direct port pending	Pascal command catalogued.
command	cmSaveAll	29			Commands.pas	prototype to replace	none; direct port pending	Pascal command catalogued.
command	cmBlockRead	120			Commands.pas	prototype to replace	none; direct port pending	Pascal command catalogued.
command	cmBlockWrite	121			Commands.pas	prototype to replace	none; direct port pending	Pascal command catalogued.
command	cmBlockPrint	122			Commands.pas	prototype to replace	none; direct port pending	Pascal command catalogued.
command	cmFJustify	123			Commands.pas	prototype to replace	none; direct port pending	Pascal command catalogued.
command	cmFCenter	124			Commands.pas	prototype to replace	none; direct port pending	Pascal command catalogued.
command	cmFLeft	125			Commands.pas	prototype to replace	none; direct port pending	Pascal command catalogued.
command	cmFRight	126			Commands.pas	prototype to replace	none; direct port pending	Pascal command catalogued.
command	cmSortBlock	127			Commands.pas	prototype to replace	none; direct port pending	Pascal command catalogued.
command	cmCalcBlock	128			Commands.pas	prototype to replace	none; direct port pending	Pascal command catalogued.
command	cmCopyBlock	129			Commands.pas	prototype to replace	none; direct port pending	Pascal command catalogued.
command	cmMoveBlock	130			Commands.pas	prototype to replace	none; direct port pending	Pascal command catalogued.
command	cmHideBlock	131			Commands.pas	prototype to replace	none; direct port pending	Pascal command catalogued.
command	cmIndentBlock	135			Commands.pas	prototype to replace	none; direct port pending	Pascal command catalogued.
command	cmUnIndentBlock	136			Commands.pas	prototype to replace	none; direct port pending	Pascal command catalogued.
command	cmRevSortBlock	139			Commands.pas	prototype to replace	none; direct port pending	Pascal command catalogued.
command	cmForceRescan	149			Commands.pas	prototype to replace	none; direct port pending	Pascal command catalogued.
command	cmViewFile	150			Commands.pas	prototype to replace	none; direct port pending	Pascal command catalogued.
command	cmEditFile	151			Commands.pas	prototype to replace	none; direct port pending	Pascal command catalogued.
command	cmIntViewFile	153			Commands.pas	prototype to replace	none; direct port pending	Pascal command catalogued.
command	cmIntEditFile	154			Commands.pas	prototype to replace	none; direct port pending	Pascal command catalogued.
command	cmCopyFiles	155			Commands.pas	prototype to replace	none; direct port pending	Pascal command catalogued.
command	cmTempCopyFiles	156			Commands.pas	prototype to replace	none; direct port pending	Pascal command catalogued.
command	cmPanelLongCopy	157			Commands.pas	prototype to replace	none; direct port pending	Pascal command catalogued.
command	cmMoveFiles	158			Commands.pas	prototype to replace	none; direct port pending	Pascal command catalogued.
command	cmPanelMkDir	159			Commands.pas	prototype to replace	none; direct port pending	Pascal command catalogued.
command	cmPanelErase	160			Commands.pas	prototype to replace	none; direct port pending	Pascal command catalogued.
command	cmMakeList	161			Commands.pas	prototype to replace	none; direct port pending	Pascal command catalogued.
command	cmCompareDir	162			Commands.pas	prototype to replace	none; direct port pending	Pascal command catalogued.
command	cmSetFAttr	163			Commands.pas	prototype to replace	none; direct port pending	Pascal command catalogued.
command	cmPanelSortSetup	164			Commands.pas	prototype to replace	none; direct port pending	Pascal command catalogued.
command	cmSortBy	165			Commands.pas	prototype to replace	none; direct port pending	Pascal command catalogued.
command	cmPanelSelect	166			Commands.pas	prototype to replace	none; direct port pending	Pascal command catalogued.
command	cmPanelUnselect	167			Commands.pas	prototype to replace	none; direct port pending	Pascal command catalogued.
command	cmPanelInvertSel	168			Commands.pas	prototype to replace	none; direct port pending	Pascal command catalogued.
command	cmPanelReread	169			Commands.pas	prototype to replace	none; direct port pending	Pascal command catalogued.
command	cmChangeDrive	170			Commands.pas	prototype to replace	none; direct port pending	Pascal command catalogued.
command	cmChangeDir	171			Commands.pas	prototype to replace	none; direct port pending	Pascal command catalogued.
command	cmPanelShowSetup	172			Commands.pas	prototype to replace	none; direct port pending	Pascal command catalogued.
command	cmPanelPrint	173			Commands.pas	prototype to replace	none; direct port pending	Pascal command catalogued.
command	cmPanelArcFiles	174			Commands.pas	prototype to replace	none; direct port pending	Pascal command catalogued.
command	cmExtractArchive	175			Commands.pas	prototype to replace	none; direct port pending	Pascal command catalogued.
command	cmPanelMakeList	176			Commands.pas	prototype to replace	none; direct port pending	Pascal command catalogued.
command	cmListOfDirs	177			Commands.pas	prototype to replace	none; direct port pending	Pascal command catalogued.
command	cmCountLen	178			Commands.pas	prototype to replace	none; direct port pending	Pascal command catalogued.
command	cmUUEncodeFile	179			Commands.pas	prototype to replace	none; direct port pending	Pascal command catalogued.
command	cmUUDecodeFile	180			Commands.pas	prototype to replace	none; direct port pending	Pascal command catalogued.
command	cmDirHistory	181			Commands.pas	prototype to replace	none; direct port pending	Pascal command catalogued.
command	cmUnpDiskImg	182			Commands.pas	prototype to replace	none; direct port pending	Pascal command catalogued.
command	cmSingleDel	183			Commands.pas	prototype to replace	none; direct port pending	Pascal command catalogued.
command	cmAdvFilter	184			Commands.pas	prototype to replace	none; direct port pending	Pascal command catalogued.
command	cmSingleAttr	185			Commands.pas	prototype to replace	none; direct port pending	Pascal command catalogued.
command	cmDirBranch	186			Commands.pas	prototype to replace	none; direct port pending	Pascal command catalogued.
command	cmChangeNameCase	187			Commands.pas	prototype to replace	none; direct port pending	Pascal command catalogued.
command	cmSetEALongname	188			Commands.pas	prototype to replace	none; direct port pending	Pascal command catalogued.
command	cmSelectPreset	230			Commands.pas	prototype to replace	none; direct port pending	Pascal command catalogued.
command	cmDirBranchFull	231			Commands.pas	prototype to replace	none; direct port pending	Pascal command catalogued.
command	cmViewText	189			Commands.pas	prototype to replace	none; direct port pending	Pascal command catalogued.
command	cmViewHex	190			Commands.pas	prototype to replace	none; direct port pending	Pascal command catalogued.
command	cmViewDBF	191			Commands.pas	prototype to replace	none; direct port pending	Pascal command catalogued.
command	cmViewWKZ	192			Commands.pas	prototype to replace	none; direct port pending	Pascal command catalogued.
command	cmPrintBlock	193			Commands.pas	prototype to replace	none; direct port pending	Pascal command catalogued.
command	cmDialPhone	194			Commands.pas	prototype to replace	none; direct port pending	Pascal command catalogued.
command	cmWindowManager	195			Commands.pas	prototype to replace	none; direct port pending	Pascal command catalogued.
command	cmClearDesktop	196			Commands.pas	prototype to replace	none; direct port pending	Pascal command catalogued.
command	cmUnWrap	197			Commands.pas	prototype to replace	none; direct port pending	Pascal command catalogued.
command	cmSingleCopy	198			Commands.pas	prototype to replace	none; direct port pending	Pascal command catalogued.
command	cmSingleRename	199			Commands.pas	prototype to replace	none; direct port pending	Pascal command catalogued.
command	cmGotoCell	508			Commands.pas	prototype to replace	none; direct port pending	Pascal command catalogued.
command	cmSortName	13000			Commands.pas	prototype to replace	none; direct port pending	Pascal command catalogued.
command	cmSortExt	13001			Commands.pas	prototype to replace	none; direct port pending	Pascal command catalogued.
command	cmSortSize	13002			Commands.pas	prototype to replace	none; direct port pending	Pascal command catalogued.
command	cmSortDate	13003			Commands.pas	prototype to replace	none; direct port pending	Pascal command catalogued.
command	cmSortCrDate	13004			Commands.pas	prototype to replace	none; direct port pending	Pascal command catalogued.
command	cmSortLADate	13005			Commands.pas	prototype to replace	none; direct port pending	Pascal command catalogued.
command	cmSortDIZ	13006			Commands.pas	prototype to replace	none; direct port pending	Pascal command catalogued.
command	cmSortUnsorted	13007			Commands.pas	prototype to replace	none; direct port pending	Pascal command catalogued.
command	cmSortOwnerToggle	13257			Commands.pas	prototype to replace	none; direct port pending	Pascal command catalogued.
command	cmSortGrpToggle	13258			Commands.pas	prototype to replace	none; direct port pending	Pascal command catalogued.
command	cmSortInvToggle	13259			Commands.pas	prototype to replace	none; direct port pending	Pascal command catalogued.
command	cmSortDirsByNameToggle	13260			Commands.pas	prototype to replace	none; direct port pending	Pascal command catalogued.
command	cmDirTree	200			Commands.pas	prototype to replace	none; direct port pending	Pascal command catalogued.
command	cmQuickView	201			Commands.pas	prototype to replace	none; direct port pending	Pascal command catalogued.
command	cmSwapPanels	202			Commands.pas	prototype to replace	none; direct port pending	Pascal command catalogued.
command	cmHideLeft	203			Commands.pas	prototype to replace	none; direct port pending	Pascal command catalogued.
command	cmHideRight	204			Commands.pas	prototype to replace	none; direct port pending	Pascal command catalogued.
command	cmChangeLeft	205			Commands.pas	prototype to replace	none; direct port pending	Pascal command catalogued.
command	cmChangeRight	206			Commands.pas	prototype to replace	none; direct port pending	Pascal command catalogued.
command	cmDiskInfo	207			Commands.pas	prototype to replace	none; direct port pending	Pascal command catalogued.
command	cmSwitchOther	208			Commands.pas	prototype to replace	none; direct port pending	Pascal command catalogued.
command	cmNetInfo	209			Commands.pas	prototype to replace	none; direct port pending	Pascal command catalogued.
command	cmDizView	210			Commands.pas	prototype to replace	none; direct port pending	Pascal command catalogued.
command	cmPhoneBookMode	221			Commands.pas	prototype to replace	none; direct port pending	Pascal command catalogued.
command	cmImportPhones	222			Commands.pas	prototype to replace	none; direct port pending	Pascal command catalogued.
command	cmSearchPhone	223			Commands.pas	prototype to replace	none; direct port pending	Pascal command catalogued.
command	cmHideInactive	224			Commands.pas	prototype to replace	none; direct port pending	Pascal command catalogued.
command	cmCopyPhone	225			Commands.pas	prototype to replace	none; direct port pending	Pascal command catalogued.
command	cmInsertPhone	226			Commands.pas	prototype to replace	none; direct port pending	Pascal command catalogued.
command	cmDeletePhone	227			Commands.pas	prototype to replace	none; direct port pending	Pascal command catalogued.
command	cmEditPhone	228			Commands.pas	prototype to replace	none; direct port pending	Pascal command catalogued.
command	cmPalVGA	229			Commands.pas	prototype to replace	none; direct port pending	Pascal command catalogued.
command	cmSelectMenuCommands	30000			Commands.pas	prototype to replace	none; direct port pending	Pascal command catalogued.
command	cmMoreCommand	30998			Commands.pas	prototype to replace	none; direct port pending	Pascal command catalogued.
command	cmNoneCommand	30999			Commands.pas	prototype to replace	none; direct port pending	Pascal command catalogued.
command	cmSwitch	31000			Commands.pas	prototype to replace	none; direct port pending	Pascal command catalogued.
command	cmPlugins	32000			Commands.pas	prototype to replace	none; direct port pending	Pascal command catalogued.
command	cmPluginsEnd	65000			Commands.pas	prototype to replace	none; direct port pending	Pascal command catalogued.
mnemonic			ENGLISH	M	ENGLISH:DIALOG:dlgCountrySetup:271	prototype to replace	none; resource binding pending	Language-specific resource mnemonic.
mnemonic			ENGLISH	D	ENGLISH:DIALOG:dlgCountrySetup:272	prototype to replace	none; resource binding pending	Language-specific resource mnemonic.
mnemonic			ENGLISH	Y	ENGLISH:DIALOG:dlgCountrySetup:273	prototype to replace	none; resource binding pending	Language-specific resource mnemonic.
mnemonic			ENGLISH	1	ENGLISH:DIALOG:dlgCountrySetup:277	prototype to replace	none; resource binding pending	Language-specific resource mnemonic.
mnemonic			ENGLISH	2	ENGLISH:DIALOG:dlgCountrySetup:278	prototype to replace	none; resource binding pending	Language-specific resource mnemonic.
mnemonic			ENGLISH	a	ENGLISH:DIALOG:dlgCountrySetup:282	prototype to replace	none; resource binding pending	Language-specific resource mnemonic.
mnemonic			ENGLISH	i	ENGLISH:DIALOG:dlgCountrySetup:284	prototype to replace	none; resource binding pending	Language-specific resource mnemonic.
mnemonic			ENGLISH	T	ENGLISH:DIALOG:dlgCountrySetup:286	prototype to replace	none; resource binding pending	Language-specific resource mnemonic.
mnemonic			ENGLISH	e	ENGLISH:DIALOG:dlgCountrySetup:288	prototype to replace	none; resource binding pending	Language-specific resource mnemonic.
mnemonic			ENGLISH	u	ENGLISH:DIALOG:dlgCountrySetup:290	prototype to replace	none; resource binding pending	Language-specific resource mnemonic.
mnemonic			ENGLISH	r	ENGLISH:DIALOG:dlgCountrySetup:298	prototype to replace	none; resource binding pending	Language-specific resource mnemonic.
mnemonic			ENGLISH	C	ENGLISH:DIALOG:dlgCountrySetup:300	prototype to replace	none; resource binding pending	Language-specific resource mnemonic.
mnemonic			ENGLISH	K	ENGLISH:DIALOG:dlgCountrySetup:302	prototype to replace	none; resource binding pending	Language-specific resource mnemonic.
mnemonic			ENGLISH	W	ENGLISH:DIALOG:dlgCountrySetup:306	prototype to replace	none; resource binding pending	Language-specific resource mnemonic.
mnemonic			ENGLISH	e	ENGLISH:DIALOG:dlgCountrySetup:308	prototype to replace	none; resource binding pending	Language-specific resource mnemonic.
mnemonic			ENGLISH	S	ENGLISH:DIALOG:dlgCountrySetup:309	prototype to replace	none; resource binding pending	Language-specific resource mnemonic.
mnemonic			ENGLISH	K	ENGLISH:DIALOG:dlgCountrySetup:310	prototype to replace	none; resource binding pending	Language-specific resource mnemonic.
mnemonic			ENGLISH	H	ENGLISH:DIALOG:dlgCountrySetup:312	prototype to replace	none; resource binding pending	Language-specific resource mnemonic.
mnemonic			ENGLISH	F	ENGLISH:MENU:dlgEditorMenu:316	prototype to replace	none; resource binding pending	Language-specific resource mnemonic.
mnemonic			ENGLISH	O	ENGLISH:MENU:dlgEditorMenu:317	prototype to replace	none; resource binding pending	Language-specific resource mnemonic.
mnemonic			ENGLISH	e	ENGLISH:MENU:dlgEditorMenu:318	prototype to replace	none; resource binding pending	Language-specific resource mnemonic.
mnemonic			ENGLISH	S	ENGLISH:MENU:dlgEditorMenu:319	prototype to replace	none; resource binding pending	Language-specific resource mnemonic.
mnemonic			ENGLISH	a	ENGLISH:MENU:dlgEditorMenu:320	prototype to replace	none; resource binding pending	Language-specific resource mnemonic.
mnemonic			ENGLISH	l	ENGLISH:MENU:dlgEditorMenu:321	prototype to replace	none; resource binding pending	Language-specific resource mnemonic.
mnemonic			ENGLISH	P	ENGLISH:MENU:dlgEditorMenu:324	prototype to replace	none; resource binding pending	Language-specific resource mnemonic.
mnemonic			ENGLISH	b	ENGLISH:MENU:dlgEditorMenu:325	prototype to replace	none; resource binding pending	Language-specific resource mnemonic.
mnemonic			ENGLISH	M	ENGLISH:MENU:dlgEditorMenu:327	prototype to replace	none; resource binding pending	Language-specific resource mnemonic.
mnemonic			ENGLISH	x	ENGLISH:MENU:dlgEditorMenu:328	prototype to replace	none; resource binding pending	Language-specific resource mnemonic.
mnemonic			ENGLISH	E	ENGLISH:MENU:dlgEditorMenu:330	prototype to replace	none; resource binding pending	Language-specific resource mnemonic.
mnemonic			ENGLISH	U	ENGLISH:MENU:dlgEditorMenu:331	prototype to replace	none; resource binding pending	Language-specific resource mnemonic.
mnemonic			ENGLISH	R	ENGLISH:MENU:dlgEditorMenu:332	prototype to replace	none; resource binding pending	Language-specific resource mnemonic.
mnemonic			ENGLISH	t	ENGLISH:MENU:dlgEditorMenu:334	prototype to replace	none; resource binding pending	Language-specific resource mnemonic.
mnemonic			ENGLISH	C	ENGLISH:MENU:dlgEditorMenu:335	prototype to replace	none; resource binding pending	Language-specific resource mnemonic.
mnemonic			ENGLISH	P	ENGLISH:MENU:dlgEditorMenu:336	prototype to replace	none; resource binding pending	Language-specific resource mnemonic.
mnemonic			ENGLISH	o	ENGLISH:MENU:dlgEditorMenu:337	prototype to replace	none; resource binding pending	Language-specific resource mnemonic.
mnemonic			ENGLISH	a	ENGLISH:MENU:dlgEditorMenu:338	prototype to replace	none; resource binding pending	Language-specific resource mnemonic.
mnemonic			ENGLISH	l	ENGLISH:MENU:dlgEditorMenu:350	prototype to replace	none; resource binding pending	Language-specific resource mnemonic.
mnemonic			ENGLISH	S	ENGLISH:MENU:dlgEditorMenu:352	prototype to replace	none; resource binding pending	Language-specific resource mnemonic.
mnemonic			ENGLISH	F	ENGLISH:MENU:dlgEditorMenu:353	prototype to replace	none; resource binding pending	Language-specific resource mnemonic.
mnemonic			ENGLISH	R	ENGLISH:MENU:dlgEditorMenu:354	prototype to replace	none; resource binding pending	Language-specific resource mnemonic.
mnemonic			ENGLISH	S	ENGLISH:MENU:dlgEditorMenu:355	prototype to replace	none; resource binding pending	Language-specific resource mnemonic.
mnemonic			ENGLISH	v	ENGLISH:MENU:dlgEditorMenu:356	prototype to replace	none; resource binding pending	Language-specific resource mnemonic.
mnemonic			ENGLISH	G	ENGLISH:MENU:dlgEditorMenu:357	prototype to replace	none; resource binding pending	Language-specific resource mnemonic.
mnemonic			ENGLISH	b	ENGLISH:MENU:dlgEditorMenu:359	prototype to replace	none; resource binding pending	Language-specific resource mnemonic.
mnemonic			ENGLISH	l	ENGLISH:MENU:dlgEditorMenu:360	prototype to replace	none; resource binding pending	Language-specific resource mnemonic.
mnemonic			ENGLISH	P	ENGLISH:MENU:dlgEditorMenu:363	prototype to replace	none; resource binding pending	Language-specific resource mnemonic.
mnemonic			ENGLISH	J	ENGLISH:MENU:dlgEditorMenu:364	prototype to replace	none; resource binding pending	Language-specific resource mnemonic.
mnemonic			ENGLISH	R	ENGLISH:MENU:dlgEditorMenu:365	prototype to replace	none; resource binding pending	Language-specific resource mnemonic.
mnemonic			ENGLISH	L	ENGLISH:MENU:dlgEditorMenu:366	prototype to replace	none; resource binding pending	Language-specific resource mnemonic.
mnemonic			ENGLISH	C	ENGLISH:MENU:dlgEditorMenu:367	prototype to replace	none; resource binding pending	Language-specific resource mnemonic.
mnemonic			ENGLISH	M	ENGLISH:MENU:dlgEditorMenu:369	prototype to replace	none; resource binding pending	Language-specific resource mnemonic.
mnemonic			ENGLISH	B	ENGLISH:MENU:dlgEditorMenu:371	prototype to replace	none; resource binding pending	Language-specific resource mnemonic.
mnemonic			ENGLISH	M	ENGLISH:MENU:dlgEditorMenu:372	prototype to replace	none; resource binding pending	Language-specific resource mnemonic.
mnemonic			ENGLISH	C	ENGLISH:MENU:dlgEditorMenu:373	prototype to replace	none; resource binding pending	Language-specific resource mnemonic.
mnemonic			ENGLISH	I	ENGLISH:MENU:dlgEditorMenu:374	prototype to replace	none; resource binding pending	Language-specific resource mnemonic.
mnemonic			ENGLISH	U	ENGLISH:MENU:dlgEditorMenu:375	prototype to replace	none; resource binding pending	Language-specific resource mnemonic.
mnemonic			ENGLISH	T	ENGLISH:MENU:dlgEditorMenu:376	prototype to replace	none; resource binding pending	Language-specific resource mnemonic.
mnemonic			ENGLISH	v	ENGLISH:MENU:dlgEditorMenu:379	prototype to replace	none; resource binding pending	Language-specific resource mnemonic.
mnemonic			ENGLISH	S	ENGLISH:MENU:dlgEditorMenu:380	prototype to replace	none; resource binding pending	Language-specific resource mnemonic.
mnemonic			ENGLISH	u	ENGLISH:MENU:dlgEditorMenu:381	prototype to replace	none; resource binding pending	Language-specific resource mnemonic.
mnemonic			ENGLISH	M	ENGLISH:MENU:dlgEditorMenu:383	prototype to replace	none; resource binding pending	Language-specific resource mnemonic.
mnemonic			ENGLISH	d	ENGLISH:MENU:dlgEditorMenu:384	prototype to replace	none; resource binding pending	Language-specific resource mnemonic.
mnemonic			ENGLISH	t	ENGLISH:MENU:dlgEditorMenu:385	prototype to replace	none; resource binding pending	Language-specific resource mnemonic.
mnemonic			ENGLISH	p	ENGLISH:MENU:dlgEditorMenu:386	prototype to replace	none; resource binding pending	Language-specific resource mnemonic.
mnemonic			ENGLISH	b	ENGLISH:MENU:dlgEditorMenu:387	prototype to replace	none; resource binding pending	Language-specific resource mnemonic.
mnemonic			ENGLISH	w	ENGLISH:MENU:dlgEditorMenu:388	prototype to replace	none; resource binding pending	Language-specific resource mnemonic.
mnemonic			ENGLISH	m	ENGLISH:MENU:dlgEditorMenu:390	prototype to replace	none; resource binding pending	Language-specific resource mnemonic.
mnemonic			ENGLISH	U	ENGLISH:MENU:dlgEditorMenu:392	prototype to replace	none; resource binding pending	Language-specific resource mnemonic.
mnemonic			ENGLISH	W	ENGLISH:MENU:dlgEditorMenu:393	prototype to replace	none; resource binding pending	Language-specific resource mnemonic.
mnemonic			ENGLISH	L	ENGLISH:MENU:dlgEditorMenu:394	prototype to replace	none; resource binding pending	Language-specific resource mnemonic.
mnemonic			ENGLISH	L	ENGLISH:MENU:dlgEditorMenu:396	prototype to replace	none; resource binding pending	Language-specific resource mnemonic.
mnemonic			ENGLISH	W	ENGLISH:MENU:dlgEditorMenu:397	prototype to replace	none; resource binding pending	Language-specific resource mnemonic.
mnemonic			ENGLISH	L	ENGLISH:MENU:dlgEditorMenu:398	prototype to replace	none; resource binding pending	Language-specific resource mnemonic.
mnemonic			ENGLISH	C	ENGLISH:MENU:dlgEditorMenu:400	prototype to replace	none; resource binding pending	Language-specific resource mnemonic.
mnemonic			ENGLISH	W	ENGLISH:MENU:dlgEditorMenu:401	prototype to replace	none; resource binding pending	Language-specific resource mnemonic.
mnemonic			ENGLISH	L	ENGLISH:MENU:dlgEditorMenu:402	prototype to replace	none; resource binding pending	Language-specific resource mnemonic.
mnemonic			ENGLISH	W	ENGLISH:MENU:dlgEditorMenu:405	prototype to replace	none; resource binding pending	Language-specific resource mnemonic.
mnemonic			ENGLISH	L	ENGLISH:MENU:dlgEditorMenu:406	prototype to replace	none; resource binding pending	Language-specific resource mnemonic.
mnemonic			ENGLISH	W	ENGLISH:MENU:dlgEditorMenu:409	prototype to replace	none; resource binding pending	Language-specific resource mnemonic.
mnemonic			ENGLISH	L	ENGLISH:MENU:dlgEditorMenu:410	prototype to replace	none; resource binding pending	Language-specific resource mnemonic.
mnemonic			ENGLISH	+	ENGLISH:MENU:dlgEditorMenu:413	prototype to replace	none; resource binding pending	Language-specific resource mnemonic.
mnemonic			ENGLISH	L	ENGLISH:MENU:dlgEditorMenu:414	prototype to replace	none; resource binding pending	Language-specific resource mnemonic.
mnemonic			ENGLISH	C	ENGLISH:MENU:dlgEditorMenu:415	prototype to replace	none; resource binding pending	Language-specific resource mnemonic.
mnemonic			ENGLISH	O	ENGLISH:MENU:dlgEditorMenu:418	prototype to replace	none; resource binding pending	Language-specific resource mnemonic.
mnemonic			ENGLISH	B	ENGLISH:MENU:dlgEditorMenu:419	prototype to replace	none; resource binding pending	Language-specific resource mnemonic.
mnemonic			ENGLISH	r	ENGLISH:MENU:dlgEditorMenu:420	prototype to replace	none; resource binding pending	Language-specific resource mnemonic.
mnemonic			ENGLISH	i	ENGLISH:MENU:dlgEditorMenu:421	prototype to replace	none; resource binding pending	Language-specific resource mnemonic.
mnemonic			ENGLISH	A	ENGLISH:MENU:dlgEditorMenu:422	prototype to replace	none; resource binding pending	Language-specific resource mnemonic.
mnemonic			ENGLISH	J	ENGLISH:MENU:dlgEditorMenu:423	prototype to replace	none; resource binding pending	Language-specific resource mnemonic.
mnemonic			ENGLISH	V	ENGLISH:MENU:dlgEditorMenu:424	prototype to replace	none; resource binding pending	Language-specific resource mnemonic.
mnemonic			ENGLISH	m	ENGLISH:MENU:dlgEditorMenu:425	prototype to replace	none; resource binding pending	Language-specific resource mnemonic.
mnemonic			ENGLISH	l	ENGLISH:MENU:dlgEditorMenu:426	prototype to replace	none; resource binding pending	Language-specific resource mnemonic.
mnemonic			ENGLISH	c	ENGLISH:MENU:dlgEditorMenu:427	prototype to replace	none; resource binding pending	Language-specific resource mnemonic.
mnemonic			ENGLISH	h	ENGLISH:MENU:dlgEditorMenu:428	prototype to replace	none; resource binding pending	Language-specific resource mnemonic.
mnemonic			ENGLISH	R	ENGLISH:MENU:dlgEditorMenu:430	prototype to replace	none; resource binding pending	Language-specific resource mnemonic.
mnemonic			ENGLISH	S	ENGLISH:MENU:dlgEditorMenu:433	prototype to replace	none; resource binding pending	Language-specific resource mnemonic.
mnemonic			ENGLISH	A	ENGLISH:MENU:dlgFixerMenu:439	prototype to replace	none; resource binding pending	Language-specific resource mnemonic.
mnemonic			ENGLISH	F	ENGLISH:MENU:dlgFixerMenu:440	prototype to replace	none; resource binding pending	Language-specific resource mnemonic.
mnemonic			ENGLISH	r	ENGLISH:MENU:dlgFixerMenu:441	prototype to replace	none; resource binding pending	Language-specific resource mnemonic.
mnemonic			ENGLISH	D	ENGLISH:MENU:dlgFixerMenu:442	prototype to replace	none; resource binding pending	Language-specific resource mnemonic.
mnemonic			ENGLISH	C	ENGLISH:MENU:dlgFixerMenu:443	prototype to replace	none; resource binding pending	Language-specific resource mnemonic.
mnemonic			ENGLISH	S	ENGLISH:MENU:dlgFixerMenu:444	prototype to replace	none; resource binding pending	Language-specific resource mnemonic.
mnemonic			ENGLISH	x	ENGLISH:MENU:dlgFixerMenu:446	prototype to replace	none; resource binding pending	Language-specific resource mnemonic.
mnemonic			ENGLISH	E	ENGLISH:MENU:dlgFixerMenu:448	prototype to replace	none; resource binding pending	Language-specific resource mnemonic.
mnemonic			ENGLISH	U	ENGLISH:MENU:dlgFixerMenu:449	prototype to replace	none; resource binding pending	Language-specific resource mnemonic.
mnemonic			ENGLISH	C	ENGLISH:MENU:dlgFixerMenu:451	prototype to replace	none; resource binding pending	Language-specific resource mnemonic.
mnemonic			ENGLISH	P	ENGLISH:MENU:dlgFixerMenu:452	prototype to replace	none; resource binding pending	Language-specific resource mnemonic.
mnemonic			ENGLISH	o	ENGLISH:MENU:dlgFixerMenu:453	prototype to replace	none; resource binding pending	Language-specific resource mnemonic.
mnemonic			ENGLISH	F	ENGLISH:MENU:dlgFixerMenu:454	prototype to replace	none; resource binding pending	Language-specific resource mnemonic.
mnemonic			ENGLISH	S	ENGLISH:MENU:dlgFixerMenu:456	prototype to replace	none; resource binding pending	Language-specific resource mnemonic.
mnemonic			ENGLISH	n	ENGLISH:MENU:dlgFixerMenu:457	prototype to replace	none; resource binding pending	Language-specific resource mnemonic.
mnemonic			ENGLISH	V	ENGLISH:MENU:dlgFixerMenu:459	prototype to replace	none; resource binding pending	Language-specific resource mnemonic.
mnemonic			ENGLISH	H	ENGLISH:MENU:dlgFixerMenu:460	prototype to replace	none; resource binding pending	Language-specific resource mnemonic.
mnemonic			ENGLISH	D	ENGLISH:MENU:dlgFixerMenu:461	prototype to replace	none; resource binding pending	Language-specific resource mnemonic.
mnemonic			ENGLISH	T	ENGLISH:MENU:dlgFixerMenu:462	prototype to replace	none; resource binding pending	Language-specific resource mnemonic.
mnemonic			ENGLISH	F	ENGLISH:MENU:dlgFixerMenu:463	prototype to replace	none; resource binding pending	Language-specific resource mnemonic.
mnemonic			ENGLISH	A	ENGLISH:MENU:dlgMainMenu:469	prototype to replace	none; resource binding pending	Language-specific resource mnemonic.
mnemonic			ENGLISH	R	ENGLISH:MENU:dlgMainMenu:470	prototype to replace	none; resource binding pending	Language-specific resource mnemonic.
mnemonic			ENGLISH	S	ENGLISH:MENU:dlgMainMenu:471	prototype to replace	none; resource binding pending	Language-specific resource mnemonic.
mnemonic			ENGLISH	C	ENGLISH:MENU:dlgMainMenu:472	prototype to replace	none; resource binding pending	Language-specific resource mnemonic.
mnemonic			ENGLISH	b	ENGLISH:MENU:dlgMainMenu:474	prototype to replace	none; resource binding pending	Language-specific resource mnemonic.
mnemonic			ENGLISH	U	ENGLISH:MENU:dlgMainMenu:475	prototype to replace	none; resource binding pending	Language-specific resource mnemonic.
mnemonic			ENGLISH	O	ENGLISH:MENU:dlgMainMenu:476	prototype to replace	none; resource binding pending	Language-specific resource mnemonic.
mnemonic			ENGLISH	m	ENGLISH:MENU:dlgMainMenu:477	prototype to replace	none; resource binding pending	Language-specific resource mnemonic.
mnemonic			ENGLISH	l	ENGLISH:MENU:dlgMainMenu:479	prototype to replace	none; resource binding pending	Language-specific resource mnemonic.
mnemonic			ENGLISH	T	ENGLISH:MENU:dlgMainMenu:480	prototype to replace	none; resource binding pending	Language-specific resource mnemonic.
mnemonic			ENGLISH	O	ENGLISH:MENU:dlgMainMenu:481	prototype to replace	none; resource binding pending	Language-specific resource mnemonic.
mnemonic			ENGLISH	E	ENGLISH:MENU:dlgMainMenu:483	prototype to replace	none; resource binding pending	Language-specific resource mnemonic.
mnemonic			ENGLISH	1	ENGLISH:MENU:dlgMainMenu:484	prototype to replace	none; resource binding pending	Language-specific resource mnemonic.
mnemonic			ENGLISH	2	ENGLISH:MENU:dlgMainMenu:485	prototype to replace	none; resource binding pending	Language-specific resource mnemonic.
mnemonic			ENGLISH	h	ENGLISH:MENU:dlgMainMenu:486	prototype to replace	none; resource binding pending	Language-specific resource mnemonic.
mnemonic			ENGLISH	G	ENGLISH:MENU:dlgMainMenu:489	prototype to replace	none; resource binding pending	Language-specific resource mnemonic.
mnemonic			ENGLISH	F	ENGLISH:MENU:dlgMainMenu:492	prototype to replace	none; resource binding pending	Language-specific resource mnemonic.
mnemonic			ENGLISH	V	ENGLISH:MENU:dlgMainMenu:493	prototype to replace	none; resource binding pending	Language-specific resource mnemonic.
mnemonic			ENGLISH	a	ENGLISH:MENU:dlgMainMenu:494	prototype to replace	none; resource binding pending	Language-specific resource mnemonic.
mnemonic			ENGLISH	w	ENGLISH:MENU:dlgMainMenu:495	prototype to replace	none; resource binding pending	Language-specific resource mnemonic.
mnemonic			ENGLISH	T	ENGLISH:MENU:dlgMainMenu:496	prototype to replace	none; resource binding pending	Language-specific resource mnemonic.
mnemonic			ENGLISH	x	ENGLISH:MENU:dlgMainMenu:497	prototype to replace	none; resource binding pending	Language-specific resource mnemonic.
mnemonic			ENGLISH	D	ENGLISH:MENU:dlgMainMenu:498	prototype to replace	none; resource binding pending	Language-specific resource mnemonic.
mnemonic			ENGLISH	S	ENGLISH:MENU:dlgMainMenu:499	prototype to replace	none; resource binding pending	Language-specific resource mnemonic.
mnemonic			ENGLISH	E	ENGLISH:MENU:dlgMainMenu:501	prototype to replace	none; resource binding pending	Language-specific resource mnemonic.
mnemonic			ENGLISH	E	ENGLISH:MENU:dlgMainMenu:502	prototype to replace	none; resource binding pending	Language-specific resource mnemonic.
mnemonic			ENGLISH	A	ENGLISH:MENU:dlgMainMenu:503	prototype to replace	none; resource binding pending	Language-specific resource mnemonic.
mnemonic			ENGLISH	n	ENGLISH:MENU:dlgMainMenu:505	prototype to replace	none; resource binding pending	Language-specific resource mnemonic.
mnemonic			ENGLISH	F	ENGLISH:MENU:dlgMainMenu:507	prototype to replace	none; resource binding pending	Language-specific resource mnemonic.
mnemonic			ENGLISH	C	ENGLISH:MENU:dlgMainMenu:508	prototype to replace	none; resource binding pending	Language-specific resource mnemonic.
mnemonic			ENGLISH	R	ENGLISH:MENU:dlgMainMenu:509	prototype to replace	none; resource binding pending	Language-specific resource mnemonic.
mnemonic			ENGLISH	h	ENGLISH:MENU:dlgMainMenu:510	prototype to replace	none; resource binding pending	Language-specific resource mnemonic.
mnemonic			ENGLISH	y	ENGLISH:MENU:dlgMainMenu:511	prototype to replace	none; resource binding pending	Language-specific resource mnemonic.
mnemonic			ENGLISH	t	ENGLISH:MENU:dlgMainMenu:512	prototype to replace	none; resource binding pending	Language-specific resource mnemonic.
mnemonic			ENGLISH	S	ENGLISH:MENU:dlgMainMenu:513	prototype to replace	none; resource binding pending	Language-specific resource mnemonic.
mnemonic			ENGLISH	P	ENGLISH:MENU:dlgMainMenu:514	prototype to replace	none; resource binding pending	Language-specific resource mnemonic.
mnemonic			ENGLISH	M	ENGLISH:MENU:dlgMainMenu:515	prototype to replace	none; resource binding pending	Language-specific resource mnemonic.
mnemonic			ENGLISH	D	ENGLISH:MENU:dlgMainMenu:516	prototype to replace	none; resource binding pending	Language-specific resource mnemonic.
mnemonic			ENGLISH	A	ENGLISH:MENU:dlgMainMenu:517	prototype to replace	none; resource binding pending	Language-specific resource mnemonic.
mnemonic			ENGLISH	g	ENGLISH:MENU:dlgMainMenu:518	prototype to replace	none; resource binding pending	Language-specific resource mnemonic.
mnemonic			ENGLISH	t	ENGLISH:MENU:dlgMainMenu:529	prototype to replace	none; resource binding pending	Language-specific resource mnemonic.
mnemonic			ENGLISH	x	ENGLISH:MENU:dlgMainMenu:531	prototype to replace	none; resource binding pending	Language-specific resource mnemonic.
mnemonic			ENGLISH	D	ENGLISH:MENU:dlgMainMenu:533	prototype to replace	none; resource binding pending	Language-specific resource mnemonic.
mnemonic			ENGLISH	F	ENGLISH:MENU:dlgMainMenu:535	prototype to replace	none; resource binding pending	Language-specific resource mnemonic.
mnemonic			ENGLISH	V	ENGLISH:MENU:dlgMainMenu:538	prototype to replace	none; resource binding pending	Language-specific resource mnemonic.
mnemonic			ENGLISH	R	ENGLISH:MENU:dlgMainMenu:542	prototype to replace	none; resource binding pending	Language-specific resource mnemonic.
mnemonic			ENGLISH	e	ENGLISH:MENU:dlgMainMenu:543	prototype to replace	none; resource binding pending	Language-specific resource mnemonic.
mnemonic			ENGLISH	D	ENGLISH:MENU:dlgMainMenu:546	prototype to replace	none; resource binding pending	Language-specific resource mnemonic.
mnemonic			ENGLISH	U	ENGLISH:MENU:dlgMainMenu:548	prototype to replace	none; resource binding pending	Language-specific resource mnemonic.
mnemonic			ENGLISH	M	ENGLISH:MENU:dlgMainMenu:550	prototype to replace	none; resource binding pending	Language-specific resource mnemonic.
mnemonic			ENGLISH	y	ENGLISH:MENU:dlgMainMenu:551	prototype to replace	none; resource binding pending	Language-specific resource mnemonic.
mnemonic			ENGLISH	T	ENGLISH:MENU:dlgMainMenu:555	prototype to replace	none; resource binding pending	Language-specific resource mnemonic.
mnemonic			ENGLISH	C	ENGLISH:MENU:dlgMainMenu:557	prototype to replace	none; resource binding pending	Language-specific resource mnemonic.
mnemonic			ENGLISH	n	ENGLISH:MENU:dlgMainMenu:558	prototype to replace	none; resource binding pending	Language-specific resource mnemonic.
mnemonic			ENGLISH	b	ENGLISH:MENU:dlgMainMenu:559	prototype to replace	none; resource binding pending	Language-specific resource mnemonic.
mnemonic			ENGLISH	P	ENGLISH:MENU:dlgMainMenu:560	prototype to replace	none; resource binding pending	Language-specific resource mnemonic.
mnemonic			ENGLISH	O	ENGLISH:MENU:dlgMainMenu:561	prototype to replace	none; resource binding pending	Language-specific resource mnemonic.
mnemonic			ENGLISH	n	ENGLISH:MENU:dlgMainMenu:562	prototype to replace	none; resource binding pending	Language-specific resource mnemonic.
mnemonic			ENGLISH	U	ENGLISH:MENU:dlgMainMenu:563	prototype to replace	none; resource binding pending	Language-specific resource mnemonic.
mnemonic			ENGLISH	D	ENGLISH:MENU:dlgMainMenu:565	prototype to replace	none; resource binding pending	Language-specific resource mnemonic.
mnemonic			ENGLISH	r	ENGLISH:MENU:dlgMainMenu:567	prototype to replace	none; resource binding pending	Language-specific resource mnemonic.
mnemonic			ENGLISH	L	ENGLISH:MENU:dlgMainMenu:568	prototype to replace	none; resource binding pending	Language-specific resource mnemonic.
mnemonic			ENGLISH	a	ENGLISH:MENU:dlgMainMenu:569	prototype to replace	none; resource binding pending	Language-specific resource mnemonic.
mnemonic			ENGLISH	s	ENGLISH:MENU:dlgMainMenu:570	prototype to replace	none; resource binding pending	Language-specific resource mnemonic.
mnemonic			ENGLISH	t	ENGLISH:MENU:dlgMainMenu:573	prototype to replace	none; resource binding pending	Language-specific resource mnemonic.
mnemonic			ENGLISH	U	ENGLISH:MENU:dlgMainMenu:574	prototype to replace	none; resource binding pending	Language-specific resource mnemonic.
mnemonic			ENGLISH	H	ENGLISH:MENU:dlgMainMenu:577	prototype to replace	none; resource binding pending	Language-specific resource mnemonic.
mnemonic			ENGLISH	E	ENGLISH:MENU:dlgMainMenu:578	prototype to replace	none; resource binding pending	Language-specific resource mnemonic.
mnemonic			ENGLISH	V	ENGLISH:MENU:dlgMainMenu:579	prototype to replace	none; resource binding pending	Language-specific resource mnemonic.
mnemonic			ENGLISH	P	ENGLISH:MENU:dlgMainMenu:585	prototype to replace	none; resource binding pending	Language-specific resource mnemonic.
mnemonic			ENGLISH	M	ENGLISH:MENU:dlgMainMenu:586	prototype to replace	none; resource binding pending	Language-specific resource mnemonic.
mnemonic			ENGLISH	l	ENGLISH:MENU:dlgMainMenu:587	prototype to replace	none; resource binding pending	Language-specific resource mnemonic.
mnemonic			ENGLISH	C	ENGLISH:MENU:dlgMainMenu:588	prototype to replace	none; resource binding pending	Language-specific resource mnemonic.
mnemonic			ENGLISH	g	ENGLISH:MENU:dlgMainMenu:589	prototype to replace	none; resource binding pending	Language-specific resource mnemonic.
mnemonic			ENGLISH	h	ENGLISH:MENU:dlgMainMenu:590	prototype to replace	none; resource binding pending	Language-specific resource mnemonic.
mnemonic			ENGLISH	p	ENGLISH:MENU:dlgMainMenu:592	prototype to replace	none; resource binding pending	Language-specific resource mnemonic.
mnemonic			ENGLISH	b	ENGLISH:MENU:dlgMainMenu:593	prototype to replace	none; resource binding pending	Language-specific resource mnemonic.
mnemonic			ENGLISH	p	ENGLISH:MENU:dlgMainMenu:595	prototype to replace	none; resource binding pending	Language-specific resource mnemonic.
mnemonic			ENGLISH	U	ENGLISH:MENU:dlgMainMenu:596	prototype to replace	none; resource binding pending	Language-specific resource mnemonic.
mnemonic			ENGLISH	v	ENGLISH:MENU:dlgMainMenu:597	prototype to replace	none; resource binding pending	Language-specific resource mnemonic.
mnemonic			ENGLISH	d	ENGLISH:MENU:dlgMainMenu:599	prototype to replace	none; resource binding pending	Language-specific resource mnemonic.
mnemonic			ENGLISH	t	ENGLISH:MENU:dlgMainMenu:600	prototype to replace	none; resource binding pending	Language-specific resource mnemonic.
mnemonic			ENGLISH	R	ENGLISH:MENU:dlgMainMenu:601	prototype to replace	none; resource binding pending	Language-specific resource mnemonic.
mnemonic			ENGLISH	Q	ENGLISH:MENU:dlgMainMenu:602	prototype to replace	none; resource binding pending	Language-specific resource mnemonic.
mnemonic			ENGLISH	M	ENGLISH:MENU:dlgMainMenu:604	prototype to replace	none; resource binding pending	Language-specific resource mnemonic.
mnemonic			ENGLISH	N	ENGLISH:MENU:dlgMainMenu:605	prototype to replace	none; resource binding pending	Language-specific resource mnemonic.
mnemonic			ENGLISH	D	ENGLISH:MENU:dlgMainMenu:606	prototype to replace	none; resource binding pending	Language-specific resource mnemonic.
mnemonic			ENGLISH	I	ENGLISH:MENU:dlgMainMenu:607	prototype to replace	none; resource binding pending	Language-specific resource mnemonic.
mnemonic			ENGLISH	e	ENGLISH:MENU:dlgMainMenu:610	prototype to replace	none; resource binding pending	Language-specific resource mnemonic.
mnemonic			ENGLISH	Q	ENGLISH:MENU:dlgMainMenu:612	prototype to replace	none; resource binding pending	Language-specific resource mnemonic.
mnemonic			ENGLISH	D	ENGLISH:MENU:dlgMainMenu:613	prototype to replace	none; resource binding pending	Language-specific resource mnemonic.
mnemonic			ENGLISH	S	ENGLISH:MENU:dlgMainMenu:615	prototype to replace	none; resource binding pending	Language-specific resource mnemonic.
mnemonic			ENGLISH	l	ENGLISH:MENU:dlgMainMenu:616	prototype to replace	none; resource binding pending	Language-specific resource mnemonic.
mnemonic			ENGLISH	r	ENGLISH:MENU:dlgMainMenu:617	prototype to replace	none; resource binding pending	Language-specific resource mnemonic.
mnemonic			ENGLISH	p	ENGLISH:MENU:dlgMainMenu:618	prototype to replace	none; resource binding pending	Language-specific resource mnemonic.
mnemonic			ENGLISH	f	ENGLISH:MENU:dlgMainMenu:620	prototype to replace	none; resource binding pending	Language-specific resource mnemonic.
mnemonic			ENGLISH	h	ENGLISH:MENU:dlgMainMenu:621	prototype to replace	none; resource binding pending	Language-specific resource mnemonic.
mnemonic			ENGLISH	O	ENGLISH:MENU:dlgMainMenu:623	prototype to replace	none; resource binding pending	Language-specific resource mnemonic.
mnemonic			ENGLISH	C	ENGLISH:MENU:dlgMainMenu:624	prototype to replace	none; resource binding pending	Language-specific resource mnemonic.
mnemonic			ENGLISH	y	ENGLISH:MENU:dlgMainMenu:625	prototype to replace	none; resource binding pending	Language-specific resource mnemonic.
mnemonic			ENGLISH	S	ENGLISH:MENU:dlgMainMenu:626	prototype to replace	none; resource binding pending	Language-specific resource mnemonic.
mnemonic			ENGLISH	I	ENGLISH:MENU:dlgMainMenu:627	prototype to replace	none; resource binding pending	Language-specific resource mnemonic.
mnemonic			ENGLISH	C	ENGLISH:MENU:dlgMainMenu:628	prototype to replace	none; resource binding pending	Language-specific resource mnemonic.
mnemonic			ENGLISH	v	ENGLISH:MENU:dlgMainMenu:630	prototype to replace	none; resource binding pending	Language-specific resource mnemonic.
mnemonic			ENGLISH	r	ENGLISH:MENU:dlgMainMenu:631	prototype to replace	none; resource binding pending	Language-specific resource mnemonic.
mnemonic			ENGLISH	o	ENGLISH:MENU:dlgMainMenu:632	prototype to replace	none; resource binding pending	Language-specific resource mnemonic.
mnemonic			ENGLISH	M	ENGLISH:MENU:dlgMainMenu:633	prototype to replace	none; resource binding pending	Language-specific resource mnemonic.
mnemonic			ENGLISH	u	ENGLISH:MENU:dlgMainMenu:635	prototype to replace	none; resource binding pending	Language-specific resource mnemonic.
mnemonic			ENGLISH	E	ENGLISH:MENU:dlgMainMenu:638	prototype to replace	none; resource binding pending	Language-specific resource mnemonic.
mnemonic			ENGLISH	T	ENGLISH:MENU:dlgMainMenu:640	prototype to replace	none; resource binding pending	Language-specific resource mnemonic.
mnemonic			ENGLISH	F	ENGLISH:MENU:dlgMainMenu:643	prototype to replace	none; resource binding pending	Language-specific resource mnemonic.
mnemonic			ENGLISH	S	ENGLISH:MENU:dlgMainMenu:644	prototype to replace	none; resource binding pending	Language-specific resource mnemonic.
mnemonic			ENGLISH	I	ENGLISH:MENU:dlgMainMenu:645	prototype to replace	none; resource binding pending	Language-specific resource mnemonic.
mnemonic			ENGLISH	H	ENGLISH:MENU:dlgMainMenu:646	prototype to replace	none; resource binding pending	Language-specific resource mnemonic.
mnemonic			ENGLISH	P	ENGLISH:MENU:dlgMainMenu:648	prototype to replace	none; resource binding pending	Language-specific resource mnemonic.
mnemonic			ENGLISH	a	ENGLISH:MENU:dlgMainMenu:649	prototype to replace	none; resource binding pending	Language-specific resource mnemonic.
mnemonic			ENGLISH	S	ENGLISH:MENU:dlgMainMenu:650	prototype to replace	none; resource binding pending	Language-specific resource mnemonic.
mnemonic			ENGLISH	f	ENGLISH:MENU:dlgMainMenu:651	prototype to replace	none; resource binding pending	Language-specific resource mnemonic.
mnemonic			ENGLISH	r	ENGLISH:MENU:dlgMainMenu:653	prototype to replace	none; resource binding pending	Language-specific resource mnemonic.
mnemonic			ENGLISH	E	ENGLISH:MENU:dlgMainMenu:657	prototype to replace	none; resource binding pending	Language-specific resource mnemonic.
mnemonic			ENGLISH	N	ENGLISH:MENU:dlgMainMenu:658	prototype to replace	none; resource binding pending	Language-specific resource mnemonic.
mnemonic			ENGLISH	A	ENGLISH:MENU:dlgMainMenu:659	prototype to replace	none; resource binding pending	Language-specific resource mnemonic.
mnemonic			ENGLISH	J	ENGLISH:MENU:dlgMainMenu:660	prototype to replace	none; resource binding pending	Language-specific resource mnemonic.
mnemonic			ENGLISH	2	ENGLISH:MENU:dlgMainMenu:661	prototype to replace	none; resource binding pending	Language-specific resource mnemonic.
mnemonic			ENGLISH	B	ENGLISH:MENU:dlgMainMenu:662	prototype to replace	none; resource binding pending	Language-specific resource mnemonic.
mnemonic			ENGLISH	C	ENGLISH:MENU:dlgMainMenu:664	prototype to replace	none; resource binding pending	Language-specific resource mnemonic.
mnemonic			ENGLISH	H	ENGLISH:MENU:dlgMainMenu:665	prototype to replace	none; resource binding pending	Language-specific resource mnemonic.
mnemonic			ENGLISH	P	ENGLISH:MENU:dlgMainMenu:666	prototype to replace	none; resource binding pending	Language-specific resource mnemonic.
mnemonic			ENGLISH	K	ENGLISH:MENU:dlgMainMenu:667	prototype to replace	none; resource binding pending	Language-specific resource mnemonic.
mnemonic			ENGLISH	Y	ENGLISH:MENU:dlgMainMenu:668	prototype to replace	none; resource binding pending	Language-specific resource mnemonic.
mnemonic			ENGLISH	3	ENGLISH:MENU:dlgMainMenu:669	prototype to replace	none; resource binding pending	Language-specific resource mnemonic.
mnemonic			ENGLISH	L	ENGLISH:MENU:dlgMainMenu:670	prototype to replace	none; resource binding pending	Language-specific resource mnemonic.
mnemonic			ENGLISH	I	ENGLISH:MENU:dlgMainMenu:671	prototype to replace	none; resource binding pending	Language-specific resource mnemonic.
mnemonic			ENGLISH	R	ENGLISH:MENU:dlgMainMenu:673	prototype to replace	none; resource binding pending	Language-specific resource mnemonic.
mnemonic			ENGLISH	S	ENGLISH:MENU:dlgMainMenu:674	prototype to replace	none; resource binding pending	Language-specific resource mnemonic.
mnemonic			ENGLISH	T	ENGLISH:MENU:dlgMainMenu:675	prototype to replace	none; resource binding pending	Language-specific resource mnemonic.
mnemonic			ENGLISH	G	ENGLISH:MENU:dlgMainMenu:676	prototype to replace	none; resource binding pending	Language-specific resource mnemonic.
mnemonic			ENGLISH	U	ENGLISH:MENU:dlgMainMenu:677	prototype to replace	none; resource binding pending	Language-specific resource mnemonic.
mnemonic			ENGLISH	F	ENGLISH:MENU:dlgMainMenu:678	prototype to replace	none; resource binding pending	Language-specific resource mnemonic.
mnemonic			ENGLISH	Z	ENGLISH:MENU:dlgMainMenu:679	prototype to replace	none; resource binding pending	Language-specific resource mnemonic.
mnemonic			ENGLISH	O	ENGLISH:MENU:dlgMainMenu:680	prototype to replace	none; resource binding pending	Language-specific resource mnemonic.
mnemonic			ENGLISH	X	ENGLISH:MENU:dlgMainMenu:681	prototype to replace	none; resource binding pending	Language-specific resource mnemonic.
mnemonic			ENGLISH	7	ENGLISH:MENU:dlgMainMenu:682	prototype to replace	none; resource binding pending	Language-specific resource mnemonic.
mnemonic			ENGLISH	Q	ENGLISH:MENU:dlgMainMenu:686	prototype to replace	none; resource binding pending	Language-specific resource mnemonic.
mnemonic			ENGLISH	x	ENGLISH:MENU:dlgMainMenu:687	prototype to replace	none; resource binding pending	Language-specific resource mnemonic.
mnemonic			ENGLISH	H	ENGLISH:MENU:dlgMainMenu:688	prototype to replace	none; resource binding pending	Language-specific resource mnemonic.
mnemonic			ENGLISH	p	ENGLISH:MENU:dlgMainMenu:690	prototype to replace	none; resource binding pending	Language-specific resource mnemonic.
mnemonic			ENGLISH	I	ENGLISH:MENU:dlgMainMenu:691	prototype to replace	none; resource binding pending	Language-specific resource mnemonic.
mnemonic			ENGLISH	G	ENGLISH:MENU:dlgMainMenu:692	prototype to replace	none; resource binding pending	Language-specific resource mnemonic.
mnemonic			ENGLISH	m	ENGLISH:MENU:dlgMainMenu:693	prototype to replace	none; resource binding pending	Language-specific resource mnemonic.
mnemonic			ENGLISH	V	ENGLISH:MENU:dlgMainMenu:694	prototype to replace	none; resource binding pending	Language-specific resource mnemonic.
mnemonic			ENGLISH	E	ENGLISH:MENU:dlgMainMenu:695	prototype to replace	none; resource binding pending	Language-specific resource mnemonic.
mnemonic			ENGLISH	S	ENGLISH:MENU:dlgMainMenu:697	prototype to replace	none; resource binding pending	Language-specific resource mnemonic.
mnemonic			ENGLISH	L	ENGLISH:MENU:dlgMainMenu:698	prototype to replace	none; resource binding pending	Language-specific resource mnemonic.
mnemonic			ENGLISH	o	ENGLISH:MENU:dlgMainMenu:700	prototype to replace	none; resource binding pending	Language-specific resource mnemonic.
mnemonic			ENGLISH	t	ENGLISH:MENU:dlgMainMenu:701	prototype to replace	none; resource binding pending	Language-specific resource mnemonic.
mnemonic			ENGLISH	a	ENGLISH:MENU:dlgMainMenu:702	prototype to replace	none; resource binding pending	Language-specific resource mnemonic.
mnemonic			ENGLISH	W	ENGLISH:MENU:dlgMainMenu:704	prototype to replace	none; resource binding pending	Language-specific resource mnemonic.
mnemonic			ENGLISH	T	ENGLISH:MENU:dlgMainMenu:705	prototype to replace	none; resource binding pending	Language-specific resource mnemonic.
mnemonic			ENGLISH	a	ENGLISH:MENU:dlgMainMenu:706	prototype to replace	none; resource binding pending	Language-specific resource mnemonic.
mnemonic			ENGLISH	o	ENGLISH:MENU:dlgMainMenu:707	prototype to replace	none; resource binding pending	Language-specific resource mnemonic.
mnemonic			ENGLISH	S	ENGLISH:MENU:dlgMainMenu:709	prototype to replace	none; resource binding pending	Language-specific resource mnemonic.
mnemonic			ENGLISH	Z	ENGLISH:MENU:dlgMainMenu:710	prototype to replace	none; resource binding pending	Language-specific resource mnemonic.
mnemonic			ENGLISH	M	ENGLISH:MENU:dlgMainMenu:711	prototype to replace	none; resource binding pending	Language-specific resource mnemonic.
mnemonic			ENGLISH	N	ENGLISH:MENU:dlgMainMenu:712	prototype to replace	none; resource binding pending	Language-specific resource mnemonic.
mnemonic			ENGLISH	P	ENGLISH:MENU:dlgMainMenu:713	prototype to replace	none; resource binding pending	Language-specific resource mnemonic.
mnemonic			ENGLISH	C	ENGLISH:MENU:dlgMainMenu:718	prototype to replace	none; resource binding pending	Language-specific resource mnemonic.
mnemonic			ENGLISH	L	ENGLISH:MENU:dlgMainMenu:720	prototype to replace	none; resource binding pending	Language-specific resource mnemonic.
mnemonic			ENGLISH	F	ENGLISH:MENU:dlgWkzMenuBar:725	prototype to replace	none; resource binding pending	Language-specific resource mnemonic.
mnemonic			ENGLISH	N	ENGLISH:MENU:dlgWkzMenuBar:726	prototype to replace	none; resource binding pending	Language-specific resource mnemonic.
mnemonic			ENGLISH	O	ENGLISH:MENU:dlgWkzMenuBar:727	prototype to replace	none; resource binding pending	Language-specific resource mnemonic.
mnemonic			ENGLISH	S	ENGLISH:MENU:dlgWkzMenuBar:728	prototype to replace	none; resource binding pending	Language-specific resource mnemonic.
mnemonic			ENGLISH	a	ENGLISH:MENU:dlgWkzMenuBar:729	prototype to replace	none; resource binding pending	Language-specific resource mnemonic.
mnemonic			ENGLISH	t	ENGLISH:MENU:dlgWkzMenuBar:730	prototype to replace	none; resource binding pending	Language-specific resource mnemonic.
mnemonic			ENGLISH	I	ENGLISH:MENU:dlgWkzMenuBar:731	prototype to replace	none; resource binding pending	Language-specific resource mnemonic.
mnemonic			ENGLISH	C	ENGLISH:MENU:dlgWkzMenuBar:732	prototype to replace	none; resource binding pending	Language-specific resource mnemonic.
mnemonic			ENGLISH	D	ENGLISH:MENU:dlgWkzMenuBar:733	prototype to replace	none; resource binding pending	Language-specific resource mnemonic.
mnemonic			ENGLISH	E	ENGLISH:MENU:dlgWkzMenuBar:735	prototype to replace	none; resource binding pending	Language-specific resource mnemonic.
mnemonic			ENGLISH	C	ENGLISH:MENU:dlgWkzMenuBar:736	prototype to replace	none; resource binding pending	Language-specific resource mnemonic.
mnemonic			ENGLISH	D	ENGLISH:MENU:dlgWkzMenuBar:737	prototype to replace	none; resource binding pending	Language-specific resource mnemonic.
mnemonic			ENGLISH	X	ENGLISH:MENU:dlgWkzMenuBar:738	prototype to replace	none; resource binding pending	Language-specific resource mnemonic.
mnemonic			ENGLISH	M	ENGLISH:MENU:dlgWkzMenuBar:741	prototype to replace	none; resource binding pending	Language-specific resource mnemonic.
mnemonic			ENGLISH	x	ENGLISH:MENU:dlgWkzMenuBar:743	prototype to replace	none; resource binding pending	Language-specific resource mnemonic.
mnemonic			ENGLISH	E	ENGLISH:MENU:dlgWkzMenuBar:745	prototype to replace	none; resource binding pending	Language-specific resource mnemonic.
mnemonic			ENGLISH	U	ENGLISH:MENU:dlgWkzMenuBar:746	prototype to replace	none; resource binding pending	Language-specific resource mnemonic.
mnemonic			ENGLISH	t	ENGLISH:MENU:dlgWkzMenuBar:748	prototype to replace	none; resource binding pending	Language-specific resource mnemonic.
mnemonic			ENGLISH	C	ENGLISH:MENU:dlgWkzMenuBar:749	prototype to replace	none; resource binding pending	Language-specific resource mnemonic.
mnemonic			ENGLISH	P	ENGLISH:MENU:dlgWkzMenuBar:750	prototype to replace	none; resource binding pending	Language-specific resource mnemonic.
mnemonic			ENGLISH	l	ENGLISH:MENU:dlgWkzMenuBar:752	prototype to replace	none; resource binding pending	Language-specific resource mnemonic.
mnemonic			ENGLISH	S	ENGLISH:MENU:dlgWkzMenuBar:754	prototype to replace	none; resource binding pending	Language-specific resource mnemonic.
mnemonic			ENGLISH	F	ENGLISH:MENU:dlgWkzMenuBar:755	prototype to replace	none; resource binding pending	Language-specific resource mnemonic.
mnemonic			ENGLISH	R	ENGLISH:MENU:dlgWkzMenuBar:756	prototype to replace	none; resource binding pending	Language-specific resource mnemonic.
mnemonic			ENGLISH	S	ENGLISH:MENU:dlgWkzMenuBar:757	prototype to replace	none; resource binding pending	Language-specific resource mnemonic.
mnemonic			ENGLISH	G	ENGLISH:MENU:dlgWkzMenuBar:758	prototype to replace	none; resource binding pending	Language-specific resource mnemonic.
mnemonic			ENGLISH	e	ENGLISH:MENU:dlgWkzMenuBar:759	prototype to replace	none; resource binding pending	Language-specific resource mnemonic.
mnemonic			ENGLISH	T	ENGLISH:MENU:dlgWkzMenuBar:761	prototype to replace	none; resource binding pending	Language-specific resource mnemonic.
mnemonic			ENGLISH	C	ENGLISH:MENU:dlgWkzMenuBar:762	prototype to replace	none; resource binding pending	Language-specific resource mnemonic.
mnemonic			ENGLISH	o	ENGLISH:MENU:dlgWkzMenuBar:763	prototype to replace	none; resource binding pending	Language-specific resource mnemonic.
mnemonic			ENGLISH	T	ENGLISH:MENU:dlgWkzMenuBar:764	prototype to replace	none; resource binding pending	Language-specific resource mnemonic.
mnemonic			ENGLISH	I	ENGLISH:MENU:dlgWkzMenuBar:766	prototype to replace	none; resource binding pending	Language-specific resource mnemonic.
mnemonic			ENGLISH	n	ENGLISH:MENU:dlgWkzMenuBar:767	prototype to replace	none; resource binding pending	Language-specific resource mnemonic.
mnemonic			ENGLISH	D	ENGLISH:MENU:dlgWkzMenuBar:768	prototype to replace	none; resource binding pending	Language-specific resource mnemonic.
mnemonic			ENGLISH	e	ENGLISH:MENU:dlgWkzMenuBar:769	prototype to replace	none; resource binding pending	Language-specific resource mnemonic.
mnemonic			ENGLISH	Z	ENGLISH:MENU:dlgWkzMenuBar:806	prototype to replace	none; resource binding pending	Language-specific resource mnemonic.
mnemonic			ENGLISH	X	ENGLISH:MENU:dlgWkzMenuBar:811	prototype to replace	none; resource binding pending	Language-specific resource mnemonic.
mnemonic			ENGLISH	B	ENGLISH:MENU:dlgWkzMenuBar:830	prototype to replace	none; resource binding pending	Language-specific resource mnemonic.
mnemonic			ENGLISH	-	ENGLISH:MENU:dlgWkzMenuBar:831	prototype to replace	none; resource binding pending	Language-specific resource mnemonic.
mnemonic			ENGLISH	C	ENGLISH:MENU:dlgWkzMenuBar:832	prototype to replace	none; resource binding pending	Language-specific resource mnemonic.
mnemonic			ENGLISH	S	ENGLISH:MENU:dlgWkzMenuBar:833	prototype to replace	none; resource binding pending	Language-specific resource mnemonic.
mnemonic			ENGLISH	L	ENGLISH:MENU:dlgWkzMenuBar:834	prototype to replace	none; resource binding pending	Language-specific resource mnemonic.
mnemonic			ENGLISH	R	ENGLISH:MENU:dlgWkzMenuBar:838	prototype to replace	none; resource binding pending	Language-specific resource mnemonic.
mnemonic			ENGLISH	;	ENGLISH:MENU:dlgWkzMenuBar:839	prototype to replace	none; resource binding pending	Language-specific resource mnemonic.
mnemonic			ENGLISH	X	ENGLISH:MENU:dlgWkzMenuBar:840	prototype to replace	none; resource binding pending	Language-specific resource mnemonic.
mnemonic			ENGLISH	K	ENGLISH:MENU:dlgWkzMenuBar:855	prototype to replace	none; resource binding pending	Language-specific resource mnemonic.
mnemonic			ENGLISH	L	ENGLISH:MENU:dlgWkzMenuBar:856	prototype to replace	none; resource binding pending	Language-specific resource mnemonic.
mnemonic			ENGLISH	N	ENGLISH:MENU:dlgWkzMenuBar:858	prototype to replace	none; resource binding pending	Language-specific resource mnemonic.
mnemonic			ENGLISH	n	ENGLISH:MENU:dlgWkzMenuBar:860	prototype to replace	none; resource binding pending	Language-specific resource mnemonic.
mnemonic			ENGLISH	F	ENGLISH:MENU:dlgWkzMenuBar:862	prototype to replace	none; resource binding pending	Language-specific resource mnemonic.
mnemonic			ENGLISH	j	ENGLISH:MENU:dlgWkzMenuBar:864	prototype to replace	none; resource binding pending	Language-specific resource mnemonic.
mnemonic			ENGLISH	N	ENGLISH:MENU:dlgWkzMenuBar:868	prototype to replace	none; resource binding pending	Language-specific resource mnemonic.
mnemonic			ENGLISH	T	ENGLISH:MENU:dlgWkzMenuBar:870	prototype to replace	none; resource binding pending	Language-specific resource mnemonic.
mnemonic			ENGLISH	Q	ENGLISH:MENU:dlgWkzMenuBar:871	prototype to replace	none; resource binding pending	Language-specific resource mnemonic.
mnemonic			ENGLISH	Y	ENGLISH:MENU:dlgWkzMenuBar:872	prototype to replace	none; resource binding pending	Language-specific resource mnemonic.
mnemonic			ENGLISH	X	ENGLISH:MENU:dlgWkzMenuBar:875	prototype to replace	none; resource binding pending	Language-specific resource mnemonic.
mnemonic			ENGLISH	Z	ENGLISH:MENU:dlgWkzMenuBar:877	prototype to replace	none; resource binding pending	Language-specific resource mnemonic.
mnemonic			ENGLISH	H	ENGLISH:MENU:dlgWkzMenuBar:878	prototype to replace	none; resource binding pending	Language-specific resource mnemonic.
mnemonic			ENGLISH	B	ENGLISH:MENU:dlgWkzMenuBar:897	prototype to replace	none; resource binding pending	Language-specific resource mnemonic.
mnemonic			ENGLISH	-	ENGLISH:MENU:dlgWkzMenuBar:898	prototype to replace	none; resource binding pending	Language-specific resource mnemonic.
mnemonic			ENGLISH	C	ENGLISH:MENU:dlgWkzMenuBar:899	prototype to replace	none; resource binding pending	Language-specific resource mnemonic.
mnemonic			ENGLISH	S	ENGLISH:MENU:dlgWkzMenuBar:900	prototype to replace	none; resource binding pending	Language-specific resource mnemonic.
mnemonic			ENGLISH	R	ENGLISH:MENU:dlgWkzMenuBar:901	prototype to replace	none; resource binding pending	Language-specific resource mnemonic.
mnemonic			ENGLISH	X	ENGLISH:MENU:dlgWkzMenuBar:902	prototype to replace	none; resource binding pending	Language-specific resource mnemonic.
mnemonic			ENGLISH	L	ENGLISH:MENU:dlgWkzMenuBar:906	prototype to replace	none; resource binding pending	Language-specific resource mnemonic.
mnemonic			ENGLISH	N	ENGLISH:MENU:dlgWkzMenuBar:909	prototype to replace	none; resource binding pending	Language-specific resource mnemonic.
mnemonic			ENGLISH	Y	ENGLISH:MENU:dlgWkzMenuBar:911	prototype to replace	none; resource binding pending	Language-specific resource mnemonic.
mnemonic			ENGLISH	X	ENGLISH:MENU:dlgWkzMenuBar:917	prototype to replace	none; resource binding pending	Language-specific resource mnemonic.
mnemonic			ENGLISH	Z	ENGLISH:MENU:dlgWkzMenuBar:919	prototype to replace	none; resource binding pending	Language-specific resource mnemonic.
mnemonic			ENGLISH	B	ENGLISH:MENU:dlgWkzMenuBar:939	prototype to replace	none; resource binding pending	Language-specific resource mnemonic.
mnemonic			ENGLISH	-	ENGLISH:MENU:dlgWkzMenuBar:940	prototype to replace	none; resource binding pending	Language-specific resource mnemonic.
mnemonic			ENGLISH	C	ENGLISH:MENU:dlgWkzMenuBar:941	prototype to replace	none; resource binding pending	Language-specific resource mnemonic.
mnemonic			ENGLISH	S	ENGLISH:MENU:dlgWkzMenuBar:942	prototype to replace	none; resource binding pending	Language-specific resource mnemonic.
mnemonic			ENGLISH	L	ENGLISH:MENU:dlgWkzMenuBar:943	prototype to replace	none; resource binding pending	Language-specific resource mnemonic.
mnemonic			ENGLISH	R	ENGLISH:MENU:dlgWkzMenuBar:945	prototype to replace	none; resource binding pending	Language-specific resource mnemonic.
mnemonic			ENGLISH	Y	ENGLISH:MENU:dlgWkzMenuBar:946	prototype to replace	none; resource binding pending	Language-specific resource mnemonic.
mnemonic			ENGLISH	X	ENGLISH:MENU:dlgWkzMenuBar:947	prototype to replace	none; resource binding pending	Language-specific resource mnemonic.
mnemonic			ENGLISH	L	ENGLISH:MENU:dlgWkzMenuBar:953	prototype to replace	none; resource binding pending	Language-specific resource mnemonic.
mnemonic			ENGLISH	N	ENGLISH:MENU:dlgWkzMenuBar:955	prototype to replace	none; resource binding pending	Language-specific resource mnemonic.
mnemonic			ENGLISH	T	ENGLISH:MENU:dlgWkzMenuBar:957	prototype to replace	none; resource binding pending	Language-specific resource mnemonic.
mnemonic			ENGLISH	Y	ENGLISH:MENU:dlgWkzMenuBar:958	prototype to replace	none; resource binding pending	Language-specific resource mnemonic.
mnemonic			ENGLISH	X	ENGLISH:MENU:dlgWkzMenuBar:967	prototype to replace	none; resource binding pending	Language-specific resource mnemonic.
mnemonic			ENGLISH	Z	ENGLISH:MENU:dlgWkzMenuBar:969	prototype to replace	none; resource binding pending	Language-specific resource mnemonic.
mnemonic			ENGLISH	H	ENGLISH:MENU:dlgWkzMenuBar:970	prototype to replace	none; resource binding pending	Language-specific resource mnemonic.
mnemonic			ENGLISH	R	ENGLISH:MENU:dlgWkzMenuBar:993	prototype to replace	none; resource binding pending	Language-specific resource mnemonic.
mnemonic			ENGLISH	Y	ENGLISH:MENU:dlgWkzMenuBar:1001	prototype to replace	none; resource binding pending	Language-specific resource mnemonic.
mnemonic			ENGLISH	Z	ENGLISH:MENU:dlgWkzMenuBar:1002	prototype to replace	none; resource binding pending	Language-specific resource mnemonic.
mnemonic			ENGLISH	X	ENGLISH:MENU:dlgWkzMenuBar:1003	prototype to replace	none; resource binding pending	Language-specific resource mnemonic.
mnemonic			ENGLISH	X	ENGLISH:MENU:dlgWkzMenuBar:1006	prototype to replace	none; resource binding pending	Language-specific resource mnemonic.
mnemonic			ENGLISH	Z	ENGLISH:MENU:dlgWkzMenuBar:1008	prototype to replace	none; resource binding pending	Language-specific resource mnemonic.
mnemonic			ENGLISH	Y	ENGLISH:MENU:dlgWkzMenuBar:1028	prototype to replace	none; resource binding pending	Language-specific resource mnemonic.
mnemonic			ENGLISH	Z	ENGLISH:MENU:dlgWkzMenuBar:1030	prototype to replace	none; resource binding pending	Language-specific resource mnemonic.
mnemonic			ENGLISH	A	ENGLISH:MENU:dlgWkzMenuBar:1031	prototype to replace	none; resource binding pending	Language-specific resource mnemonic.
mnemonic			ENGLISH	E	ENGLISH:MENU:dlgWkzMenuBar:1032	prototype to replace	none; resource binding pending	Language-specific resource mnemonic.
mnemonic			ENGLISH	J	ENGLISH:MENU:dlgWkzMenuBar:1033	prototype to replace	none; resource binding pending	Language-specific resource mnemonic.
mnemonic			ENGLISH	X	ENGLISH:MENU:dlgWkzMenuBar:1034	prototype to replace	none; resource binding pending	Language-specific resource mnemonic.
mnemonic			ENGLISH	L	ENGLISH:MENU:dlgWkzMenuBar:1040	prototype to replace	none; resource binding pending	Language-specific resource mnemonic.
mnemonic			ENGLISH	X	ENGLISH:MENU:dlgWkzMenuBar:1051	prototype to replace	none; resource binding pending	Language-specific resource mnemonic.
mnemonic			ENGLISH	Z	ENGLISH:MENU:dlgWkzMenuBar:1053	prototype to replace	none; resource binding pending	Language-specific resource mnemonic.
mnemonic			ENGLISH	C	ENGLISH:MENU:dlgWkzMenuBar:1072	prototype to replace	none; resource binding pending	Language-specific resource mnemonic.
mnemonic			ENGLISH	D	ENGLISH:MENU:dlgWkzMenuBar:1073	prototype to replace	none; resource binding pending	Language-specific resource mnemonic.
mnemonic			ENGLISH	F	ENGLISH:MENU:dlgWkzMenuBar:1074	prototype to replace	none; resource binding pending	Language-specific resource mnemonic.
mnemonic			ENGLISH	R	ENGLISH:MENU:dlgWkzMenuBar:1075	prototype to replace	none; resource binding pending	Language-specific resource mnemonic.
mnemonic			ENGLISH	S	ENGLISH:MENU:dlgWkzMenuBar:1076	prototype to replace	none; resource binding pending	Language-specific resource mnemonic.
mnemonic			ENGLISH	Z	ENGLISH:MENU:dlgWkzMenuBar:1077	prototype to replace	none; resource binding pending	Language-specific resource mnemonic.
mnemonic			ENGLISH	X	ENGLISH:MENU:dlgWkzMenuBar:1078	prototype to replace	none; resource binding pending	Language-specific resource mnemonic.
mnemonic			ENGLISH	X	ENGLISH:MENU:dlgWkzMenuBar:1092	prototype to replace	none; resource binding pending	Language-specific resource mnemonic.
mnemonic			ENGLISH	y	ENGLISH:MENU:dlgWkzMenuBar:1113	prototype to replace	none; resource binding pending	Language-specific resource mnemonic.
mnemonic			ENGLISH	Z	ENGLISH:MENU:dlgWkzMenuBar:1114	prototype to replace	none; resource binding pending	Language-specific resource mnemonic.
mnemonic			ENGLISH	X	ENGLISH:MENU:dlgWkzMenuBar:1115	prototype to replace	none; resource binding pending	Language-specific resource mnemonic.
mnemonic			ENGLISH	I	ENGLISH:MENU:dlgWkzMenuBar:1117	prototype to replace	none; resource binding pending	Language-specific resource mnemonic.
mnemonic			ENGLISH	D	ENGLISH:MENU:dlgWkzMenuBar:1118	prototype to replace	none; resource binding pending	Language-specific resource mnemonic.
mnemonic			ENGLISH		ENGLISH:MENU:dlgWkzMenuBar:1130	prototype to replace	none; resource binding pending	Language-specific resource mnemonic.
mnemonic			ENGLISH		ENGLISH:MENU:dlgWkzMenuBar:1131	prototype to replace	none; resource binding pending	Language-specific resource mnemonic.
mnemonic			ENGLISH	X	ENGLISH:MENU:dlgWkzMenuBar:1133	prototype to replace	none; resource binding pending	Language-specific resource mnemonic.
mnemonic			ENGLISH	z	ENGLISH:MENU:dlgWkzMenuBar:1134	prototype to replace	none; resource binding pending	Language-specific resource mnemonic.
mnemonic			ENGLISH	J	ENGLISH:MENU:dlgWkzMenuBar:1158	prototype to replace	none; resource binding pending	Language-specific resource mnemonic.
mnemonic			ENGLISH	C	ENGLISH:MENU:dlgWkzMenuBar:1159	prototype to replace	none; resource binding pending	Language-specific resource mnemonic.
mnemonic			ENGLISH	L	ENGLISH:MENU:dlgWkzMenuBar:1160	prototype to replace	none; resource binding pending	Language-specific resource mnemonic.
mnemonic			ENGLISH	R	ENGLISH:MENU:dlgWkzMenuBar:1161	prototype to replace	none; resource binding pending	Language-specific resource mnemonic.
mnemonic			ENGLISH	Z	ENGLISH:MENU:dlgWkzMenuBar:1162	prototype to replace	none; resource binding pending	Language-specific resource mnemonic.
mnemonic			ENGLISH	V	ENGLISH:MENU:dlgWkzMenuBar:1165	prototype to replace	none; resource binding pending	Language-specific resource mnemonic.
mnemonic			ENGLISH	X	ENGLISH:MENU:dlgWkzMenuBar:1166	prototype to replace	none; resource binding pending	Language-specific resource mnemonic.
mnemonic			ENGLISH	Y	ENGLISH:MENU:dlgWkzMenuBar:1173	prototype to replace	none; resource binding pending	Language-specific resource mnemonic.
mnemonic			ENGLISH	X	ENGLISH:MENU:dlgWkzMenuBar:1183	prototype to replace	none; resource binding pending	Language-specific resource mnemonic.
mnemonic			ENGLISH	Z	ENGLISH:MENU:dlgWkzMenuBar:1185	prototype to replace	none; resource binding pending	Language-specific resource mnemonic.
mnemonic			ENGLISH	B	ENGLISH:MENU:dlgWkzMenuBar:1216	prototype to replace	none; resource binding pending	Language-specific resource mnemonic.
mnemonic			ENGLISH	I	ENGLISH:MENU:dlgWkzMenuBar:1217	prototype to replace	none; resource binding pending	Language-specific resource mnemonic.
mnemonic			ENGLISH	H	ENGLISH:MENU:dlgWkzMenuBar:1218	prototype to replace	none; resource binding pending	Language-specific resource mnemonic.
mnemonic			ENGLISH	V	ENGLISH:MENU:dlgWkzMenuBar:1219	prototype to replace	none; resource binding pending	Language-specific resource mnemonic.
mnemonic			ENGLISH	Z	ENGLISH:MENU:dlgWkzMenuBar:1220	prototype to replace	none; resource binding pending	Language-specific resource mnemonic.
mnemonic			ENGLISH	X	ENGLISH:MENU:dlgWkzMenuBar:1221	prototype to replace	none; resource binding pending	Language-specific resource mnemonic.
mnemonic			ENGLISH	Z	ENGLISH:MENU:dlgWkzMenuBar:1229	prototype to replace	none; resource binding pending	Language-specific resource mnemonic.
mnemonic			ENGLISH	X	ENGLISH:MENU:dlgWkzMenuBar:1239	prototype to replace	none; resource binding pending	Language-specific resource mnemonic.
mnemonic			ENGLISH	Z	ENGLISH:MENU:dlgWkzMenuBar:1241	prototype to replace	none; resource binding pending	Language-specific resource mnemonic.
mnemonic			ENGLISH	+	ENGLISH:MENU:dlgWkzMenuBar:1271	prototype to replace	none; resource binding pending	Language-specific resource mnemonic.
mnemonic			ENGLISH	*	ENGLISH:MENU:dlgWkzMenuBar:1272	prototype to replace	none; resource binding pending	Language-specific resource mnemonic.
mnemonic			ENGLISH	N	ENGLISH:MENU:dlgWkzMenuBar:1274	prototype to replace	none; resource binding pending	Language-specific resource mnemonic.
mnemonic			ENGLISH	P	ENGLISH:MENU:dlgWkzMenuBar:1275	prototype to replace	none; resource binding pending	Language-specific resource mnemonic.
mnemonic			ENGLISH	T	ENGLISH:MENU:dlgWkzMenuBar:1276	prototype to replace	none; resource binding pending	Language-specific resource mnemonic.
mnemonic			ENGLISH	S	ENGLISH:MENU:dlgWkzMenuBar:1277	prototype to replace	none; resource binding pending	Language-specific resource mnemonic.
mnemonic			ENGLISH	X	ENGLISH:MENU:dlgWkzMenuBar:1278	prototype to replace	none; resource binding pending	Language-specific resource mnemonic.
mnemonic			ENGLISH	C	ENGLISH:MENU:dlgWkzMenuBar:1302	prototype to replace	none; resource binding pending	Language-specific resource mnemonic.
mnemonic			ENGLISH	I	ENGLISH:MENU:dlgWkzMenuBar:1319	prototype to replace	none; resource binding pending	Language-specific resource mnemonic.
mnemonic			ENGLISH	C	ENGLISH:MENU:dlgWkzMenuBar:1320	prototype to replace	none; resource binding pending	Language-specific resource mnemonic.
mnemonic			ENGLISH	L	ENGLISH:MENU:dlgWkzMenuBar:1321	prototype to replace	none; resource binding pending	Language-specific resource mnemonic.
mnemonic			ENGLISH	D	ENGLISH:MENU:dlgWkzMenuBar:1322	prototype to replace	none; resource binding pending	Language-specific resource mnemonic.
mnemonic			ENGLISH	O	ENGLISH:MENU:dlgWkzMenuBar:1323	prototype to replace	none; resource binding pending	Language-specific resource mnemonic.
mnemonic			ENGLISH	S	ENGLISH:MENU:dlgWkzMenuBar:1324	prototype to replace	none; resource binding pending	Language-specific resource mnemonic.
mnemonic			ENGLISH	Y	ENGLISH:MENU:dlgWkzMenuBar:1325	prototype to replace	none; resource binding pending	Language-specific resource mnemonic.
mnemonic			ENGLISH	X	ENGLISH:MENU:dlgWkzMenuBar:1326	prototype to replace	none; resource binding pending	Language-specific resource mnemonic.
mnemonic			ENGLISH	X	ENGLISH:MENU:dlgWkzMenuBar:1341	prototype to replace	none; resource binding pending	Language-specific resource mnemonic.
mnemonic			ENGLISH	Y	ENGLISH:MENU:dlgWkzMenuBar:1354	prototype to replace	none; resource binding pending	Language-specific resource mnemonic.
mnemonic			ENGLISH	X	ENGLISH:MENU:dlgWkzMenuBar:1355	prototype to replace	none; resource binding pending	Language-specific resource mnemonic.
mnemonic			ENGLISH	X	ENGLISH:MENU:dlgWkzMenuBar:1369	prototype to replace	none; resource binding pending	Language-specific resource mnemonic.
mnemonic			ENGLISH	Z	ENGLISH:MENU:dlgWkzMenuBar:1371	prototype to replace	none; resource binding pending	Language-specific resource mnemonic.
mnemonic			ENGLISH	X	ENGLISH:MENU:dlgWkzMenuBar:1388	prototype to replace	none; resource binding pending	Language-specific resource mnemonic.
mnemonic			ENGLISH	X	ENGLISH:MENU:dlgWkzMenuBar:1391	prototype to replace	none; resource binding pending	Language-specific resource mnemonic.
mnemonic			ENGLISH	Z	ENGLISH:MENU:dlgWkzMenuBar:1393	prototype to replace	none; resource binding pending	Language-specific resource mnemonic.
mnemonic			ENGLISH	Y	ENGLISH:MENU:dlgWkzMenuBar:1406	prototype to replace	none; resource binding pending	Language-specific resource mnemonic.
mnemonic			ENGLISH	X	ENGLISH:MENU:dlgWkzMenuBar:1407	prototype to replace	none; resource binding pending	Language-specific resource mnemonic.
mnemonic			ENGLISH	X	ENGLISH:MENU:dlgWkzMenuBar:1421	prototype to replace	none; resource binding pending	Language-specific resource mnemonic.
mnemonic			ENGLISH	I	ENGLISH:MENU:dlgWkzMenuBar:1449	prototype to replace	none; resource binding pending	Language-specific resource mnemonic.
mnemonic			ENGLISH	P	ENGLISH:MENU:dlgWkzMenuBar:1469	prototype to replace	none; resource binding pending	Language-specific resource mnemonic.
mnemonic			ENGLISH	S	ENGLISH:MENU:dlgWkzMenuBar:1470	prototype to replace	none; resource binding pending	Language-specific resource mnemonic.
mnemonic			ENGLISH	U	ENGLISH:MENU:dlgWkzMenuBar:1471	prototype to replace	none; resource binding pending	Language-specific resource mnemonic.
mnemonic			ENGLISH	N	ENGLISH:MENU:dlgWkzMenuBar:1472	prototype to replace	none; resource binding pending	Language-specific resource mnemonic.
mnemonic			ENGLISH	V	ENGLISH:MENU:dlgWkzMenuBar:1473	prototype to replace	none; resource binding pending	Language-specific resource mnemonic.
mnemonic			ENGLISH	F	ENGLISH:MENU:dlgWkzMenuBar:1474	prototype to replace	none; resource binding pending	Language-specific resource mnemonic.
mnemonic			ENGLISH	B	ENGLISH:MENU:dlgWkzMenuBar:1475	prototype to replace	none; resource binding pending	Language-specific resource mnemonic.
mnemonic			ENGLISH	J	ENGLISH:MENU:dlgWkzMenuBar:1476	prototype to replace	none; resource binding pending	Language-specific resource mnemonic.
mnemonic			ENGLISH	Z	ENGLISH:MENU:dlgWkzMenuBar:1477	prototype to replace	none; resource binding pending	Language-specific resource mnemonic.
mnemonic			ENGLISH	X	ENGLISH:MENU:dlgWkzMenuBar:1479	prototype to replace	none; resource binding pending	Language-specific resource mnemonic.
mnemonic			ENGLISH	X	ENGLISH:MENU:dlgWkzMenuBar:1482	prototype to replace	none; resource binding pending	Language-specific resource mnemonic.
mnemonic			ENGLISH	C	ENGLISH:MENU:dlgWkzMenuBar:1496	prototype to replace	none; resource binding pending	Language-specific resource mnemonic.
mnemonic			ENGLISH	R	ENGLISH:MENU:dlgWkzMenuBar:1497	prototype to replace	none; resource binding pending	Language-specific resource mnemonic.
mnemonic			ENGLISH	X	ENGLISH:MENU:dlgWkzMenuBar:1509	prototype to replace	none; resource binding pending	Language-specific resource mnemonic.
mnemonic			ENGLISH	X	ENGLISH:MENU:dlgWkzMenuBar:1534	prototype to replace	none; resource binding pending	Language-specific resource mnemonic.
mnemonic			ENGLISH	X	ENGLISH:MENU:dlgWkzMenuBar:1551	prototype to replace	none; resource binding pending	Language-specific resource mnemonic.
mnemonic			ENGLISH	X	ENGLISH:MENU:dlgWkzMenuBar:1569	prototype to replace	none; resource binding pending	Language-specific resource mnemonic.
mnemonic			ENGLISH	S	ENGLISH:MENU:dlgWkzMenuBar:1648	prototype to replace	none; resource binding pending	Language-specific resource mnemonic.
mnemonic			ENGLISH	A	ENGLISH:MENU:dlgWkzMenuBar:1650	prototype to replace	none; resource binding pending	Language-specific resource mnemonic.
mnemonic			ENGLISH	s	ENGLISH:DIALOG:dlgConfirmations:1665	prototype to replace	none; resource binding pending	Language-specific resource mnemonic.
mnemonic			ENGLISH	m	ENGLISH:DIALOG:dlgConfirmations:1666	prototype to replace	none; resource binding pending	Language-specific resource mnemonic.
mnemonic			ENGLISH	n	ENGLISH:DIALOG:dlgConfirmations:1667	prototype to replace	none; resource binding pending	Language-specific resource mnemonic.
mnemonic			ENGLISH	r	ENGLISH:DIALOG:dlgConfirmations:1668	prototype to replace	none; resource binding pending	Language-specific resource mnemonic.
mnemonic			ENGLISH	C	ENGLISH:DIALOG:dlgConfirmations:1669	prototype to replace	none; resource binding pending	Language-specific resource mnemonic.
mnemonic			ENGLISH	-	ENGLISH:DIALOG:dlgConfirmations:1670	prototype to replace	none; resource binding pending	Language-specific resource mnemonic.
mnemonic			ENGLISH	-	ENGLISH:DIALOG:dlgConfirmations:1670	prototype to replace	none; resource binding pending	Language-specific resource mnemonic.
mnemonic			ENGLISH	v	ENGLISH:DIALOG:dlgConfirmations:1671	prototype to replace	none; resource binding pending	Language-specific resource mnemonic.
mnemonic			ENGLISH	x	ENGLISH:DIALOG:dlgConfirmations:1672	prototype to replace	none; resource binding pending	Language-specific resource mnemonic.
mnemonic			ENGLISH	K	ENGLISH:DIALOG:dlgConfirmations:1674	prototype to replace	none; resource binding pending	Language-specific resource mnemonic.
mnemonic			ENGLISH	H	ENGLISH:DIALOG:dlgConfirmations:1676	prototype to replace	none; resource binding pending	Language-specific resource mnemonic.
mnemonic			ENGLISH	a	ENGLISH:DIALOG:dlgAdvanceSearch:1683	prototype to replace	none; resource binding pending	Language-specific resource mnemonic.
mnemonic			ENGLISH	b	ENGLISH:DIALOG:dlgAdvanceSearch:1685	prototype to replace	none; resource binding pending	Language-specific resource mnemonic.
mnemonic			ENGLISH	g	ENGLISH:DIALOG:dlgAdvanceSearch:1687	prototype to replace	none; resource binding pending	Language-specific resource mnemonic.
mnemonic			ENGLISH	l	ENGLISH:DIALOG:dlgAdvanceSearch:1689	prototype to replace	none; resource binding pending	Language-specific resource mnemonic.
mnemonic			ENGLISH	r	ENGLISH:DIALOG:dlgAdvanceSearch:1691	prototype to replace	none; resource binding pending	Language-specific resource mnemonic.
mnemonic			ENGLISH	y	ENGLISH:DIALOG:dlgAdvanceSearch:1692	prototype to replace	none; resource binding pending	Language-specific resource mnemonic.
mnemonic			ENGLISH	i	ENGLISH:DIALOG:dlgAdvanceSearch:1693	prototype to replace	none; resource binding pending	Language-specific resource mnemonic.
mnemonic			ENGLISH	e	ENGLISH:DIALOG:dlgAdvanceSearch:1694	prototype to replace	none; resource binding pending	Language-specific resource mnemonic.
mnemonic			ENGLISH	K	ENGLISH:DIALOG:dlgAdvanceSearch:1697	prototype to replace	none; resource binding pending	Language-specific resource mnemonic.
mnemonic			ENGLISH	C	ENGLISH:DIALOG:dlgAdvanceSearch:1698	prototype to replace	none; resource binding pending	Language-specific resource mnemonic.
mnemonic			ENGLISH	H	ENGLISH:DIALOG:dlgAdvanceSearch:1700	prototype to replace	none; resource binding pending	Language-specific resource mnemonic.
mnemonic			ENGLISH	P	ENGLISH:DIALOG:dlgReenterPassword:1706	prototype to replace	none; resource binding pending	Language-specific resource mnemonic.
mnemonic			ENGLISH	K	ENGLISH:DIALOG:dlgReenterPassword:1707	prototype to replace	none; resource binding pending	Language-specific resource mnemonic.
mnemonic			ENGLISH	H	ENGLISH:DIALOG:dlgReenterPassword:1709	prototype to replace	none; resource binding pending	Language-specific resource mnemonic.
mnemonic			ENGLISH	e	ENGLISH:DIALOG:dlgArchiveFiles:1715	prototype to replace	none; resource binding pending	Language-specific resource mnemonic.
mnemonic			ENGLISH	w	ENGLISH:DIALOG:dlgArchiveFiles:1717	prototype to replace	none; resource binding pending	Language-specific resource mnemonic.
mnemonic			ENGLISH	d	ENGLISH:DIALOG:dlgArchiveFiles:1719	prototype to replace	none; resource binding pending	Language-specific resource mnemonic.
mnemonic			ENGLISH	n	ENGLISH:DIALOG:dlgArchiveFiles:1721	prototype to replace	none; resource binding pending	Language-specific resource mnemonic.
mnemonic			ENGLISH	v	ENGLISH:DIALOG:dlgArchiveFiles:1722	prototype to replace	none; resource binding pending	Language-specific resource mnemonic.
mnemonic			ENGLISH	E	ENGLISH:DIALOG:dlgArchiveFiles:1730	prototype to replace	none; resource binding pending	Language-specific resource mnemonic.
mnemonic			ENGLISH	N	ENGLISH:DIALOG:dlgArchiveFiles:1731	prototype to replace	none; resource binding pending	Language-specific resource mnemonic.
mnemonic			ENGLISH	A	ENGLISH:DIALOG:dlgArchiveFiles:1732	prototype to replace	none; resource binding pending	Language-specific resource mnemonic.
mnemonic			ENGLISH	J	ENGLISH:DIALOG:dlgArchiveFiles:1733	prototype to replace	none; resource binding pending	Language-specific resource mnemonic.
mnemonic			ENGLISH	2	ENGLISH:DIALOG:dlgArchiveFiles:1734	prototype to replace	none; resource binding pending	Language-specific resource mnemonic.
mnemonic			ENGLISH	S	ENGLISH:DIALOG:dlgArchiveFiles:1735	prototype to replace	none; resource binding pending	Language-specific resource mnemonic.
mnemonic			ENGLISH	B	ENGLISH:DIALOG:dlgArchiveFiles:1736	prototype to replace	none; resource binding pending	Language-specific resource mnemonic.
mnemonic			ENGLISH	C	ENGLISH:DIALOG:dlgArchiveFiles:1737	prototype to replace	none; resource binding pending	Language-specific resource mnemonic.
mnemonic			ENGLISH	H	ENGLISH:DIALOG:dlgArchiveFiles:1738	prototype to replace	none; resource binding pending	Language-specific resource mnemonic.
mnemonic			ENGLISH	P	ENGLISH:DIALOG:dlgArchiveFiles:1739	prototype to replace	none; resource binding pending	Language-specific resource mnemonic.
mnemonic			ENGLISH	K	ENGLISH:DIALOG:dlgArchiveFiles:1740	prototype to replace	none; resource binding pending	Language-specific resource mnemonic.
mnemonic			ENGLISH	Y	ENGLISH:DIALOG:dlgArchiveFiles:1741	prototype to replace	none; resource binding pending	Language-specific resource mnemonic.
mnemonic			ENGLISH	3	ENGLISH:DIALOG:dlgArchiveFiles:1742	prototype to replace	none; resource binding pending	Language-specific resource mnemonic.
mnemonic			ENGLISH	L	ENGLISH:DIALOG:dlgArchiveFiles:1743	prototype to replace	none; resource binding pending	Language-specific resource mnemonic.
mnemonic			ENGLISH	M	ENGLISH:DIALOG:dlgArchiveFiles:1744	prototype to replace	none; resource binding pending	Language-specific resource mnemonic.
mnemonic			ENGLISH	Q	ENGLISH:DIALOG:dlgArchiveFiles:1745	prototype to replace	none; resource binding pending	Language-specific resource mnemonic.
mnemonic			ENGLISH	R	ENGLISH:DIALOG:dlgArchiveFiles:1746	prototype to replace	none; resource binding pending	Language-specific resource mnemonic.
mnemonic			ENGLISH	Z	ENGLISH:DIALOG:dlgArchiveFiles:1747	prototype to replace	none; resource binding pending	Language-specific resource mnemonic.
mnemonic			ENGLISH	T	ENGLISH:DIALOG:dlgArchiveFiles:1748	prototype to replace	none; resource binding pending	Language-specific resource mnemonic.
mnemonic			ENGLISH	G	ENGLISH:DIALOG:dlgArchiveFiles:1749	prototype to replace	none; resource binding pending	Language-specific resource mnemonic.
mnemonic			ENGLISH	U	ENGLISH:DIALOG:dlgArchiveFiles:1750	prototype to replace	none; resource binding pending	Language-specific resource mnemonic.
mnemonic			ENGLISH	F	ENGLISH:DIALOG:dlgArchiveFiles:1751	prototype to replace	none; resource binding pending	Language-specific resource mnemonic.
mnemonic			ENGLISH	I	ENGLISH:DIALOG:dlgArchiveFiles:1752	prototype to replace	none; resource binding pending	Language-specific resource mnemonic.
mnemonic			ENGLISH	O	ENGLISH:DIALOG:dlgArchiveFiles:1753	prototype to replace	none; resource binding pending	Language-specific resource mnemonic.
mnemonic			ENGLISH	X	ENGLISH:DIALOG:dlgArchiveFiles:1754	prototype to replace	none; resource binding pending	Language-specific resource mnemonic.
mnemonic			ENGLISH	7	ENGLISH:DIALOG:dlgArchiveFiles:1755	prototype to replace	none; resource binding pending	Language-specific resource mnemonic.
mnemonic			ENGLISH	F	ENGLISH:DIALOG:dlgArchiveFiles:1762	prototype to replace	none; resource binding pending	Language-specific resource mnemonic.
mnemonic			ENGLISH	m	ENGLISH:DIALOG:dlgArchiveFiles:1763	prototype to replace	none; resource binding pending	Language-specific resource mnemonic.
mnemonic			ENGLISH	G	ENGLISH:DIALOG:dlgArchiveFiles:1764	prototype to replace	none; resource binding pending	Language-specific resource mnemonic.
mnemonic			ENGLISH	x	ENGLISH:DIALOG:dlgArchiveFiles:1765	prototype to replace	none; resource binding pending	Language-specific resource mnemonic.
mnemonic			ENGLISH	K	ENGLISH:DIALOG:dlgArchiveFiles:1768	prototype to replace	none; resource binding pending	Language-specific resource mnemonic.
mnemonic			ENGLISH	H	ENGLISH:DIALOG:dlgArchiveFiles:1771	prototype to replace	none; resource binding pending	Language-specific resource mnemonic.
mnemonic			ENGLISH	X	ENGLISH:DIALOG:dlgMouseSetup:1777	prototype to replace	none; resource binding pending	Language-specific resource mnemonic.
mnemonic			ENGLISH	Y	ENGLISH:DIALOG:dlgMouseSetup:1779	prototype to replace	none; resource binding pending	Language-specific resource mnemonic.
mnemonic			ENGLISH	R	ENGLISH:DIALOG:dlgMouseSetup:1781	prototype to replace	none; resource binding pending	Language-specific resource mnemonic.
mnemonic			ENGLISH	S	ENGLISH:DIALOG:dlgMouseSetup:1782	prototype to replace	none; resource binding pending	Language-specific resource mnemonic.
mnemonic			ENGLISH	O	ENGLISH:DIALOG:dlgMouseSetup:1784	prototype to replace	none; resource binding pending	Language-specific resource mnemonic.
mnemonic			ENGLISH	K	ENGLISH:DIALOG:dlgMouseSetup:1785	prototype to replace	none; resource binding pending	Language-specific resource mnemonic.
mnemonic			ENGLISH	H	ENGLISH:DIALOG:dlgMouseSetup:1787	prototype to replace	none; resource binding pending	Language-specific resource mnemonic.
mnemonic			ENGLISH	C	ENGLISH:DIALOG:dlgInterfaceSetup:1794	prototype to replace	none; resource binding pending	Language-specific resource mnemonic.
mnemonic			ENGLISH	m	ENGLISH:DIALOG:dlgInterfaceSetup:1795	prototype to replace	none; resource binding pending	Language-specific resource mnemonic.
mnemonic			ENGLISH	s	ENGLISH:DIALOG:dlgInterfaceSetup:1796	prototype to replace	none; resource binding pending	Language-specific resource mnemonic.
mnemonic			ENGLISH	u	ENGLISH:DIALOG:dlgInterfaceSetup:1797	prototype to replace	none; resource binding pending	Language-specific resource mnemonic.
mnemonic			ENGLISH	L	ENGLISH:DIALOG:dlgInterfaceSetup:1798	prototype to replace	none; resource binding pending	Language-specific resource mnemonic.
mnemonic			ENGLISH	A	ENGLISH:DIALOG:dlgInterfaceSetup:1799	prototype to replace	none; resource binding pending	Language-specific resource mnemonic.
mnemonic			ENGLISH	B	ENGLISH:DIALOG:dlgInterfaceSetup:1800	prototype to replace	none; resource binding pending	Language-specific resource mnemonic.
mnemonic			ENGLISH	t	ENGLISH:DIALOG:dlgInterfaceSetup:1801	prototype to replace	none; resource binding pending	Language-specific resource mnemonic.
mnemonic			ENGLISH	w	ENGLISH:DIALOG:dlgInterfaceSetup:1802	prototype to replace	none; resource binding pending	Language-specific resource mnemonic.
mnemonic			ENGLISH	e	ENGLISH:DIALOG:dlgInterfaceSetup:1803	prototype to replace	none; resource binding pending	Language-specific resource mnemonic.
mnemonic			ENGLISH	v	ENGLISH:DIALOG:dlgInterfaceSetup:1804	prototype to replace	none; resource binding pending	Language-specific resource mnemonic.
mnemonic			ENGLISH	d	ENGLISH:DIALOG:dlgInterfaceSetup:1805	prototype to replace	none; resource binding pending	Language-specific resource mnemonic.
mnemonic			ENGLISH	K	ENGLISH:DIALOG:dlgInterfaceSetup:1860	prototype to replace	none; resource binding pending	Language-specific resource mnemonic.
mnemonic			ENGLISH	H	ENGLISH:DIALOG:dlgInterfaceSetup:1862	prototype to replace	none; resource binding pending	Language-specific resource mnemonic.
mnemonic			ENGLISH	T	ENGLISH:DIALOG:dlgSetupTerminal:1868	prototype to replace	none; resource binding pending	Language-specific resource mnemonic.
mnemonic			ENGLISH	A	ENGLISH:DIALOG:dlgSetupTerminal:1869	prototype to replace	none; resource binding pending	Language-specific resource mnemonic.
mnemonic			ENGLISH	I	ENGLISH:DIALOG:dlgSetupTerminal:1870	prototype to replace	none; resource binding pending	Language-specific resource mnemonic.
mnemonic			ENGLISH	5	ENGLISH:DIALOG:dlgSetupTerminal:1871	prototype to replace	none; resource binding pending	Language-specific resource mnemonic.
mnemonic			ENGLISH	1	ENGLISH:DIALOG:dlgSetupTerminal:1872	prototype to replace	none; resource binding pending	Language-specific resource mnemonic.
mnemonic			ENGLISH	E	ENGLISH:DIALOG:dlgSetupTerminal:1876	prototype to replace	none; resource binding pending	Language-specific resource mnemonic.
mnemonic			ENGLISH	L	ENGLISH:DIALOG:dlgSetupTerminal:1877	prototype to replace	none; resource binding pending	Language-specific resource mnemonic.
mnemonic			ENGLISH	o	ENGLISH:DIALOG:dlgSetupTerminal:1878	prototype to replace	none; resource binding pending	Language-specific resource mnemonic.
mnemonic			ENGLISH	Z	ENGLISH:DIALOG:dlgSetupTerminal:1879	prototype to replace	none; resource binding pending	Language-specific resource mnemonic.
mnemonic			ENGLISH	n	ENGLISH:DIALOG:dlgSetupTerminal:1880	prototype to replace	none; resource binding pending	Language-specific resource mnemonic.
mnemonic			ENGLISH	C	ENGLISH:DIALOG:dlgSetupTerminal:1881	prototype to replace	none; resource binding pending	Language-specific resource mnemonic.
mnemonic			ENGLISH	S	ENGLISH:DIALOG:dlgSetupTerminal:1882	prototype to replace	none; resource binding pending	Language-specific resource mnemonic.
mnemonic			ENGLISH	n	ENGLISH:DIALOG:dlgSetupTerminal:1883	prototype to replace	none; resource binding pending	Language-specific resource mnemonic.
mnemonic			ENGLISH	K	ENGLISH:DIALOG:dlgSetupTerminal:1886	prototype to replace	none; resource binding pending	Language-specific resource mnemonic.
mnemonic			ENGLISH	H	ENGLISH:DIALOG:dlgSetupTerminal:1888	prototype to replace	none; resource binding pending	Language-specific resource mnemonic.
mnemonic			ENGLISH	1	ENGLISH:DIALOG:dlgSetupModem:1894	prototype to replace	none; resource binding pending	Language-specific resource mnemonic.
mnemonic			ENGLISH	2	ENGLISH:DIALOG:dlgSetupModem:1895	prototype to replace	none; resource binding pending	Language-specific resource mnemonic.
mnemonic			ENGLISH	3	ENGLISH:DIALOG:dlgSetupModem:1896	prototype to replace	none; resource binding pending	Language-specific resource mnemonic.
mnemonic			ENGLISH	4	ENGLISH:DIALOG:dlgSetupModem:1897	prototype to replace	none; resource binding pending	Language-specific resource mnemonic.
mnemonic			ENGLISH	B	ENGLISH:DIALOG:dlgSetupModem:1912	prototype to replace	none; resource binding pending	Language-specific resource mnemonic.
mnemonic			ENGLISH	P	ENGLISH:DIALOG:dlgSetupModem:1920	prototype to replace	none; resource binding pending	Language-specific resource mnemonic.
mnemonic			ENGLISH	v	ENGLISH:DIALOG:dlgSetupModem:1927	prototype to replace	none; resource binding pending	Language-specific resource mnemonic.
mnemonic			ENGLISH	I	ENGLISH:DIALOG:dlgSetupModem:1930	prototype to replace	none; resource binding pending	Language-specific resource mnemonic.
mnemonic			ENGLISH	E	ENGLISH:DIALOG:dlgSetupModem:1932	prototype to replace	none; resource binding pending	Language-specific resource mnemonic.
mnemonic			ENGLISH	O	ENGLISH:DIALOG:dlgSetupModem:1934	prototype to replace	none; resource binding pending	Language-specific resource mnemonic.
mnemonic			ENGLISH	D	ENGLISH:DIALOG:dlgSetupModem:1936	prototype to replace	none; resource binding pending	Language-specific resource mnemonic.
mnemonic			ENGLISH	s	ENGLISH:DIALOG:dlgSetupModem:1938	prototype to replace	none; resource binding pending	Language-specific resource mnemonic.
mnemonic			ENGLISH	w	ENGLISH:DIALOG:dlgSetupModem:1940	prototype to replace	none; resource binding pending	Language-specific resource mnemonic.
mnemonic			ENGLISH	R	ENGLISH:DIALOG:dlgSetupModem:1942	prototype to replace	none; resource binding pending	Language-specific resource mnemonic.
mnemonic			ENGLISH	K	ENGLISH:DIALOG:dlgSetupModem:1943	prototype to replace	none; resource binding pending	Language-specific resource mnemonic.
mnemonic			ENGLISH	H	ENGLISH:DIALOG:dlgSetupModem:1945	prototype to replace	none; resource binding pending	Language-specific resource mnemonic.
mnemonic			ENGLISH	C	ENGLISH:DIALOG:dlgEditorDefaults:1951	prototype to replace	none; resource binding pending	Language-specific resource mnemonic.
mnemonic			ENGLISH	B	ENGLISH:DIALOG:dlgEditorDefaults:1952	prototype to replace	none; resource binding pending	Language-specific resource mnemonic.
mnemonic			ENGLISH	t	ENGLISH:DIALOG:dlgEditorDefaults:1953	prototype to replace	none; resource binding pending	Language-specific resource mnemonic.
mnemonic			ENGLISH	A	ENGLISH:DIALOG:dlgEditorDefaults:1954	prototype to replace	none; resource binding pending	Language-specific resource mnemonic.
mnemonic			ENGLISH	u	ENGLISH:DIALOG:dlgEditorDefaults:1955	prototype to replace	none; resource binding pending	Language-specific resource mnemonic.
mnemonic			ENGLISH	J	ENGLISH:DIALOG:dlgEditorDefaults:1956	prototype to replace	none; resource binding pending	Language-specific resource mnemonic.
mnemonic			ENGLISH	V	ENGLISH:DIALOG:dlgEditorDefaults:1957	prototype to replace	none; resource binding pending	Language-specific resource mnemonic.
mnemonic			ENGLISH	m	ENGLISH:DIALOG:dlgEditorDefaults:1958	prototype to replace	none; resource binding pending	Language-specific resource mnemonic.
mnemonic			ENGLISH	H	ENGLISH:DIALOG:dlgEditorDefaults:1959	prototype to replace	none; resource binding pending	Language-specific resource mnemonic.
mnemonic			ENGLISH	i	ENGLISH:DIALOG:dlgEditorDefaults:1960	prototype to replace	none; resource binding pending	Language-specific resource mnemonic.
mnemonic			ENGLISH	P	ENGLISH:DIALOG:dlgEditorDefaults:1961	prototype to replace	none; resource binding pending	Language-specific resource mnemonic.
mnemonic			ENGLISH	O	ENGLISH:DIALOG:dlgEditorDefaults:1962	prototype to replace	none; resource binding pending	Language-specific resource mnemonic.
mnemonic			ENGLISH	f	ENGLISH:DIALOG:dlgEditorDefaults:1963	prototype to replace	none; resource binding pending	Language-specific resource mnemonic.
mnemonic			ENGLISH	x	ENGLISH:DIALOG:dlgEditorDefaults:1973	prototype to replace	none; resource binding pending	Language-specific resource mnemonic.
mnemonic			ENGLISH	W	ENGLISH:DIALOG:dlgEditorDefaults:1974	prototype to replace	none; resource binding pending	Language-specific resource mnemonic.
mnemonic			ENGLISH	s	ENGLISH:DIALOG:dlgEditorDefaults:1978	prototype to replace	none; resource binding pending	Language-specific resource mnemonic.
mnemonic			ENGLISH	L	ENGLISH:DIALOG:dlgEditorDefaults:1983	prototype to replace	none; resource binding pending	Language-specific resource mnemonic.
mnemonic			ENGLISH	R	ENGLISH:DIALOG:dlgEditorDefaults:1985	prototype to replace	none; resource binding pending	Language-specific resource mnemonic.
mnemonic			ENGLISH	g	ENGLISH:DIALOG:dlgEditorDefaults:1987	prototype to replace	none; resource binding pending	Language-specific resource mnemonic.
mnemonic			ENGLISH	n	ENGLISH:DIALOG:dlgEditorDefaults:1993	prototype to replace	none; resource binding pending	Language-specific resource mnemonic.
mnemonic			ENGLISH	z	ENGLISH:DIALOG:dlgEditorDefaults:1995	prototype to replace	none; resource binding pending	Language-specific resource mnemonic.
mnemonic			ENGLISH	K	ENGLISH:DIALOG:dlgEditorDefaults:2000	prototype to replace	none; resource binding pending	Language-specific resource mnemonic.
mnemonic			ENGLISH	H	ENGLISH:DIALOG:dlgEditorDefaults:2002	prototype to replace	none; resource binding pending	Language-specific resource mnemonic.
mnemonic			ENGLISH	N	ENGLISH:DIALOG:dlgAppendNumber:2008	prototype to replace	none; resource binding pending	Language-specific resource mnemonic.
mnemonic			ENGLISH	P	ENGLISH:DIALOG:dlgAppendNumber:2010	prototype to replace	none; resource binding pending	Language-specific resource mnemonic.
mnemonic			ENGLISH	M	ENGLISH:DIALOG:dlgAppendNumber:2012	prototype to replace	none; resource binding pending	Language-specific resource mnemonic.
mnemonic			ENGLISH	K	ENGLISH:DIALOG:dlgAppendNumber:2014	prototype to replace	none; resource binding pending	Language-specific resource mnemonic.
mnemonic			ENGLISH	H	ENGLISH:DIALOG:dlgAppendNumber:2016	prototype to replace	none; resource binding pending	Language-specific resource mnemonic.
mnemonic			ENGLISH	N	ENGLISH:DIALOG:dlgEditNumber:2022	prototype to replace	none; resource binding pending	Language-specific resource mnemonic.
mnemonic			ENGLISH	P	ENGLISH:DIALOG:dlgEditNumber:2024	prototype to replace	none; resource binding pending	Language-specific resource mnemonic.
mnemonic			ENGLISH	M	ENGLISH:DIALOG:dlgEditNumber:2026	prototype to replace	none; resource binding pending	Language-specific resource mnemonic.
mnemonic			ENGLISH	K	ENGLISH:DIALOG:dlgEditNumber:2028	prototype to replace	none; resource binding pending	Language-specific resource mnemonic.
mnemonic			ENGLISH	H	ENGLISH:DIALOG:dlgEditNumber:2030	prototype to replace	none; resource binding pending	Language-specific resource mnemonic.
mnemonic			ENGLISH	N	ENGLISH:DIALOG:dlgAppendDirectory:2036	prototype to replace	none; resource binding pending	Language-specific resource mnemonic.
mnemonic			ENGLISH	P	ENGLISH:DIALOG:dlgAppendDirectory:2038	prototype to replace	none; resource binding pending	Language-specific resource mnemonic.
mnemonic			ENGLISH	M	ENGLISH:DIALOG:dlgAppendDirectory:2040	prototype to replace	none; resource binding pending	Language-specific resource mnemonic.
mnemonic			ENGLISH	K	ENGLISH:DIALOG:dlgAppendDirectory:2042	prototype to replace	none; resource binding pending	Language-specific resource mnemonic.
mnemonic			ENGLISH	H	ENGLISH:DIALOG:dlgAppendDirectory:2044	prototype to replace	none; resource binding pending	Language-specific resource mnemonic.
mnemonic			ENGLISH	N	ENGLISH:DIALOG:dlgEditDirectory:2050	prototype to replace	none; resource binding pending	Language-specific resource mnemonic.
mnemonic			ENGLISH	P	ENGLISH:DIALOG:dlgEditDirectory:2052	prototype to replace	none; resource binding pending	Language-specific resource mnemonic.
mnemonic			ENGLISH	M	ENGLISH:DIALOG:dlgEditDirectory:2054	prototype to replace	none; resource binding pending	Language-specific resource mnemonic.
mnemonic			ENGLISH	K	ENGLISH:DIALOG:dlgEditDirectory:2056	prototype to replace	none; resource binding pending	Language-specific resource mnemonic.
mnemonic			ENGLISH	H	ENGLISH:DIALOG:dlgEditDirectory:2058	prototype to replace	none; resource binding pending	Language-specific resource mnemonic.
mnemonic			ENGLISH	1	ENGLISH:DIALOG:dlgPrinterSetup:2064	prototype to replace	none; resource binding pending	Language-specific resource mnemonic.
mnemonic			ENGLISH	2	ENGLISH:DIALOG:dlgPrinterSetup:2065	prototype to replace	none; resource binding pending	Language-specific resource mnemonic.
mnemonic			ENGLISH	3	ENGLISH:DIALOG:dlgPrinterSetup:2066	prototype to replace	none; resource binding pending	Language-specific resource mnemonic.
mnemonic			ENGLISH	4	ENGLISH:DIALOG:dlgPrinterSetup:2067	prototype to replace	none; resource binding pending	Language-specific resource mnemonic.
mnemonic			ENGLISH	F	ENGLISH:DIALOG:dlgPrinterSetup:2068	prototype to replace	none; resource binding pending	Language-specific resource mnemonic.
mnemonic			ENGLISH	N	ENGLISH:DIALOG:dlgPrinterSetup:2069	prototype to replace	none; resource binding pending	Language-specific resource mnemonic.
mnemonic			ENGLISH	I	ENGLISH:DIALOG:dlgPrinterSetup:2081	prototype to replace	none; resource binding pending	Language-specific resource mnemonic.
mnemonic			ENGLISH	E	ENGLISH:DIALOG:dlgPrinterSetup:2083	prototype to replace	none; resource binding pending	Language-specific resource mnemonic.
mnemonic			ENGLISH	K	ENGLISH:DIALOG:dlgPrinterSetup:2084	prototype to replace	none; resource binding pending	Language-specific resource mnemonic.
mnemonic			ENGLISH	H	ENGLISH:DIALOG:dlgPrinterSetup:2086	prototype to replace	none; resource binding pending	Language-specific resource mnemonic.
mnemonic			ENGLISH	1	ENGLISH:DIALOG:dlgGameSetup:2092	prototype to replace	none; resource binding pending	Language-specific resource mnemonic.
mnemonic			ENGLISH	2	ENGLISH:DIALOG:dlgGameSetup:2093	prototype to replace	none; resource binding pending	Language-specific resource mnemonic.
mnemonic			ENGLISH	3	ENGLISH:DIALOG:dlgGameSetup:2094	prototype to replace	none; resource binding pending	Language-specific resource mnemonic.
mnemonic			ENGLISH	4	ENGLISH:DIALOG:dlgGameSetup:2095	prototype to replace	none; resource binding pending	Language-specific resource mnemonic.
mnemonic			ENGLISH	5	ENGLISH:DIALOG:dlgGameSetup:2096	prototype to replace	none; resource binding pending	Language-specific resource mnemonic.
mnemonic			ENGLISH	6	ENGLISH:DIALOG:dlgGameSetup:2097	prototype to replace	none; resource binding pending	Language-specific resource mnemonic.
mnemonic			ENGLISH	7	ENGLISH:DIALOG:dlgGameSetup:2098	prototype to replace	none; resource binding pending	Language-specific resource mnemonic.
mnemonic			ENGLISH	8	ENGLISH:DIALOG:dlgGameSetup:2099	prototype to replace	none; resource binding pending	Language-specific resource mnemonic.
mnemonic			ENGLISH	9	ENGLISH:DIALOG:dlgGameSetup:2100	prototype to replace	none; resource binding pending	Language-specific resource mnemonic.
mnemonic			ENGLISH	0	ENGLISH:DIALOG:dlgGameSetup:2101	prototype to replace	none; resource binding pending	Language-specific resource mnemonic.
mnemonic			ENGLISH	t	ENGLISH:DIALOG:dlgGameSetup:2105	prototype to replace	none; resource binding pending	Language-specific resource mnemonic.
mnemonic			ENGLISH	x	ENGLISH:DIALOG:dlgGameSetup:2106	prototype to replace	none; resource binding pending	Language-specific resource mnemonic.
mnemonic			ENGLISH	G	ENGLISH:DIALOG:dlgGameSetup:2108	prototype to replace	none; resource binding pending	Language-specific resource mnemonic.
mnemonic			ENGLISH	P	ENGLISH:DIALOG:dlgGameSetup:2110	prototype to replace	none; resource binding pending	Language-specific resource mnemonic.
mnemonic			ENGLISH	O	ENGLISH:DIALOG:dlgGameSetup:2112	prototype to replace	none; resource binding pending	Language-specific resource mnemonic.
mnemonic			ENGLISH	K	ENGLISH:DIALOG:dlgGameSetup:2113	prototype to replace	none; resource binding pending	Language-specific resource mnemonic.
mnemonic			ENGLISH	T	ENGLISH:DIALOG:dlgDbFind:2120	prototype to replace	none; resource binding pending	Language-specific resource mnemonic.
mnemonic			ENGLISH	C	ENGLISH:DIALOG:dlgDbFind:2122	prototype to replace	none; resource binding pending	Language-specific resource mnemonic.
mnemonic			ENGLISH	I	ENGLISH:DIALOG:dlgDbFind:2126	prototype to replace	none; resource binding pending	Language-specific resource mnemonic.
mnemonic			ENGLISH	A	ENGLISH:DIALOG:dlgDbFind:2127	prototype to replace	none; resource binding pending	Language-specific resource mnemonic.
mnemonic			ENGLISH	F	ENGLISH:DIALOG:dlgDbFind:2131	prototype to replace	none; resource binding pending	Language-specific resource mnemonic.
mnemonic			ENGLISH	B	ENGLISH:DIALOG:dlgDbFind:2132	prototype to replace	none; resource binding pending	Language-specific resource mnemonic.
mnemonic			ENGLISH	E	ENGLISH:DIALOG:dlgDbFind:2133	prototype to replace	none; resource binding pending	Language-specific resource mnemonic.
mnemonic			ENGLISH	K	ENGLISH:DIALOG:dlgDbFind:2136	prototype to replace	none; resource binding pending	Language-specific resource mnemonic.
mnemonic			ENGLISH	H	ENGLISH:DIALOG:dlgDbFind:2138	prototype to replace	none; resource binding pending	Language-specific resource mnemonic.
mnemonic			ENGLISH	P	ENGLISH:DIALOG:dlgReplaceCell:2144	prototype to replace	none; resource binding pending	Language-specific resource mnemonic.
mnemonic			ENGLISH	R	ENGLISH:DIALOG:dlgReplaceCell:2146	prototype to replace	none; resource binding pending	Language-specific resource mnemonic.
mnemonic			ENGLISH	S	ENGLISH:DIALOG:dlgReplaceCell:2148	prototype to replace	none; resource binding pending	Language-specific resource mnemonic.
mnemonic			ENGLISH	V	ENGLISH:DIALOG:dlgReplaceCell:2149	prototype to replace	none; resource binding pending	Language-specific resource mnemonic.
mnemonic			ENGLISH	C	ENGLISH:DIALOG:dlgReplaceCell:2153	prototype to replace	none; resource binding pending	Language-specific resource mnemonic.
mnemonic			ENGLISH	W	ENGLISH:DIALOG:dlgReplaceCell:2154	prototype to replace	none; resource binding pending	Language-specific resource mnemonic.
mnemonic			ENGLISH	N	ENGLISH:DIALOG:dlgReplaceCell:2155	prototype to replace	none; resource binding pending	Language-specific resource mnemonic.
mnemonic			ENGLISH	K	ENGLISH:DIALOG:dlgReplaceCell:2158	prototype to replace	none; resource binding pending	Language-specific resource mnemonic.
mnemonic			ENGLISH	a	ENGLISH:DIALOG:dlgReplaceCell:2159	prototype to replace	none; resource binding pending	Language-specific resource mnemonic.
mnemonic			ENGLISH	H	ENGLISH:DIALOG:dlgReplaceCell:2161	prototype to replace	none; resource binding pending	Language-specific resource mnemonic.
mnemonic			ENGLISH	P	ENGLISH:DIALOG:dlgFindCell:2167	prototype to replace	none; resource binding pending	Language-specific resource mnemonic.
mnemonic			ENGLISH	S	ENGLISH:DIALOG:dlgFindCell:2169	prototype to replace	none; resource binding pending	Language-specific resource mnemonic.
mnemonic			ENGLISH	V	ENGLISH:DIALOG:dlgFindCell:2170	prototype to replace	none; resource binding pending	Language-specific resource mnemonic.
mnemonic			ENGLISH	C	ENGLISH:DIALOG:dlgFindCell:2174	prototype to replace	none; resource binding pending	Language-specific resource mnemonic.
mnemonic			ENGLISH	W	ENGLISH:DIALOG:dlgFindCell:2175	prototype to replace	none; resource binding pending	Language-specific resource mnemonic.
mnemonic			ENGLISH	K	ENGLISH:DIALOG:dlgFindCell:2178	prototype to replace	none; resource binding pending	Language-specific resource mnemonic.
mnemonic			ENGLISH	H	ENGLISH:DIALOG:dlgFindCell:2180	prototype to replace	none; resource binding pending	Language-specific resource mnemonic.
mnemonic			ENGLISH	E	ENGLISH:DIALOG:dlgGotoCellNumber:2186	prototype to replace	none; resource binding pending	Language-specific resource mnemonic.
mnemonic			ENGLISH	K	ENGLISH:DIALOG:dlgGotoCellNumber:2187	prototype to replace	none; resource binding pending	Language-specific resource mnemonic.
mnemonic			ENGLISH	H	ENGLISH:DIALOG:dlgGotoCellNumber:2189	prototype to replace	none; resource binding pending	Language-specific resource mnemonic.
mnemonic			ENGLISH	A	ENGLISH:DIALOG:dlgSetCellFormat:2195	prototype to replace	none; resource binding pending	Language-specific resource mnemonic.
mnemonic			ENGLISH	e	ENGLISH:DIALOG:dlgSetCellFormat:2196	prototype to replace	none; resource binding pending	Language-specific resource mnemonic.
mnemonic			ENGLISH	C	ENGLISH:DIALOG:dlgSetCellFormat:2197	prototype to replace	none; resource binding pending	Language-specific resource mnemonic.
mnemonic			ENGLISH	x	ENGLISH:DIALOG:dlgSetCellFormat:2198	prototype to replace	none; resource binding pending	Language-specific resource mnemonic.
mnemonic			ENGLISH	L	ENGLISH:DIALOG:dlgSetCellFormat:2199	prototype to replace	none; resource binding pending	Language-specific resource mnemonic.
mnemonic			ENGLISH	u	ENGLISH:DIALOG:dlgSetCellFormat:2200	prototype to replace	none; resource binding pending	Language-specific resource mnemonic.
mnemonic			ENGLISH	n	ENGLISH:DIALOG:dlgSetCellFormat:2201	prototype to replace	none; resource binding pending	Language-specific resource mnemonic.
mnemonic			ENGLISH	o	ENGLISH:DIALOG:dlgSetCellFormat:2202	prototype to replace	none; resource binding pending	Language-specific resource mnemonic.
mnemonic			ENGLISH	f	ENGLISH:DIALOG:dlgSetCellFormat:2206	prototype to replace	none; resource binding pending	Language-specific resource mnemonic.
mnemonic			ENGLISH	R	ENGLISH:DIALOG:dlgSetCellFormat:2207	prototype to replace	none; resource binding pending	Language-specific resource mnemonic.
mnemonic			ENGLISH	t	ENGLISH:DIALOG:dlgSetCellFormat:2208	prototype to replace	none; resource binding pending	Language-specific resource mnemonic.
mnemonic			ENGLISH	D	ENGLISH:DIALOG:dlgSetCellFormat:2212	prototype to replace	none; resource binding pending	Language-specific resource mnemonic.
mnemonic			ENGLISH	P	ENGLISH:DIALOG:dlgSetCellFormat:2214	prototype to replace	none; resource binding pending	Language-specific resource mnemonic.
mnemonic			ENGLISH	K	ENGLISH:DIALOG:dlgSetCellFormat:2216	prototype to replace	none; resource binding pending	Language-specific resource mnemonic.
mnemonic			ENGLISH	1	ENGLISH:DIALOG:dlgHighlightGroups:2224	prototype to replace	none; resource binding pending	Language-specific resource mnemonic.
mnemonic			ENGLISH	2	ENGLISH:DIALOG:dlgHighlightGroups:2228	prototype to replace	none; resource binding pending	Language-specific resource mnemonic.
mnemonic			ENGLISH	3	ENGLISH:DIALOG:dlgHighlightGroups:2232	prototype to replace	none; resource binding pending	Language-specific resource mnemonic.
mnemonic			ENGLISH	4	ENGLISH:DIALOG:dlgHighlightGroups:2236	prototype to replace	none; resource binding pending	Language-specific resource mnemonic.
mnemonic			ENGLISH	5	ENGLISH:DIALOG:dlgHighlightGroups:2240	prototype to replace	none; resource binding pending	Language-specific resource mnemonic.
mnemonic			ENGLISH	6	ENGLISH:DIALOG:dlgHighlightGroups:2244	prototype to replace	none; resource binding pending	Language-specific resource mnemonic.
mnemonic			ENGLISH	7	ENGLISH:DIALOG:dlgHighlightGroups:2248	prototype to replace	none; resource binding pending	Language-specific resource mnemonic.
mnemonic			ENGLISH	8	ENGLISH:DIALOG:dlgHighlightGroups:2252	prototype to replace	none; resource binding pending	Language-specific resource mnemonic.
mnemonic			ENGLISH	9	ENGLISH:DIALOG:dlgHighlightGroups:2256	prototype to replace	none; resource binding pending	Language-specific resource mnemonic.
mnemonic			ENGLISH	0	ENGLISH:DIALOG:dlgHighlightGroups:2260	prototype to replace	none; resource binding pending	Language-specific resource mnemonic.
mnemonic			ENGLISH	A	ENGLISH:DIALOG:dlgHighlightGroups:2264	prototype to replace	none; resource binding pending	Language-specific resource mnemonic.
mnemonic			ENGLISH	K	ENGLISH:DIALOG:dlgHighlightGroups:2267	prototype to replace	none; resource binding pending	Language-specific resource mnemonic.
mnemonic			ENGLISH	H	ENGLISH:DIALOG:dlgHighlightGroups:2269	prototype to replace	none; resource binding pending	Language-specific resource mnemonic.
mnemonic			ENGLISH	L	ENGLISH:DIALOG:dlgGotoLine:2275	prototype to replace	none; resource binding pending	Language-specific resource mnemonic.
mnemonic			ENGLISH	K	ENGLISH:DIALOG:dlgGotoLine:2276	prototype to replace	none; resource binding pending	Language-specific resource mnemonic.
mnemonic			ENGLISH	H	ENGLISH:DIALOG:dlgGotoLine:2278	prototype to replace	none; resource binding pending	Language-specific resource mnemonic.
mnemonic			ENGLISH	A	ENGLISH:DIALOG:dlgGotoAddress:2284	prototype to replace	none; resource binding pending	Language-specific resource mnemonic.
mnemonic			ENGLISH	K	ENGLISH:DIALOG:dlgGotoAddress:2285	prototype to replace	none; resource binding pending	Language-specific resource mnemonic.
mnemonic			ENGLISH	H	ENGLISH:DIALOG:dlgGotoAddress:2287	prototype to replace	none; resource binding pending	Language-specific resource mnemonic.
mnemonic			ENGLISH	L	ENGLISH:DIALOG:dlgEditorFormat:2293	prototype to replace	none; resource binding pending	Language-specific resource mnemonic.
mnemonic			ENGLISH	R	ENGLISH:DIALOG:dlgEditorFormat:2295	prototype to replace	none; resource binding pending	Language-specific resource mnemonic.
mnemonic			ENGLISH	P	ENGLISH:DIALOG:dlgEditorFormat:2297	prototype to replace	none; resource binding pending	Language-specific resource mnemonic.
mnemonic			ENGLISH	K	ENGLISH:DIALOG:dlgEditorFormat:2298	prototype to replace	none; resource binding pending	Language-specific resource mnemonic.
mnemonic			ENGLISH	H	ENGLISH:DIALOG:dlgEditorFormat:2300	prototype to replace	none; resource binding pending	Language-specific resource mnemonic.
mnemonic			ENGLISH	C	ENGLISH:DIALOG:dlgEditorFind:2307	prototype to replace	none; resource binding pending	Language-specific resource mnemonic.
mnemonic			ENGLISH	W	ENGLISH:DIALOG:dlgEditorFind:2308	prototype to replace	none; resource binding pending	Language-specific resource mnemonic.
mnemonic			ENGLISH	o	ENGLISH:DIALOG:dlgEditorFind:2309	prototype to replace	none; resource binding pending	Language-specific resource mnemonic.
mnemonic			ENGLISH	R	ENGLISH:DIALOG:dlgEditorFind:2311	prototype to replace	none; resource binding pending	Language-specific resource mnemonic.
mnemonic			ENGLISH	d	ENGLISH:DIALOG:dlgEditorFind:2316	prototype to replace	none; resource binding pending	Language-specific resource mnemonic.
mnemonic			ENGLISH	B	ENGLISH:DIALOG:dlgEditorFind:2317	prototype to replace	none; resource binding pending	Language-specific resource mnemonic.
mnemonic			ENGLISH	G	ENGLISH:DIALOG:dlgEditorFind:2321	prototype to replace	none; resource binding pending	Language-specific resource mnemonic.
mnemonic			ENGLISH	S	ENGLISH:DIALOG:dlgEditorFind:2322	prototype to replace	none; resource binding pending	Language-specific resource mnemonic.
mnemonic			ENGLISH	E	ENGLISH:DIALOG:dlgEditorFind:2326	prototype to replace	none; resource binding pending	Language-specific resource mnemonic.
mnemonic			ENGLISH	F	ENGLISH:DIALOG:dlgEditorFind:2327	prototype to replace	none; resource binding pending	Language-specific resource mnemonic.
mnemonic			ENGLISH	K	ENGLISH:DIALOG:dlgEditorFind:2330	prototype to replace	none; resource binding pending	Language-specific resource mnemonic.
mnemonic			ENGLISH	H	ENGLISH:DIALOG:dlgEditorFind:2332	prototype to replace	none; resource binding pending	Language-specific resource mnemonic.
mnemonic			ENGLISH	T	ENGLISH:DIALOG:dlgEditorFind:2334	prototype to replace	none; resource binding pending	Language-specific resource mnemonic.
mnemonic			ENGLISH	H	ENGLISH:DIALOG:dlgEditorFind:2336	prototype to replace	none; resource binding pending	Language-specific resource mnemonic.
mnemonic			ENGLISH	C	ENGLISH:DIALOG:dlgEditorReplace:2344	prototype to replace	none; resource binding pending	Language-specific resource mnemonic.
mnemonic			ENGLISH	W	ENGLISH:DIALOG:dlgEditorReplace:2345	prototype to replace	none; resource binding pending	Language-specific resource mnemonic.
mnemonic			ENGLISH	P	ENGLISH:DIALOG:dlgEditorReplace:2346	prototype to replace	none; resource binding pending	Language-specific resource mnemonic.
mnemonic			ENGLISH	R	ENGLISH:DIALOG:dlgEditorReplace:2348	prototype to replace	none; resource binding pending	Language-specific resource mnemonic.
mnemonic			ENGLISH	d	ENGLISH:DIALOG:dlgEditorReplace:2353	prototype to replace	none; resource binding pending	Language-specific resource mnemonic.
mnemonic			ENGLISH	B	ENGLISH:DIALOG:dlgEditorReplace:2354	prototype to replace	none; resource binding pending	Language-specific resource mnemonic.
mnemonic			ENGLISH	G	ENGLISH:DIALOG:dlgEditorReplace:2358	prototype to replace	none; resource binding pending	Language-specific resource mnemonic.
mnemonic			ENGLISH	S	ENGLISH:DIALOG:dlgEditorReplace:2359	prototype to replace	none; resource binding pending	Language-specific resource mnemonic.
mnemonic			ENGLISH	E	ENGLISH:DIALOG:dlgEditorReplace:2363	prototype to replace	none; resource binding pending	Language-specific resource mnemonic.
mnemonic			ENGLISH	F	ENGLISH:DIALOG:dlgEditorReplace:2364	prototype to replace	none; resource binding pending	Language-specific resource mnemonic.
mnemonic			ENGLISH	K	ENGLISH:DIALOG:dlgEditorReplace:2367	prototype to replace	none; resource binding pending	Language-specific resource mnemonic.
mnemonic			ENGLISH	a	ENGLISH:DIALOG:dlgEditorReplace:2368	prototype to replace	none; resource binding pending	Language-specific resource mnemonic.
mnemonic			ENGLISH	H	ENGLISH:DIALOG:dlgEditorReplace:2370	prototype to replace	none; resource binding pending	Language-specific resource mnemonic.
mnemonic			ENGLISH	T	ENGLISH:DIALOG:dlgEditorReplace:2372	prototype to replace	none; resource binding pending	Language-specific resource mnemonic.
mnemonic			ENGLISH	H	ENGLISH:DIALOG:dlgEditorReplace:2374	prototype to replace	none; resource binding pending	Language-specific resource mnemonic.
mnemonic			ENGLISH	N	ENGLISH:DIALOG:dlgEditorReplace:2376	prototype to replace	none; resource binding pending	Language-specific resource mnemonic.
mnemonic			ENGLISH	x	ENGLISH:DIALOG:dlgEditorReplace:2378	prototype to replace	none; resource binding pending	Language-specific resource mnemonic.
mnemonic			ENGLISH	F	ENGLISH:DIALOG:dlgFileFind:2389	prototype to replace	none; resource binding pending	Language-specific resource mnemonic.
mnemonic			ENGLISH	T	ENGLISH:DIALOG:dlgFileFind:2391	prototype to replace	none; resource binding pending	Language-specific resource mnemonic.
mnemonic			ENGLISH	H	ENGLISH:DIALOG:dlgFileFind:2393	prototype to replace	none; resource binding pending	Language-specific resource mnemonic.
mnemonic			ENGLISH	n	ENGLISH:DIALOG:dlgFileFind:2395	prototype to replace	none; resource binding pending	Language-specific resource mnemonic.
mnemonic			ENGLISH	u	ENGLISH:DIALOG:dlgFileFind:2396	prototype to replace	none; resource binding pending	Language-specific resource mnemonic.
mnemonic			ENGLISH	R	ENGLISH:DIALOG:dlgFileFind:2397	prototype to replace	none; resource binding pending	Language-specific resource mnemonic.
mnemonic			ENGLISH	S	ENGLISH:DIALOG:dlgFileFind:2398	prototype to replace	none; resource binding pending	Language-specific resource mnemonic.
mnemonic			ENGLISH	C	ENGLISH:DIALOG:dlgFileFind:2399	prototype to replace	none; resource binding pending	Language-specific resource mnemonic.
mnemonic			ENGLISH	W	ENGLISH:DIALOG:dlgFileFind:2400	prototype to replace	none; resource binding pending	Language-specific resource mnemonic.
mnemonic			ENGLISH	o	ENGLISH:DIALOG:dlgFileFind:2401	prototype to replace	none; resource binding pending	Language-specific resource mnemonic.
mnemonic			ENGLISH	d	ENGLISH:DIALOG:dlgFileFind:2408	prototype to replace	none; resource binding pending	Language-specific resource mnemonic.
mnemonic			ENGLISH	l	ENGLISH:DIALOG:dlgFileFind:2409	prototype to replace	none; resource binding pending	Language-specific resource mnemonic.
mnemonic			ENGLISH	E	ENGLISH:DIALOG:dlgFileFind:2410	prototype to replace	none; resource binding pending	Language-specific resource mnemonic.
mnemonic			ENGLISH	A	ENGLISH:DIALOG:dlgFileFind:2411	prototype to replace	none; resource binding pending	Language-specific resource mnemonic.
mnemonic			ENGLISH	K	ENGLISH:DIALOG:dlgFileFind:2414	prototype to replace	none; resource binding pending	Language-specific resource mnemonic.
mnemonic			ENGLISH	v	ENGLISH:DIALOG:dlgFileFind:2415	prototype to replace	none; resource binding pending	Language-specific resource mnemonic.
mnemonic			ENGLISH	H	ENGLISH:DIALOG:dlgFileFind:2417	prototype to replace	none; resource binding pending	Language-specific resource mnemonic.
mnemonic			ENGLISH	F	ENGLISH:DIALOG:dlgArcFileFind:2424	prototype to replace	none; resource binding pending	Language-specific resource mnemonic.
mnemonic			ENGLISH	n	ENGLISH:DIALOG:dlgArcFileFind:2427	prototype to replace	none; resource binding pending	Language-specific resource mnemonic.
mnemonic			ENGLISH	u	ENGLISH:DIALOG:dlgArcFileFind:2428	prototype to replace	none; resource binding pending	Language-specific resource mnemonic.
mnemonic			ENGLISH	R	ENGLISH:DIALOG:dlgArcFileFind:2429	prototype to replace	none; resource binding pending	Language-specific resource mnemonic.
mnemonic			ENGLISH	K	ENGLISH:DIALOG:dlgArcFileFind:2432	prototype to replace	none; resource binding pending	Language-specific resource mnemonic.
mnemonic			ENGLISH	v	ENGLISH:DIALOG:dlgArcFileFind:2433	prototype to replace	none; resource binding pending	Language-specific resource mnemonic.
mnemonic			ENGLISH	H	ENGLISH:DIALOG:dlgArcFileFind:2435	prototype to replace	none; resource binding pending	Language-specific resource mnemonic.
mnemonic			ENGLISH	F	ENGLISH:DIALOG:dlgFoundFileFind:2441	prototype to replace	none; resource binding pending	Language-specific resource mnemonic.
mnemonic			ENGLISH	T	ENGLISH:DIALOG:dlgFoundFileFind:2443	prototype to replace	none; resource binding pending	Language-specific resource mnemonic.
mnemonic			ENGLISH	H	ENGLISH:DIALOG:dlgFoundFileFind:2445	prototype to replace	none; resource binding pending	Language-specific resource mnemonic.
mnemonic			ENGLISH	n	ENGLISH:DIALOG:dlgFoundFileFind:2447	prototype to replace	none; resource binding pending	Language-specific resource mnemonic.
mnemonic			ENGLISH	u	ENGLISH:DIALOG:dlgFoundFileFind:2448	prototype to replace	none; resource binding pending	Language-specific resource mnemonic.
mnemonic			ENGLISH	r	ENGLISH:DIALOG:dlgFoundFileFind:2449	prototype to replace	none; resource binding pending	Language-specific resource mnemonic.
mnemonic			ENGLISH	S	ENGLISH:DIALOG:dlgFoundFileFind:2450	prototype to replace	none; resource binding pending	Language-specific resource mnemonic.
mnemonic			ENGLISH	C	ENGLISH:DIALOG:dlgFoundFileFind:2451	prototype to replace	none; resource binding pending	Language-specific resource mnemonic.
mnemonic			ENGLISH	W	ENGLISH:DIALOG:dlgFoundFileFind:2452	prototype to replace	none; resource binding pending	Language-specific resource mnemonic.
mnemonic			ENGLISH	o	ENGLISH:DIALOG:dlgFoundFileFind:2453	prototype to replace	none; resource binding pending	Language-specific resource mnemonic.
mnemonic			ENGLISH	E	ENGLISH:DIALOG:dlgFoundFileFind:2460	prototype to replace	none; resource binding pending	Language-specific resource mnemonic.
mnemonic			ENGLISH	l	ENGLISH:DIALOG:dlgFoundFileFind:2461	prototype to replace	none; resource binding pending	Language-specific resource mnemonic.
mnemonic			ENGLISH	K	ENGLISH:DIALOG:dlgFoundFileFind:2464	prototype to replace	none; resource binding pending	Language-specific resource mnemonic.
mnemonic			ENGLISH	v	ENGLISH:DIALOG:dlgFoundFileFind:2465	prototype to replace	none; resource binding pending	Language-specific resource mnemonic.
mnemonic			ENGLISH	H	ENGLISH:DIALOG:dlgFoundFileFind:2467	prototype to replace	none; resource binding pending	Language-specific resource mnemonic.
mnemonic			ENGLISH	F	ENGLISH:DIALOG:dlgFoundArcFileFind:2475	prototype to replace	none; resource binding pending	Language-specific resource mnemonic.
mnemonic			ENGLISH	n	ENGLISH:DIALOG:dlgFoundArcFileFind:2478	prototype to replace	none; resource binding pending	Language-specific resource mnemonic.
mnemonic			ENGLISH	u	ENGLISH:DIALOG:dlgFoundArcFileFind:2479	prototype to replace	none; resource binding pending	Language-specific resource mnemonic.
mnemonic			ENGLISH	K	ENGLISH:DIALOG:dlgFoundArcFileFind:2482	prototype to replace	none; resource binding pending	Language-specific resource mnemonic.
mnemonic			ENGLISH	v	ENGLISH:DIALOG:dlgFoundArcFileFind:2483	prototype to replace	none; resource binding pending	Language-specific resource mnemonic.
mnemonic			ENGLISH	H	ENGLISH:DIALOG:dlgFoundArcFileFind:2485	prototype to replace	none; resource binding pending	Language-specific resource mnemonic.
mnemonic			ENGLISH	D	ENGLISH:DIALOG:dlgMkDir:2491	prototype to replace	none; resource binding pending	Language-specific resource mnemonic.
mnemonic			ENGLISH	U	ENGLISH:DIALOG:dlgMkDir:2493	prototype to replace	none; resource binding pending	Language-specific resource mnemonic.
mnemonic			ENGLISH	L	ENGLISH:DIALOG:dlgMkDir:2494	prototype to replace	none; resource binding pending	Language-specific resource mnemonic.
mnemonic			ENGLISH	K	ENGLISH:DIALOG:dlgMkDir:2496	prototype to replace	none; resource binding pending	Language-specific resource mnemonic.
mnemonic			ENGLISH	H	ENGLISH:DIALOG:dlgMkDir:2498	prototype to replace	none; resource binding pending	Language-specific resource mnemonic.
mnemonic			ENGLISH	F	ENGLISH:DIALOG:dlgRenFl:2504	prototype to replace	none; resource binding pending	Language-specific resource mnemonic.
mnemonic			ENGLISH	U	ENGLISH:DIALOG:dlgRenFl:2506	prototype to replace	none; resource binding pending	Language-specific resource mnemonic.
mnemonic			ENGLISH	L	ENGLISH:DIALOG:dlgRenFl:2507	prototype to replace	none; resource binding pending	Language-specific resource mnemonic.
mnemonic			ENGLISH	H	ENGLISH:DIALOG:dlgRenFl:2511	prototype to replace	none; resource binding pending	Language-specific resource mnemonic.
mnemonic			ENGLISH	O	ENGLISH:DIALOG:dlgCopyDialog:2518	prototype to replace	none; resource binding pending	Language-specific resource mnemonic.
mnemonic			ENGLISH	p	ENGLISH:DIALOG:dlgCopyDialog:2519	prototype to replace	none; resource binding pending	Language-specific resource mnemonic.
mnemonic			ENGLISH	u	ENGLISH:DIALOG:dlgCopyDialog:2520	prototype to replace	none; resource binding pending	Language-specific resource mnemonic.
mnemonic			ENGLISH	S	ENGLISH:DIALOG:dlgCopyDialog:2521	prototype to replace	none; resource binding pending	Language-specific resource mnemonic.
mnemonic			ENGLISH	R	ENGLISH:DIALOG:dlgCopyDialog:2522	prototype to replace	none; resource binding pending	Language-specific resource mnemonic.
mnemonic			ENGLISH	A	ENGLISH:DIALOG:dlgCopyDialog:2523	prototype to replace	none; resource binding pending	Language-specific resource mnemonic.
mnemonic			ENGLISH	f	ENGLISH:DIALOG:dlgCopyDialog:2527	prototype to replace	none; resource binding pending	Language-specific resource mnemonic.
mnemonic			ENGLISH	V	ENGLISH:DIALOG:dlgCopyDialog:2528	prototype to replace	none; resource binding pending	Language-specific resource mnemonic.
mnemonic			ENGLISH	d	ENGLISH:DIALOG:dlgCopyDialog:2529	prototype to replace	none; resource binding pending	Language-specific resource mnemonic.
mnemonic			ENGLISH	n	ENGLISH:DIALOG:dlgCopyDialog:2532	prototype to replace	none; resource binding pending	Language-specific resource mnemonic.
mnemonic			ENGLISH	i	ENGLISH:DIALOG:dlgCopyDialog:2535	prototype to replace	none; resource binding pending	Language-specific resource mnemonic.
mnemonic			ENGLISH	u	ENGLISH:DIALOG:dlgCopyDialog:2538	prototype to replace	none; resource binding pending	Language-specific resource mnemonic.
mnemonic			ENGLISH	K	ENGLISH:DIALOG:dlgCopyDialog:2540	prototype to replace	none; resource binding pending	Language-specific resource mnemonic.
mnemonic			ENGLISH	T	ENGLISH:DIALOG:dlgCopyDialog:2542	prototype to replace	none; resource binding pending	Language-specific resource mnemonic.
mnemonic			ENGLISH	F	ENGLISH:DIALOG:dlgMakeList:2550	prototype to replace	none; resource binding pending	Language-specific resource mnemonic.
mnemonic			ENGLISH	H	ENGLISH:DIALOG:dlgMakeList:2552	prototype to replace	none; resource binding pending	Language-specific resource mnemonic.
mnemonic			ENGLISH	t	ENGLISH:DIALOG:dlgMakeList:2554	prototype to replace	none; resource binding pending	Language-specific resource mnemonic.
mnemonic			ENGLISH	n	ENGLISH:DIALOG:dlgMakeList:2555	prototype to replace	none; resource binding pending	Language-specific resource mnemonic.
mnemonic			ENGLISH	e	ENGLISH:DIALOG:dlgMakeList:2556	prototype to replace	none; resource binding pending	Language-specific resource mnemonic.
mnemonic			ENGLISH	a	ENGLISH:DIALOG:dlgMakeList:2559	prototype to replace	none; resource binding pending	Language-specific resource mnemonic.
mnemonic			ENGLISH	r	ENGLISH:DIALOG:dlgMakeList:2567	prototype to replace	none; resource binding pending	Language-specific resource mnemonic.
mnemonic			ENGLISH	o	ENGLISH:DIALOG:dlgMakeList:2569	prototype to replace	none; resource binding pending	Language-specific resource mnemonic.
mnemonic			ENGLISH	x	ENGLISH:DIALOG:dlgMakeList:2570	prototype to replace	none; resource binding pending	Language-specific resource mnemonic.
mnemonic			ENGLISH	i	ENGLISH:DIALOG:dlgMakeList:2571	prototype to replace	none; resource binding pending	Language-specific resource mnemonic.
mnemonic			ENGLISH	K	ENGLISH:DIALOG:dlgMakeList:2573	prototype to replace	none; resource binding pending	Language-specific resource mnemonic.
mnemonic			ENGLISH	H	ENGLISH:DIALOG:dlgMakeList:2575	prototype to replace	none; resource binding pending	Language-specific resource mnemonic.
mnemonic			ENGLISH	K	ENGLISH:DIALOG:dlgDiskError:2583	prototype to replace	none; resource binding pending	Language-specific resource mnemonic.
mnemonic			ENGLISH	S	ENGLISH:DIALOG:dlgPanelShowSetup:2589	prototype to replace	none; resource binding pending	Language-specific resource mnemonic.
mnemonic			ENGLISH	P	ENGLISH:DIALOG:dlgPanelShowSetup:2590	prototype to replace	none; resource binding pending	Language-specific resource mnemonic.
mnemonic			ENGLISH	r	ENGLISH:DIALOG:dlgPanelShowSetup:2591	prototype to replace	none; resource binding pending	Language-specific resource mnemonic.
mnemonic			ENGLISH	D	ENGLISH:DIALOG:dlgPanelShowSetup:2592	prototype to replace	none; resource binding pending	Language-specific resource mnemonic.
mnemonic			ENGLISH	T	ENGLISH:DIALOG:dlgPanelShowSetup:2593	prototype to replace	none; resource binding pending	Language-specific resource mnemonic.
mnemonic			ENGLISH	e	ENGLISH:DIALOG:dlgPanelShowSetup:2598	prototype to replace	none; resource binding pending	Language-specific resource mnemonic.
mnemonic			ENGLISH	C	ENGLISH:DIALOG:dlgPanelShowSetup:2613	prototype to replace	none; resource binding pending	Language-specific resource mnemonic.
mnemonic			ENGLISH	l	ENGLISH:DIALOG:dlgPanelShowSetup:2621	prototype to replace	none; resource binding pending	Language-specific resource mnemonic.
mnemonic			ENGLISH	W	ENGLISH:DIALOG:dlgPanelShowSetup:2624	prototype to replace	none; resource binding pending	Language-specific resource mnemonic.
mnemonic			ENGLISH	I	ENGLISH:DIALOG:dlgPanelShowSetup:2626	prototype to replace	none; resource binding pending	Language-specific resource mnemonic.
mnemonic			ENGLISH	a	ENGLISH:DIALOG:dlgPanelShowSetup:2634	prototype to replace	none; resource binding pending	Language-specific resource mnemonic.
mnemonic			ENGLISH	Z	ENGLISH:DIALOG:dlgPanelShowSetup:2737	prototype to replace	none; resource binding pending	Language-specific resource mnemonic.
mnemonic			ENGLISH	m	ENGLISH:DIALOG:dlgPanelShowSetup:2738	prototype to replace	none; resource binding pending	Language-specific resource mnemonic.
mnemonic			ENGLISH	o	ENGLISH:DIALOG:dlgPanelShowSetup:2742	prototype to replace	none; resource binding pending	Language-specific resource mnemonic.
mnemonic			ENGLISH	K	ENGLISH:DIALOG:dlgPanelShowSetup:2743	prototype to replace	none; resource binding pending	Language-specific resource mnemonic.
mnemonic			ENGLISH	D	ENGLISH:DIALOG:dlgSavePanelSetup:2751	prototype to replace	none; resource binding pending	Language-specific resource mnemonic.
mnemonic			ENGLISH	L	ENGLISH:DIALOG:dlgSavePanelSetup:2752	prototype to replace	none; resource binding pending	Language-specific resource mnemonic.
mnemonic			ENGLISH	r	ENGLISH:DIALOG:dlgSavePanelSetup:2753	prototype to replace	none; resource binding pending	Language-specific resource mnemonic.
mnemonic			ENGLISH	A	ENGLISH:DIALOG:dlgSavePanelSetup:2755	prototype to replace	none; resource binding pending	Language-specific resource mnemonic.
mnemonic			ENGLISH	C	ENGLISH:DIALOG:dlgSavePanelSetup:2760	prototype to replace	none; resource binding pending	Language-specific resource mnemonic.
mnemonic			ENGLISH	O	ENGLISH:DIALOG:dlgSavePanelSetup:2761	prototype to replace	none; resource binding pending	Language-specific resource mnemonic.
mnemonic			ENGLISH	C	ENGLISH:DIALOG:dlgSavePanelSetup:2764	prototype to replace	none; resource binding pending	Language-specific resource mnemonic.
mnemonic			ENGLISH	K	ENGLISH:DIALOG:dlgSavePanelSetup:2766	prototype to replace	none; resource binding pending	Language-specific resource mnemonic.
mnemonic			ENGLISH	H	ENGLISH:DIALOG:dlgSavePanelSetup:2768	prototype to replace	none; resource binding pending	Language-specific resource mnemonic.
mnemonic			ENGLISH	T	ENGLISH:DIALOG:dlgFileAttr:2775	prototype to replace	none; resource binding pending	Language-specific resource mnemonic.
mnemonic			ENGLISH	D	ENGLISH:DIALOG:dlgFileAttr:2777	prototype to replace	none; resource binding pending	Language-specific resource mnemonic.
mnemonic			ENGLISH	K	ENGLISH:DIALOG:dlgFileAttr:2791	prototype to replace	none; resource binding pending	Language-specific resource mnemonic.
mnemonic			ENGLISH	R	ENGLISH:DIALOG:dlgFileAttr:2797	prototype to replace	none; resource binding pending	Language-specific resource mnemonic.
mnemonic			ENGLISH	H	ENGLISH:DIALOG:dlgFileAttr:2798	prototype to replace	none; resource binding pending	Language-specific resource mnemonic.
mnemonic			ENGLISH	S	ENGLISH:DIALOG:dlgFileAttr:2799	prototype to replace	none; resource binding pending	Language-specific resource mnemonic.
mnemonic			ENGLISH	A	ENGLISH:DIALOG:dlgFileAttr:2802	prototype to replace	none; resource binding pending	Language-specific resource mnemonic.
mnemonic			ENGLISH	T	ENGLISH:DIALOG:dlgFilesAttr:2812	prototype to replace	none; resource binding pending	Language-specific resource mnemonic.
mnemonic			ENGLISH	D	ENGLISH:DIALOG:dlgFilesAttr:2814	prototype to replace	none; resource binding pending	Language-specific resource mnemonic.
mnemonic			ENGLISH	K	ENGLISH:DIALOG:dlgFilesAttr:2828	prototype to replace	none; resource binding pending	Language-specific resource mnemonic.
mnemonic			ENGLISH	R	ENGLISH:DIALOG:dlgFilesAttr:2833	prototype to replace	none; resource binding pending	Language-specific resource mnemonic.
mnemonic			ENGLISH	H	ENGLISH:DIALOG:dlgFilesAttr:2834	prototype to replace	none; resource binding pending	Language-specific resource mnemonic.
mnemonic			ENGLISH	S	ENGLISH:DIALOG:dlgFilesAttr:2835	prototype to replace	none; resource binding pending	Language-specific resource mnemonic.
mnemonic			ENGLISH	V	ENGLISH:DIALOG:dlgFilesAttr:2836	prototype to replace	none; resource binding pending	Language-specific resource mnemonic.
mnemonic			ENGLISH	D	ENGLISH:DIALOG:dlgFilesAttr:2837	prototype to replace	none; resource binding pending	Language-specific resource mnemonic.
mnemonic			ENGLISH	A	ENGLISH:DIALOG:dlgFilesAttr:2838	prototype to replace	none; resource binding pending	Language-specific resource mnemonic.
mnemonic			ENGLISH	R	ENGLISH:DIALOG:dlgFilesAttr:2842	prototype to replace	none; resource binding pending	Language-specific resource mnemonic.
mnemonic			ENGLISH	H	ENGLISH:DIALOG:dlgFilesAttr:2843	prototype to replace	none; resource binding pending	Language-specific resource mnemonic.
mnemonic			ENGLISH	S	ENGLISH:DIALOG:dlgFilesAttr:2844	prototype to replace	none; resource binding pending	Language-specific resource mnemonic.
mnemonic			ENGLISH	V	ENGLISH:DIALOG:dlgFilesAttr:2845	prototype to replace	none; resource binding pending	Language-specific resource mnemonic.
mnemonic			ENGLISH	D	ENGLISH:DIALOG:dlgFilesAttr:2846	prototype to replace	none; resource binding pending	Language-specific resource mnemonic.
mnemonic			ENGLISH	A	ENGLISH:DIALOG:dlgFilesAttr:2847	prototype to replace	none; resource binding pending	Language-specific resource mnemonic.
mnemonic			ENGLISH	s	ENGLISH:DIALOG:dlgCompareDirs:2857	prototype to replace	none; resource binding pending	Language-specific resource mnemonic.
mnemonic			ENGLISH	t	ENGLISH:DIALOG:dlgCompareDirs:2858	prototype to replace	none; resource binding pending	Language-specific resource mnemonic.
mnemonic			ENGLISH	a	ENGLISH:DIALOG:dlgCompareDirs:2859	prototype to replace	none; resource binding pending	Language-specific resource mnemonic.
mnemonic			ENGLISH	c	ENGLISH:DIALOG:dlgCompareDirs:2860	prototype to replace	none; resource binding pending	Language-specific resource mnemonic.
mnemonic			ENGLISH	r	ENGLISH:DIALOG:dlgCompareDirs:2861	prototype to replace	none; resource binding pending	Language-specific resource mnemonic.
mnemonic			ENGLISH	F	ENGLISH:DIALOG:dlgCompareDirs:2866	prototype to replace	none; resource binding pending	Language-specific resource mnemonic.
mnemonic			ENGLISH	e	ENGLISH:DIALOG:dlgCompareDirs:2869	prototype to replace	none; resource binding pending	Language-specific resource mnemonic.
mnemonic			ENGLISH	U	ENGLISH:DIALOG:dlgCompareDirs:2870	prototype to replace	none; resource binding pending	Language-specific resource mnemonic.
mnemonic			ENGLISH	K	ENGLISH:DIALOG:dlgCompareDirs:2873	prototype to replace	none; resource binding pending	Language-specific resource mnemonic.
mnemonic			ENGLISH	v	ENGLISH:DIALOG:dlgCompareDirs:2874	prototype to replace	none; resource binding pending	Language-specific resource mnemonic.
mnemonic			ENGLISH	H	ENGLISH:DIALOG:dlgCompareDirs:2876	prototype to replace	none; resource binding pending	Language-specific resource mnemonic.
mnemonic			ENGLISH	P	ENGLISH:DIALOG:dlgSetPassword:2882	prototype to replace	none; resource binding pending	Language-specific resource mnemonic.
mnemonic			ENGLISH	K	ENGLISH:DIALOG:dlgSetPassword:2883	prototype to replace	none; resource binding pending	Language-specific resource mnemonic.
mnemonic			ENGLISH	H	ENGLISH:DIALOG:dlgSetPassword:2885	prototype to replace	none; resource binding pending	Language-specific resource mnemonic.
mnemonic			ENGLISH	U	ENGLISH:DIALOG:dlgLoginPassword:2891	prototype to replace	none; resource binding pending	Language-specific resource mnemonic.
mnemonic			ENGLISH	P	ENGLISH:DIALOG:dlgLoginPassword:2893	prototype to replace	none; resource binding pending	Language-specific resource mnemonic.
mnemonic			ENGLISH	K	ENGLISH:DIALOG:dlgLoginPassword:2895	prototype to replace	none; resource binding pending	Language-specific resource mnemonic.
mnemonic			ENGLISH	H	ENGLISH:DIALOG:dlgLoginPassword:2897	prototype to replace	none; resource binding pending	Language-specific resource mnemonic.
mnemonic			ENGLISH	x	ENGLISH:DIALOG:dlgExtract:2903	prototype to replace	none; resource binding pending	Language-specific resource mnemonic.
mnemonic			ENGLISH	p	ENGLISH:DIALOG:dlgExtract:2905	prototype to replace	none; resource binding pending	Language-specific resource mnemonic.
mnemonic			ENGLISH	e	ENGLISH:DIALOG:dlgExtract:2906	prototype to replace	none; resource binding pending	Language-specific resource mnemonic.
mnemonic			ENGLISH	F	ENGLISH:DIALOG:dlgExtract:2907	prototype to replace	none; resource binding pending	Language-specific resource mnemonic.
mnemonic			ENGLISH	d	ENGLISH:DIALOG:dlgExtract:2908	prototype to replace	none; resource binding pending	Language-specific resource mnemonic.
mnemonic			ENGLISH	a	ENGLISH:DIALOG:dlgExtract:2911	prototype to replace	none; resource binding pending	Language-specific resource mnemonic.
mnemonic			ENGLISH	K	ENGLISH:DIALOG:dlgExtract:2912	prototype to replace	none; resource binding pending	Language-specific resource mnemonic.
mnemonic			ENGLISH	T	ENGLISH:DIALOG:dlgExtract:2914	prototype to replace	none; resource binding pending	Language-specific resource mnemonic.
mnemonic			ENGLISH	H	ENGLISH:DIALOG:dlgExtract:2915	prototype to replace	none; resource binding pending	Language-specific resource mnemonic.
mnemonic			ENGLISH	R	ENGLISH:DIALOG:dlgCommandsHistory:2920	prototype to replace	none; resource binding pending	Language-specific resource mnemonic.
mnemonic			ENGLISH	D	ENGLISH:DIALOG:dlgCommandsHistory:2921	prototype to replace	none; resource binding pending	Language-specific resource mnemonic.
mnemonic			ENGLISH	E	ENGLISH:DIALOG:dlgCommandsHistory:2922	prototype to replace	none; resource binding pending	Language-specific resource mnemonic.
mnemonic			ENGLISH	K	ENGLISH:DIALOG:dlgCommandsHistory:2923	prototype to replace	none; resource binding pending	Language-specific resource mnemonic.
mnemonic			ENGLISH	G	ENGLISH:DIALOG:dlgDirectoryHistory:2929	prototype to replace	none; resource binding pending	Language-specific resource mnemonic.
mnemonic			ENGLISH	D	ENGLISH:DIALOG:dlgDirectoryHistory:2930	prototype to replace	none; resource binding pending	Language-specific resource mnemonic.
mnemonic			ENGLISH	S	ENGLISH:DIALOG:dlgDirectoryHistory:2931	prototype to replace	none; resource binding pending	Language-specific resource mnemonic.
mnemonic			ENGLISH	O	ENGLISH:DIALOG:dlgEditHistory:2937	prototype to replace	none; resource binding pending	Language-specific resource mnemonic.
mnemonic			ENGLISH	D	ENGLISH:DIALOG:dlgEditHistory:2938	prototype to replace	none; resource binding pending	Language-specific resource mnemonic.
mnemonic			ENGLISH	S	ENGLISH:DIALOG:dlgEditHistory:2939	prototype to replace	none; resource binding pending	Language-specific resource mnemonic.
mnemonic			ENGLISH	O	ENGLISH:DIALOG:dlgViewHistory:2945	prototype to replace	none; resource binding pending	Language-specific resource mnemonic.
mnemonic			ENGLISH	D	ENGLISH:DIALOG:dlgViewHistory:2946	prototype to replace	none; resource binding pending	Language-specific resource mnemonic.
mnemonic			ENGLISH	S	ENGLISH:DIALOG:dlgViewHistory:2947	prototype to replace	none; resource binding pending	Language-specific resource mnemonic.
mnemonic			ENGLISH	P	ENGLISH:DIALOG:dlgSetupArc:2954	prototype to replace	none; resource binding pending	Language-specific resource mnemonic.
mnemonic			ENGLISH	U	ENGLISH:DIALOG:dlgSetupArc:2956	prototype to replace	none; resource binding pending	Language-specific resource mnemonic.
mnemonic			ENGLISH	E	ENGLISH:DIALOG:dlgSetupArc:2958	prototype to replace	none; resource binding pending	Language-specific resource mnemonic.
mnemonic			ENGLISH	x	ENGLISH:DIALOG:dlgSetupArc:2960	prototype to replace	none; resource binding pending	Language-specific resource mnemonic.
mnemonic			ENGLISH	A	ENGLISH:DIALOG:dlgSetupArc:2962	prototype to replace	none; resource binding pending	Language-specific resource mnemonic.
mnemonic			ENGLISH	M	ENGLISH:DIALOG:dlgSetupArc:2964	prototype to replace	none; resource binding pending	Language-specific resource mnemonic.
mnemonic			ENGLISH	D	ENGLISH:DIALOG:dlgSetupArc:2966	prototype to replace	none; resource binding pending	Language-specific resource mnemonic.
mnemonic			ENGLISH	T	ENGLISH:DIALOG:dlgSetupArc:2968	prototype to replace	none; resource binding pending	Language-specific resource mnemonic.
mnemonic			ENGLISH	c	ENGLISH:DIALOG:dlgSetupArc:2970	prototype to replace	none; resource binding pending	Language-specific resource mnemonic.
mnemonic			ENGLISH	I	ENGLISH:DIALOG:dlgSetupArc:2972	prototype to replace	none; resource binding pending	Language-specific resource mnemonic.
mnemonic			ENGLISH	l	ENGLISH:DIALOG:dlgSetupArc:2974	prototype to replace	none; resource binding pending	Language-specific resource mnemonic.
mnemonic			ENGLISH	w	ENGLISH:DIALOG:dlgSetupArc:2976	prototype to replace	none; resource binding pending	Language-specific resource mnemonic.
mnemonic			ENGLISH	v	ENGLISH:DIALOG:dlgSetupArc:2978	prototype to replace	none; resource binding pending	Language-specific resource mnemonic.
mnemonic			ENGLISH	n	ENGLISH:DIALOG:dlgSetupArc:2980	prototype to replace	none; resource binding pending	Language-specific resource mnemonic.
mnemonic			ENGLISH	o	ENGLISH:DIALOG:dlgSetupArc:2982	prototype to replace	none; resource binding pending	Language-specific resource mnemonic.
mnemonic			ENGLISH	r	ENGLISH:DIALOG:dlgSetupArc:2989	prototype to replace	none; resource binding pending	Language-specific resource mnemonic.
mnemonic			ENGLISH	F	ENGLISH:DIALOG:dlgSetupArc:2993	prototype to replace	none; resource binding pending	Language-specific resource mnemonic.
mnemonic			ENGLISH	N	ENGLISH:DIALOG:dlgSetupArc:2995	prototype to replace	none; resource binding pending	Language-specific resource mnemonic.
mnemonic			ENGLISH	G	ENGLISH:DIALOG:dlgSetupArc:2997	prototype to replace	none; resource binding pending	Language-specific resource mnemonic.
mnemonic			ENGLISH	M	ENGLISH:DIALOG:dlgSetupArc:2999	prototype to replace	none; resource binding pending	Language-specific resource mnemonic.
mnemonic			ENGLISH	s	ENGLISH:DIALOG:dlgSetupArc:3002	prototype to replace	none; resource binding pending	Language-specific resource mnemonic.
mnemonic			ENGLISH	f	ENGLISH:DIALOG:dlgSetupArc:3022	prototype to replace	none; resource binding pending	Language-specific resource mnemonic.
mnemonic			ENGLISH	K	ENGLISH:DIALOG:dlgSetupArc:3025	prototype to replace	none; resource binding pending	Language-specific resource mnemonic.
mnemonic			ENGLISH	H	ENGLISH:DIALOG:dlgSetupArc:3027	prototype to replace	none; resource binding pending	Language-specific resource mnemonic.
mnemonic			ENGLISH	F	ENGLISH:DIALOG:dlgSelect:3033	prototype to replace	none; resource binding pending	Language-specific resource mnemonic.
mnemonic			ENGLISH	E	ENGLISH:DIALOG:dlgSelect:3035	prototype to replace	none; resource binding pending	Language-specific resource mnemonic.
mnemonic			ENGLISH	K	ENGLISH:DIALOG:dlgSelect:3037	prototype to replace	none; resource binding pending	Language-specific resource mnemonic.
mnemonic			ENGLISH	F	ENGLISH:DIALOG:dlgUnselect:3044	prototype to replace	none; resource binding pending	Language-specific resource mnemonic.
mnemonic			ENGLISH	E	ENGLISH:DIALOG:dlgUnselect:3046	prototype to replace	none; resource binding pending	Language-specific resource mnemonic.
mnemonic			ENGLISH	K	ENGLISH:DIALOG:dlgUnselect:3048	prototype to replace	none; resource binding pending	Language-specific resource mnemonic.
mnemonic			ENGLISH	d	ENGLISH:DIALOG:dlgUUDecode:3055	prototype to replace	none; resource binding pending	Language-specific resource mnemonic.
mnemonic			ENGLISH	C	ENGLISH:DIALOG:dlgUUDecode:3057	prototype to replace	none; resource binding pending	Language-specific resource mnemonic.
mnemonic			ENGLISH	e	ENGLISH:DIALOG:dlgUUDecode:3058	prototype to replace	none; resource binding pending	Language-specific resource mnemonic.
mnemonic			ENGLISH	S	ENGLISH:DIALOG:dlgUUDecode:3059	prototype to replace	none; resource binding pending	Language-specific resource mnemonic.
mnemonic			ENGLISH	K	ENGLISH:DIALOG:dlgUUDecode:3061	prototype to replace	none; resource binding pending	Language-specific resource mnemonic.
mnemonic			ENGLISH	T	ENGLISH:DIALOG:dlgUUDecode:3063	prototype to replace	none; resource binding pending	Language-specific resource mnemonic.
mnemonic			ENGLISH	H	ENGLISH:DIALOG:dlgUUDecode:3064	prototype to replace	none; resource binding pending	Language-specific resource mnemonic.
mnemonic			ENGLISH	E	ENGLISH:DIALOG:dlgUUEncode:3071	prototype to replace	none; resource binding pending	Language-specific resource mnemonic.
mnemonic			ENGLISH	F	ENGLISH:DIALOG:dlgUUEncode:3073	prototype to replace	none; resource binding pending	Language-specific resource mnemonic.
mnemonic			ENGLISH	m	ENGLISH:DIALOG:dlgUUEncode:3074	prototype to replace	none; resource binding pending	Language-specific resource mnemonic.
mnemonic			ENGLISH	a	ENGLISH:DIALOG:dlgUUEncode:3075	prototype to replace	none; resource binding pending	Language-specific resource mnemonic.
mnemonic			ENGLISH	P	ENGLISH:DIALOG:dlgUUEncode:3077	prototype to replace	none; resource binding pending	Language-specific resource mnemonic.
mnemonic			ENGLISH	N	ENGLISH:DIALOG:dlgUUEncode:3079	prototype to replace	none; resource binding pending	Language-specific resource mnemonic.
mnemonic			ENGLISH	i	ENGLISH:DIALOG:dlgUUEncode:3080	prototype to replace	none; resource binding pending	Language-specific resource mnemonic.
mnemonic			ENGLISH	s	ENGLISH:DIALOG:dlgUUEncode:3081	prototype to replace	none; resource binding pending	Language-specific resource mnemonic.
mnemonic			ENGLISH	h	ENGLISH:DIALOG:dlgUUEncode:3082	prototype to replace	none; resource binding pending	Language-specific resource mnemonic.
mnemonic			ENGLISH	6	ENGLISH:DIALOG:dlgUUEncode:3083	prototype to replace	none; resource binding pending	Language-specific resource mnemonic.
mnemonic			ENGLISH	C	ENGLISH:DIALOG:dlgUUEncode:3085	prototype to replace	none; resource binding pending	Language-specific resource mnemonic.
mnemonic			ENGLISH	L	ENGLISH:DIALOG:dlgUUEncode:3087	prototype to replace	none; resource binding pending	Language-specific resource mnemonic.
mnemonic			ENGLISH	D	ENGLISH:DIALOG:dlgUUEncode:3090	prototype to replace	none; resource binding pending	Language-specific resource mnemonic.
mnemonic			ENGLISH	U	ENGLISH:DIALOG:dlgUUEncode:3091	prototype to replace	none; resource binding pending	Language-specific resource mnemonic.
mnemonic			ENGLISH	T	ENGLISH:DIALOG:dlgUUEncode:3094	prototype to replace	none; resource binding pending	Language-specific resource mnemonic.
mnemonic			ENGLISH	K	ENGLISH:DIALOG:dlgUUEncode:3096	prototype to replace	none; resource binding pending	Language-specific resource mnemonic.
mnemonic			ENGLISH	T	ENGLISH:DIALOG:dlgUUEncode:3098	prototype to replace	none; resource binding pending	Language-specific resource mnemonic.
mnemonic			ENGLISH	H	ENGLISH:DIALOG:dlgUUEncode:3099	prototype to replace	none; resource binding pending	Language-specific resource mnemonic.
mnemonic			ENGLISH	R	ENGLISH:DIALOG:dlgPhoneBook:3104	prototype to replace	none; resource binding pending	Language-specific resource mnemonic.
mnemonic			ENGLISH	r	ENGLISH:DIALOG:dlgPhoneBook:3105	prototype to replace	none; resource binding pending	Language-specific resource mnemonic.
mnemonic			ENGLISH	D	ENGLISH:DIALOG:dlgPhoneBook:3106	prototype to replace	none; resource binding pending	Language-specific resource mnemonic.
mnemonic			ENGLISH	A	ENGLISH:DIALOG:dlgPhoneBook:3107	prototype to replace	none; resource binding pending	Language-specific resource mnemonic.
mnemonic			ENGLISH	E	ENGLISH:DIALOG:dlgPhoneBook:3108	prototype to replace	none; resource binding pending	Language-specific resource mnemonic.
mnemonic			ENGLISH	l	ENGLISH:DIALOG:dlgPhoneBook:3109	prototype to replace	none; resource binding pending	Language-specific resource mnemonic.
mnemonic			ENGLISH	o	ENGLISH:DIALOG:dlgPhoneBook:3110	prototype to replace	none; resource binding pending	Language-specific resource mnemonic.
mnemonic			ENGLISH	S	ENGLISH:DIALOG:dlgPhoneBook:3111	prototype to replace	none; resource binding pending	Language-specific resource mnemonic.
mnemonic			ENGLISH	I	ENGLISH:DIALOG:dlgPhoneBook:3112	prototype to replace	none; resource binding pending	Language-specific resource mnemonic.
mnemonic			ENGLISH	u	ENGLISH:DIALOG:dlgPhoneBook:3113	prototype to replace	none; resource binding pending	Language-specific resource mnemonic.
mnemonic			ENGLISH	P	ENGLISH:DIALOG:dlgManualDial:3121	prototype to replace	none; resource binding pending	Language-specific resource mnemonic.
mnemonic			ENGLISH	K	ENGLISH:DIALOG:dlgManualDial:3122	prototype to replace	none; resource binding pending	Language-specific resource mnemonic.
mnemonic			ENGLISH	H	ENGLISH:DIALOG:dlgManualDial:3124	prototype to replace	none; resource binding pending	Language-specific resource mnemonic.
mnemonic			ENGLISH	p	ENGLISH:DIALOG:dlgCalculator:3130	prototype to replace	none; resource binding pending	Language-specific resource mnemonic.
mnemonic			ENGLISH	D	ENGLISH:DIALOG:dlgCalculator:3132	prototype to replace	none; resource binding pending	Language-specific resource mnemonic.
mnemonic			ENGLISH	H	ENGLISH:DIALOG:dlgCalculator:3133	prototype to replace	none; resource binding pending	Language-specific resource mnemonic.
mnemonic			ENGLISH	B	ENGLISH:DIALOG:dlgCalculator:3134	prototype to replace	none; resource binding pending	Language-specific resource mnemonic.
mnemonic			ENGLISH	O	ENGLISH:DIALOG:dlgCalculator:3135	prototype to replace	none; resource binding pending	Language-specific resource mnemonic.
mnemonic			ENGLISH	E	ENGLISH:DIALOG:dlgCalculator:3136	prototype to replace	none; resource binding pending	Language-specific resource mnemonic.
mnemonic			ENGLISH	T	ENGLISH:DIALOG:dlgCalculator:3137	prototype to replace	none; resource binding pending	Language-specific resource mnemonic.
mnemonic			ENGLISH	F	ENGLISH:DIALOG:dlgCalculator:3139	prototype to replace	none; resource binding pending	Language-specific resource mnemonic.
mnemonic			ENGLISH	E	ENGLISH:DIALOG:dlgCalculator:3140	prototype to replace	none; resource binding pending	Language-specific resource mnemonic.
mnemonic			ENGLISH	C	ENGLISH:DIALOG:dlgCalculator:3141	prototype to replace	none; resource binding pending	Language-specific resource mnemonic.
mnemonic			ENGLISH	r	ENGLISH:DIALOG:dlgCalculator:3142	prototype to replace	none; resource binding pending	Language-specific resource mnemonic.
mnemonic			ENGLISH	H	ENGLISH:DIALOG:dlgCalculator:3144	prototype to replace	none; resource binding pending	Language-specific resource mnemonic.
mnemonic			ENGLISH	D	ENGLISH:DIALOG:dlgCalcFormat:3149	prototype to replace	none; resource binding pending	Language-specific resource mnemonic.
mnemonic			ENGLISH	H	ENGLISH:DIALOG:dlgCalcFormat:3152	prototype to replace	none; resource binding pending	Language-specific resource mnemonic.
mnemonic			ENGLISH	B	ENGLISH:DIALOG:dlgCalcFormat:3155	prototype to replace	none; resource binding pending	Language-specific resource mnemonic.
mnemonic			ENGLISH	O	ENGLISH:DIALOG:dlgCalcFormat:3158	prototype to replace	none; resource binding pending	Language-specific resource mnemonic.
mnemonic			ENGLISH	E	ENGLISH:DIALOG:dlgCalcFormat:3161	prototype to replace	none; resource binding pending	Language-specific resource mnemonic.
mnemonic			ENGLISH	T	ENGLISH:DIALOG:dlgCalcFormat:3164	prototype to replace	none; resource binding pending	Language-specific resource mnemonic.
mnemonic			ENGLISH	К	ENGLISH:DIALOG:dlgCalcFormat:3166	prototype to replace	none; resource binding pending	Language-specific resource mnemonic.
mnemonic			ENGLISH	K	ENGLISH:DIALOG:dlgWindowManager:3172	prototype to replace	none; resource binding pending	Language-specific resource mnemonic.
mnemonic			ENGLISH	l	ENGLISH:DIALOG:dlgWindowManager:3173	prototype to replace	none; resource binding pending	Language-specific resource mnemonic.
mnemonic			ENGLISH	H	ENGLISH:DIALOG:dlgWindowManager:3175	prototype to replace	none; resource binding pending	Language-specific resource mnemonic.
mnemonic			ENGLISH	L	ENGLISH:DIALOG:dlgVolumeLabel:3181	prototype to replace	none; resource binding pending	Language-specific resource mnemonic.
mnemonic			ENGLISH	K	ENGLISH:DIALOG:dlgVolumeLabel:3182	prototype to replace	none; resource binding pending	Language-specific resource mnemonic.
mnemonic			ENGLISH	u	ENGLISH:DIALOG:dlgEditEnvironment:3190	prototype to replace	none; resource binding pending	Language-specific resource mnemonic.
mnemonic			ENGLISH	K	ENGLISH:DIALOG:dlgEditEnvironment:3191	prototype to replace	none; resource binding pending	Language-specific resource mnemonic.
mnemonic			ENGLISH	R	ENGLISH:DIALOG:dlgEditEnvironment:3192	prototype to replace	none; resource binding pending	Language-specific resource mnemonic.
mnemonic			ENGLISH	A	ENGLISH:DIALOG:dlgEditEnvironment:3193	prototype to replace	none; resource binding pending	Language-specific resource mnemonic.
mnemonic			ENGLISH	D	ENGLISH:DIALOG:dlgEditEnvironment:3194	prototype to replace	none; resource binding pending	Language-specific resource mnemonic.
mnemonic			ENGLISH	H	ENGLISH:DIALOG:dlgEditEnvironment:3196	prototype to replace	none; resource binding pending	Language-specific resource mnemonic.
mnemonic			ENGLISH	K	ENGLISH:DIALOG:dlgTetrisWinner:3203	prototype to replace	none; resource binding pending	Language-specific resource mnemonic.
mnemonic			ENGLISH	H	ENGLISH:DIALOG:dlgTetrisWinner:3205	prototype to replace	none; resource binding pending	Language-specific resource mnemonic.
mnemonic			ENGLISH	d	ENGLISH:DIALOG:dlgSplitFile:3211	prototype to replace	none; resource binding pending	Language-specific resource mnemonic.
mnemonic			ENGLISH	B	ENGLISH:DIALOG:dlgSplitFile:3213	prototype to replace	none; resource binding pending	Language-specific resource mnemonic.
mnemonic			ENGLISH	V	ENGLISH:DIALOG:dlgSplitFile:3214	prototype to replace	none; resource binding pending	Language-specific resource mnemonic.
mnemonic			ENGLISH	S	ENGLISH:DIALOG:dlgSplitFile:3215	prototype to replace	none; resource binding pending	Language-specific resource mnemonic.
mnemonic			ENGLISH	i	ENGLISH:DIALOG:dlgSplitFile:3218	prototype to replace	none; resource binding pending	Language-specific resource mnemonic.
mnemonic			ENGLISH	K	ENGLISH:DIALOG:dlgSplitFile:3223	prototype to replace	none; resource binding pending	Language-specific resource mnemonic.
mnemonic			ENGLISH	T	ENGLISH:DIALOG:dlgSplitFile:3225	prototype to replace	none; resource binding pending	Language-specific resource mnemonic.
mnemonic			ENGLISH	H	ENGLISH:DIALOG:dlgSplitFile:3226	prototype to replace	none; resource binding pending	Language-specific resource mnemonic.
mnemonic			ENGLISH	d	ENGLISH:DIALOG:dlgCombineFile:3232	prototype to replace	none; resource binding pending	Language-specific resource mnemonic.
mnemonic			ENGLISH	K	ENGLISH:DIALOG:dlgCombineFile:3233	prototype to replace	none; resource binding pending	Language-specific resource mnemonic.
mnemonic			ENGLISH	T	ENGLISH:DIALOG:dlgCombineFile:3235	prototype to replace	none; resource binding pending	Language-specific resource mnemonic.
mnemonic			ENGLISH	H	ENGLISH:DIALOG:dlgCombineFile:3236	prototype to replace	none; resource binding pending	Language-specific resource mnemonic.
mnemonic			ENGLISH	K	ENGLISH:DIALOG:dlgNextSection:3243	prototype to replace	none; resource binding pending	Language-specific resource mnemonic.
mnemonic			ENGLISH	T	ENGLISH:DIALOG:dlgNextSection:3245	prototype to replace	none; resource binding pending	Language-specific resource mnemonic.
mnemonic			ENGLISH	H	ENGLISH:DIALOG:dlgNextSection:3246	prototype to replace	none; resource binding pending	Language-specific resource mnemonic.
mnemonic			ENGLISH	K	ENGLISH:DIALOG:dlgPentixTop10:3251	prototype to replace	none; resource binding pending	Language-specific resource mnemonic.
mnemonic			ENGLISH	K	ENGLISH:DIALOG:dlgTetrisTop10:3257	prototype to replace	none; resource binding pending	Language-specific resource mnemonic.
mnemonic			ENGLISH	a	ENGLISH:DIALOG:dlgOverwriteQuery:3264	prototype to replace	none; resource binding pending	Language-specific resource mnemonic.
mnemonic			ENGLISH	O	ENGLISH:DIALOG:dlgOverwriteQuery:3266	prototype to replace	none; resource binding pending	Language-specific resource mnemonic.
mnemonic			ENGLISH	p	ENGLISH:DIALOG:dlgOverwriteQuery:3267	prototype to replace	none; resource binding pending	Language-specific resource mnemonic.
mnemonic			ENGLISH	u	ENGLISH:DIALOG:dlgOverwriteQuery:3268	prototype to replace	none; resource binding pending	Language-specific resource mnemonic.
mnemonic			ENGLISH	R	ENGLISH:DIALOG:dlgOverwriteQuery:3269	prototype to replace	none; resource binding pending	Language-specific resource mnemonic.
mnemonic			ENGLISH	S	ENGLISH:DIALOG:dlgOverwriteQuery:3270	prototype to replace	none; resource binding pending	Language-specific resource mnemonic.
mnemonic			ENGLISH	D	ENGLISH:DIALOG:dlgAppendQuery:3290	prototype to replace	none; resource binding pending	Language-specific resource mnemonic.
mnemonic			ENGLISH	A	ENGLISH:DIALOG:dlgAppendQuery:3291	prototype to replace	none; resource binding pending	Language-specific resource mnemonic.
mnemonic			ENGLISH	F	ENGLISH:DIALOG:dlgAdvancedFilter:3298	prototype to replace	none; resource binding pending	Language-specific resource mnemonic.
mnemonic			ENGLISH	x	ENGLISH:DIALOG:dlgAdvancedFilter:3301	prototype to replace	none; resource binding pending	Language-specific resource mnemonic.
mnemonic			ENGLISH	S	ENGLISH:DIALOG:dlgAdvancedFilter:3302	prototype to replace	none; resource binding pending	Language-specific resource mnemonic.
mnemonic			ENGLISH	K	ENGLISH:DIALOG:dlgAdvancedFilter:3303	prototype to replace	none; resource binding pending	Language-specific resource mnemonic.
mnemonic			ENGLISH	H	ENGLISH:DIALOG:dlgAdvancedFilter:3305	prototype to replace	none; resource binding pending	Language-specific resource mnemonic.
mnemonic			ENGLISH	o	ENGLISH:DIALOG:dlgAdvancedFilter:3306	prototype to replace	none; resource binding pending	Language-specific resource mnemonic.
mnemonic			ENGLISH	S	ENGLISH:DIALOG:dlgViewerFind:3312	prototype to replace	none; resource binding pending	Language-specific resource mnemonic.
mnemonic			ENGLISH	H	ENGLISH:DIALOG:dlgViewerFind:3314	prototype to replace	none; resource binding pending	Language-specific resource mnemonic.
mnemonic			ENGLISH	C	ENGLISH:DIALOG:dlgViewerFind:3317	prototype to replace	none; resource binding pending	Language-specific resource mnemonic.
mnemonic			ENGLISH	W	ENGLISH:DIALOG:dlgViewerFind:3318	prototype to replace	none; resource binding pending	Language-specific resource mnemonic.
mnemonic			ENGLISH	A	ENGLISH:DIALOG:dlgViewerFind:3319	prototype to replace	none; resource binding pending	Language-specific resource mnemonic.
mnemonic			ENGLISH	R	ENGLISH:DIALOG:dlgViewerFind:3321	prototype to replace	none; resource binding pending	Language-specific resource mnemonic.
mnemonic			ENGLISH	F	ENGLISH:DIALOG:dlgViewerFind:3327	prototype to replace	none; resource binding pending	Language-specific resource mnemonic.
mnemonic			ENGLISH	B	ENGLISH:DIALOG:dlgViewerFind:3328	prototype to replace	none; resource binding pending	Language-specific resource mnemonic.
mnemonic			ENGLISH	O	ENGLISH:DIALOG:dlgViewerFind:3332	prototype to replace	none; resource binding pending	Language-specific resource mnemonic.
mnemonic			ENGLISH	H	ENGLISH:DIALOG:dlgViewerFind:3334	prototype to replace	none; resource binding pending	Language-specific resource mnemonic.
mnemonic			ENGLISH	N	ENGLISH:DIALOG:dlgPanelSortSetup:3340	prototype to replace	none; resource binding pending	Language-specific resource mnemonic.
mnemonic			ENGLISH	x	ENGLISH:DIALOG:dlgPanelSortSetup:3341	prototype to replace	none; resource binding pending	Language-specific resource mnemonic.
mnemonic			ENGLISH	S	ENGLISH:DIALOG:dlgPanelSortSetup:3342	prototype to replace	none; resource binding pending	Language-specific resource mnemonic.
mnemonic			ENGLISH	T	ENGLISH:DIALOG:dlgPanelSortSetup:3343	prototype to replace	none; resource binding pending	Language-specific resource mnemonic.
mnemonic			ENGLISH	C	ENGLISH:DIALOG:dlgPanelSortSetup:3344	prototype to replace	none; resource binding pending	Language-specific resource mnemonic.
mnemonic			ENGLISH	a	ENGLISH:DIALOG:dlgPanelSortSetup:3345	prototype to replace	none; resource binding pending	Language-specific resource mnemonic.
mnemonic			ENGLISH	D	ENGLISH:DIALOG:dlgPanelSortSetup:3346	prototype to replace	none; resource binding pending	Language-specific resource mnemonic.
mnemonic			ENGLISH	U	ENGLISH:DIALOG:dlgPanelSortSetup:3347	prototype to replace	none; resource binding pending	Language-specific resource mnemonic.
mnemonic			ENGLISH	p	ENGLISH:DIALOG:dlgPanelSortSetup:3351	prototype to replace	none; resource binding pending	Language-specific resource mnemonic.
mnemonic			ENGLISH	g	ENGLISH:DIALOG:dlgPanelSortSetup:3352	prototype to replace	none; resource binding pending	Language-specific resource mnemonic.
mnemonic			ENGLISH	v	ENGLISH:DIALOG:dlgPanelSortSetup:3353	prototype to replace	none; resource binding pending	Language-specific resource mnemonic.
mnemonic			ENGLISH	i	ENGLISH:DIALOG:dlgPanelSortSetup:3354	prototype to replace	none; resource binding pending	Language-specific resource mnemonic.
mnemonic			ENGLISH	1	ENGLISH:DIALOG:dlgPanelSortSetup:3365	prototype to replace	none; resource binding pending	Language-specific resource mnemonic.
mnemonic			ENGLISH	2	ENGLISH:DIALOG:dlgPanelSortSetup:3373	prototype to replace	none; resource binding pending	Language-specific resource mnemonic.
mnemonic			ENGLISH	3	ENGLISH:DIALOG:dlgPanelSortSetup:3381	prototype to replace	none; resource binding pending	Language-specific resource mnemonic.
mnemonic			ENGLISH	4	ENGLISH:DIALOG:dlgPanelSortSetup:3389	prototype to replace	none; resource binding pending	Language-specific resource mnemonic.
mnemonic			ENGLISH	o	ENGLISH:DIALOG:dlgPanelSortSetup:3396	prototype to replace	none; resource binding pending	Language-specific resource mnemonic.
mnemonic			ENGLISH	K	ENGLISH:DIALOG:dlgPanelSortSetup:3397	prototype to replace	none; resource binding pending	Language-specific resource mnemonic.
mnemonic			ENGLISH	H	ENGLISH:DIALOG:dlgPanelSortSetup:3399	prototype to replace	none; resource binding pending	Language-specific resource mnemonic.
mnemonic			ENGLISH	h	ENGLISH:DIALOG:dlgFMSetup:3406	prototype to replace	none; resource binding pending	Language-specific resource mnemonic.
mnemonic			ENGLISH	-	ENGLISH:DIALOG:dlgFMSetup:3407	prototype to replace	none; resource binding pending	Language-specific resource mnemonic.
mnemonic			ENGLISH	-	ENGLISH:DIALOG:dlgFMSetup:3407	prototype to replace	none; resource binding pending	Language-specific resource mnemonic.
mnemonic			ENGLISH	B	ENGLISH:DIALOG:dlgFMSetup:3408	prototype to replace	none; resource binding pending	Language-specific resource mnemonic.
mnemonic			ENGLISH	E	ENGLISH:DIALOG:dlgFMSetup:3409	prototype to replace	none; resource binding pending	Language-specific resource mnemonic.
mnemonic			ENGLISH	S	ENGLISH:DIALOG:dlgFMSetup:3410	prototype to replace	none; resource binding pending	Language-specific resource mnemonic.
mnemonic			ENGLISH	D	ENGLISH:DIALOG:dlgFMSetup:3411	prototype to replace	none; resource binding pending	Language-specific resource mnemonic.
mnemonic			ENGLISH	/	ENGLISH:DIALOG:dlgFMSetup:3412	prototype to replace	none; resource binding pending	Language-specific resource mnemonic.
mnemonic			ENGLISH	A	ENGLISH:DIALOG:dlgFMSetup:3413	prototype to replace	none; resource binding pending	Language-specific resource mnemonic.
mnemonic			ENGLISH	u	ENGLISH:DIALOG:dlgFMSetup:3414	prototype to replace	none; resource binding pending	Language-specific resource mnemonic.
mnemonic			ENGLISH	Q	ENGLISH:DIALOG:dlgFMSetup:3432	prototype to replace	none; resource binding pending	Language-specific resource mnemonic.
mnemonic			ENGLISH	l	ENGLISH:DIALOG:dlgFMSetup:3445	prototype to replace	none; resource binding pending	Language-specific resource mnemonic.
mnemonic			ENGLISH	h	ENGLISH:DIALOG:dlgFMSetup:3447	prototype to replace	none; resource binding pending	Language-specific resource mnemonic.
mnemonic			ENGLISH	g	ENGLISH:DIALOG:dlgFMSetup:3478	prototype to replace	none; resource binding pending	Language-specific resource mnemonic.
mnemonic			ENGLISH	u	ENGLISH:DIALOG:dlgFMSetup:3481	prototype to replace	none; resource binding pending	Language-specific resource mnemonic.
mnemonic			ENGLISH	w	ENGLISH:DIALOG:dlgFMSetup:3485	prototype to replace	none; resource binding pending	Language-specific resource mnemonic.
mnemonic			ENGLISH	K	ENGLISH:DIALOG:dlgFMSetup:3511	prototype to replace	none; resource binding pending	Language-specific resource mnemonic.
mnemonic			ENGLISH	H	ENGLISH:DIALOG:dlgFMSetup:3513	prototype to replace	none; resource binding pending	Language-specific resource mnemonic.
mnemonic			ENGLISH	D	ENGLISH:DIALOG:dlgDriveInfoSetup:3519	prototype to replace	none; resource binding pending	Language-specific resource mnemonic.
mnemonic			ENGLISH	T	ENGLISH:DIALOG:dlgDriveInfoSetup:3520	prototype to replace	none; resource binding pending	Language-specific resource mnemonic.
mnemonic			ENGLISH	S	ENGLISH:DIALOG:dlgDriveInfoSetup:3521	prototype to replace	none; resource binding pending	Language-specific resource mnemonic.
mnemonic			ENGLISH	F	ENGLISH:DIALOG:dlgDriveInfoSetup:3522	prototype to replace	none; resource binding pending	Language-specific resource mnemonic.
mnemonic			ENGLISH	L	ENGLISH:DIALOG:dlgDriveInfoSetup:3523	prototype to replace	none; resource binding pending	Language-specific resource mnemonic.
mnemonic			ENGLISH	u	ENGLISH:DIALOG:dlgDriveInfoSetup:3525	prototype to replace	none; resource binding pending	Language-specific resource mnemonic.
mnemonic			ENGLISH	y	ENGLISH:DIALOG:dlgDriveInfoSetup:3526	prototype to replace	none; resource binding pending	Language-specific resource mnemonic.
mnemonic			ENGLISH	P	ENGLISH:DIALOG:dlgDriveInfoSetup:3528	prototype to replace	none; resource binding pending	Language-specific resource mnemonic.
mnemonic			ENGLISH	M	ENGLISH:DIALOG:dlgDriveInfoSetup:3529	prototype to replace	none; resource binding pending	Language-specific resource mnemonic.
mnemonic			ENGLISH	V	ENGLISH:DIALOG:dlgDriveInfoSetup:3530	prototype to replace	none; resource binding pending	Language-specific resource mnemonic.
mnemonic			ENGLISH	E	ENGLISH:DIALOG:dlgDriveInfoSetup:3532	prototype to replace	none; resource binding pending	Language-specific resource mnemonic.
mnemonic			ENGLISH	X	ENGLISH:DIALOG:dlgDriveInfoSetup:3533	prototype to replace	none; resource binding pending	Language-specific resource mnemonic.
mnemonic			ENGLISH	I	ENGLISH:DIALOG:dlgDriveInfoSetup:3535	prototype to replace	none; resource binding pending	Language-specific resource mnemonic.
mnemonic			ENGLISH	K	ENGLISH:DIALOG:dlgDriveInfoSetup:3538	prototype to replace	none; resource binding pending	Language-specific resource mnemonic.
mnemonic			ENGLISH	H	ENGLISH:DIALOG:dlgDriveInfoSetup:3540	prototype to replace	none; resource binding pending	Language-specific resource mnemonic.
mnemonic			ENGLISH	U	ENGLISH:DIALOG:dlgStartupSetup:3546	prototype to replace	none; resource binding pending	Language-specific resource mnemonic.
mnemonic			ENGLISH	R	ENGLISH:DIALOG:dlgStartupSetup:3547	prototype to replace	none; resource binding pending	Language-specific resource mnemonic.
mnemonic			ENGLISH	H	ENGLISH:DIALOG:dlgStartupSetup:3548	prototype to replace	none; resource binding pending	Language-specific resource mnemonic.
mnemonic			ENGLISH	F	ENGLISH:DIALOG:dlgStartupSetup:3550	prototype to replace	none; resource binding pending	Language-specific resource mnemonic.
mnemonic			ENGLISH	I	ENGLISH:DIALOG:dlgStartupSetup:3556	prototype to replace	none; resource binding pending	Language-specific resource mnemonic.
mnemonic			ENGLISH	D	ENGLISH:DIALOG:dlgStartupSetup:3557	prototype to replace	none; resource binding pending	Language-specific resource mnemonic.
mnemonic			ENGLISH	b	ENGLISH:DIALOG:dlgStartupSetup:3558	prototype to replace	none; resource binding pending	Language-specific resource mnemonic.
mnemonic			ENGLISH	P	ENGLISH:DIALOG:dlgStartupSetup:3559	prototype to replace	none; resource binding pending	Language-specific resource mnemonic.
mnemonic			ENGLISH	V	ENGLISH:DIALOG:dlgStartupSetup:3560	prototype to replace	none; resource binding pending	Language-specific resource mnemonic.
mnemonic			ENGLISH	K	ENGLISH:DIALOG:dlgStartupSetup:3564	prototype to replace	none; resource binding pending	Language-specific resource mnemonic.
mnemonic			ENGLISH	F	ENGLISH:DIALOG:dlgArvidFileFind:3571	prototype to replace	none; resource binding pending	Language-specific resource mnemonic.
mnemonic			ENGLISH	D	ENGLISH:DIALOG:dlgArvidFileFind:3573	prototype to replace	none; resource binding pending	Language-specific resource mnemonic.
mnemonic			ENGLISH	A	ENGLISH:DIALOG:dlgArvidFileFind:3575	prototype to replace	none; resource binding pending	Language-specific resource mnemonic.
mnemonic			ENGLISH	S	ENGLISH:DIALOG:dlgArvidFileFind:3576	prototype to replace	none; resource binding pending	Language-specific resource mnemonic.
mnemonic			ENGLISH	K	ENGLISH:DIALOG:dlgArvidFileFind:3579	prototype to replace	none; resource binding pending	Language-specific resource mnemonic.
mnemonic			ENGLISH	v	ENGLISH:DIALOG:dlgArvidFileFind:3580	prototype to replace	none; resource binding pending	Language-specific resource mnemonic.
mnemonic			ENGLISH	H	ENGLISH:DIALOG:dlgArvidFileFind:3582	prototype to replace	none; resource binding pending	Language-specific resource mnemonic.
mnemonic			ENGLISH	G	ENGLISH:Dialog:dlgArvidFindResults:3587	prototype to replace	none; resource binding pending	Language-specific resource mnemonic.
mnemonic			ENGLISH	C	ENGLISH:Dialog:dlgArvidFindResults:3588	prototype to replace	none; resource binding pending	Language-specific resource mnemonic.
mnemonic			ENGLISH	e	ENGLISH:DIALOG:dlgSystemSetup:3595	prototype to replace	none; resource binding pending	Language-specific resource mnemonic.
mnemonic			ENGLISH	U	ENGLISH:DIALOG:dlgSystemSetup:3596	prototype to replace	none; resource binding pending	Language-specific resource mnemonic.
mnemonic			ENGLISH	F	ENGLISH:DIALOG:dlgSystemSetup:3598	prototype to replace	none; resource binding pending	Language-specific resource mnemonic.
mnemonic			ENGLISH	i	ENGLISH:DIALOG:dlgSystemSetup:3599	prototype to replace	none; resource binding pending	Language-specific resource mnemonic.
mnemonic			ENGLISH	-	ENGLISH:DIALOG:dlgSystemSetup:3600	prototype to replace	none; resource binding pending	Language-specific resource mnemonic.
mnemonic			ENGLISH	C	ENGLISH:DIALOG:dlgSystemSetup:3602	prototype to replace	none; resource binding pending	Language-specific resource mnemonic.
mnemonic			ENGLISH	d	ENGLISH:DIALOG:dlgSystemSetup:3603	prototype to replace	none; resource binding pending	Language-specific resource mnemonic.
mnemonic			ENGLISH	l	ENGLISH:DIALOG:dlgSystemSetup:3605	prototype to replace	none; resource binding pending	Language-specific resource mnemonic.
mnemonic			ENGLISH	O	ENGLISH:DIALOG:dlgSystemSetup:3608	prototype to replace	none; resource binding pending	Language-specific resource mnemonic.
mnemonic			ENGLISH	1	ENGLISH:DIALOG:dlgSystemSetup:3611	prototype to replace	none; resource binding pending	Language-specific resource mnemonic.
mnemonic			ENGLISH	2	ENGLISH:DIALOG:dlgSystemSetup:3613	prototype to replace	none; resource binding pending	Language-specific resource mnemonic.
mnemonic			ENGLISH	T	ENGLISH:DIALOG:dlgSystemSetup:3616	prototype to replace	none; resource binding pending	Language-specific resource mnemonic.
mnemonic			ENGLISH	D	ENGLISH:DIALOG:dlgSystemSetup:3620	prototype to replace	none; resource binding pending	Language-specific resource mnemonic.
mnemonic			ENGLISH	w	ENGLISH:DIALOG:dlgSystemSetup:3623	prototype to replace	none; resource binding pending	Language-specific resource mnemonic.
mnemonic			ENGLISH	p	ENGLISH:DIALOG:dlgSystemSetup:3624	prototype to replace	none; resource binding pending	Language-specific resource mnemonic.
mnemonic			ENGLISH	v	ENGLISH:DIALOG:dlgSystemSetup:3625	prototype to replace	none; resource binding pending	Language-specific resource mnemonic.
mnemonic			ENGLISH	K	ENGLISH:DIALOG:dlgSystemSetup:3635	prototype to replace	none; resource binding pending	Language-specific resource mnemonic.
mnemonic			ENGLISH	H	ENGLISH:DIALOG:dlgSystemSetup:3637	prototype to replace	none; resource binding pending	Language-specific resource mnemonic.
mnemonic			ENGLISH	8	ENGLISH:DIALOG:dlgAdvancedCOMSetup:3643	prototype to replace	none; resource binding pending	Language-specific resource mnemonic.
mnemonic			ENGLISH	7	ENGLISH:DIALOG:dlgAdvancedCOMSetup:3644	prototype to replace	none; resource binding pending	Language-specific resource mnemonic.
mnemonic			ENGLISH	6	ENGLISH:DIALOG:dlgAdvancedCOMSetup:3645	prototype to replace	none; resource binding pending	Language-specific resource mnemonic.
mnemonic			ENGLISH	5	ENGLISH:DIALOG:dlgAdvancedCOMSetup:3646	prototype to replace	none; resource binding pending	Language-specific resource mnemonic.
mnemonic			ENGLISH	1	ENGLISH:DIALOG:dlgAdvancedCOMSetup:3650	prototype to replace	none; resource binding pending	Language-specific resource mnemonic.
mnemonic			ENGLISH	2	ENGLISH:DIALOG:dlgAdvancedCOMSetup:3651	prototype to replace	none; resource binding pending	Language-specific resource mnemonic.
mnemonic			ENGLISH	N	ENGLISH:DIALOG:dlgAdvancedCOMSetup:3655	prototype to replace	none; resource binding pending	Language-specific resource mnemonic.
mnemonic			ENGLISH	O	ENGLISH:DIALOG:dlgAdvancedCOMSetup:3656	prototype to replace	none; resource binding pending	Language-specific resource mnemonic.
mnemonic			ENGLISH	E	ENGLISH:DIALOG:dlgAdvancedCOMSetup:3657	prototype to replace	none; resource binding pending	Language-specific resource mnemonic.
mnemonic			ENGLISH	M	ENGLISH:DIALOG:dlgAdvancedCOMSetup:3658	prototype to replace	none; resource binding pending	Language-specific resource mnemonic.
mnemonic			ENGLISH	S	ENGLISH:DIALOG:dlgAdvancedCOMSetup:3659	prototype to replace	none; resource binding pending	Language-specific resource mnemonic.
mnemonic			ENGLISH	C	ENGLISH:DIALOG:dlgAdvancedCOMSetup:3663	prototype to replace	none; resource binding pending	Language-specific resource mnemonic.
mnemonic			ENGLISH	D	ENGLISH:DIALOG:dlgAdvancedCOMSetup:3664	prototype to replace	none; resource binding pending	Language-specific resource mnemonic.
mnemonic			ENGLISH	X	ENGLISH:DIALOG:dlgAdvancedCOMSetup:3669	prototype to replace	none; resource binding pending	Language-specific resource mnemonic.
mnemonic			ENGLISH	K	ENGLISH:DIALOG:dlgAdvancedCOMSetup:3672	prototype to replace	none; resource binding pending	Language-specific resource mnemonic.
mnemonic			ENGLISH	H	ENGLISH:DIALOG:dlgAdvancedCOMSetup:3674	prototype to replace	none; resource binding pending	Language-specific resource mnemonic.
mnemonic			ENGLISH	K	ENGLISH:DIALOG:dlgCpuFlagInfo:3809	prototype to replace	none; resource binding pending	Language-specific resource mnemonic.
mnemonic			ENGLISH	K	ENGLISH:DIALOG:dlgFTNInfo:3821	prototype to replace	none; resource binding pending	Language-specific resource mnemonic.
mnemonic			ENGLISH	H	ENGLISH:DIALOG:dlgFTNInfo:3823	prototype to replace	none; resource binding pending	Language-specific resource mnemonic.
mnemonic			ENGLISH	K	ENGLISH:DIALOG:dlgSrchFailed:3834	prototype to replace	none; resource binding pending	Language-specific resource mnemonic.
mnemonic			ENGLISH	K	ENGLISH:DIALOG:dlgSetupColumnsDisk:4027	prototype to replace	none; resource binding pending	Language-specific resource mnemonic.
mnemonic			ENGLISH	H	ENGLISH:DIALOG:dlgSetupColumnsDisk:4029	prototype to replace	none; resource binding pending	Language-specific resource mnemonic.
mnemonic			ENGLISH	K	ENGLISH:DIALOG:dlgSetupColumnsFind:4208	prototype to replace	none; resource binding pending	Language-specific resource mnemonic.
mnemonic			ENGLISH	H	ENGLISH:DIALOG:dlgSetupColumnsFind:4210	prototype to replace	none; resource binding pending	Language-specific resource mnemonic.
mnemonic			ENGLISH	K	ENGLISH:DIALOG:dlgSetupColumnsTemp:4389	prototype to replace	none; resource binding pending	Language-specific resource mnemonic.
mnemonic			ENGLISH	H	ENGLISH:DIALOG:dlgSetupColumnsTemp:4391	prototype to replace	none; resource binding pending	Language-specific resource mnemonic.
mnemonic			ENGLISH	K	ENGLISH:DIALOG:dlgSetupColumnsArch:4537	prototype to replace	none; resource binding pending	Language-specific resource mnemonic.
mnemonic			ENGLISH	H	ENGLISH:DIALOG:dlgSetupColumnsArch:4539	prototype to replace	none; resource binding pending	Language-specific resource mnemonic.
mnemonic			ENGLISH	K	ENGLISH:DIALOG:dlgSetupColumnsArvd:4674	prototype to replace	none; resource binding pending	Language-specific resource mnemonic.
mnemonic			ENGLISH	H	ENGLISH:DIALOG:dlgSetupColumnsArvd:4676	prototype to replace	none; resource binding pending	Language-specific resource mnemonic.
mnemonic			ENGLISH	N	ENGLISH:DIALOG:dlgNameCase:4693	prototype to replace	none; resource binding pending	Language-specific resource mnemonic.
mnemonic			ENGLISH	x	ENGLISH:DIALOG:dlgNameCase:4702	prototype to replace	none; resource binding pending	Language-specific resource mnemonic.
mnemonic			ENGLISH	K	ENGLISH:DIALOG:dlgNameCase:4703	prototype to replace	none; resource binding pending	Language-specific resource mnemonic.
mnemonic			ENGLISH	1	ENGLISH:DIALOG:dlgChScreenMode:4712	prototype to replace	none; resource binding pending	Language-specific resource mnemonic.
mnemonic			ENGLISH	2	ENGLISH:DIALOG:dlgChScreenMode:4713	prototype to replace	none; resource binding pending	Language-specific resource mnemonic.
mnemonic			ENGLISH	3	ENGLISH:DIALOG:dlgChScreenMode:4714	prototype to replace	none; resource binding pending	Language-specific resource mnemonic.
mnemonic			ENGLISH	4	ENGLISH:DIALOG:dlgChScreenMode:4715	prototype to replace	none; resource binding pending	Language-specific resource mnemonic.
mnemonic			ENGLISH	5	ENGLISH:DIALOG:dlgChScreenMode:4716	prototype to replace	none; resource binding pending	Language-specific resource mnemonic.
mnemonic			ENGLISH	6	ENGLISH:DIALOG:dlgChScreenMode:4717	prototype to replace	none; resource binding pending	Language-specific resource mnemonic.
mnemonic			ENGLISH	C	ENGLISH:DIALOG:dlgChScreenMode:4718	prototype to replace	none; resource binding pending	Language-specific resource mnemonic.
mnemonic			ENGLISH	K	ENGLISH:DIALOG:dlgChScreenMode:4729	prototype to replace	none; resource binding pending	Language-specific resource mnemonic.
mnemonic			ENGLISH	C	ENGLISH:DIALOG:dlgSetExportCsvFormat:4738	prototype to replace	none; resource binding pending	Language-specific resource mnemonic.
mnemonic			ENGLISH	N	ENGLISH:DIALOG:dlgSetExportCsvFormat:4743	prototype to replace	none; resource binding pending	Language-specific resource mnemonic.
mnemonic			ENGLISH	F	ENGLISH:DIALOG:dlgSetExportCsvFormat:4748	prototype to replace	none; resource binding pending	Language-specific resource mnemonic.
mnemonic			ENGLISH	К	ENGLISH:DIALOG:dlgSetExportCsvFormat:4749	prototype to replace	none; resource binding pending	Language-specific resource mnemonic.
mnemonic			ENGLISH	R	ENGLISH:DIALOG:dlgDBFGoto:4758	prototype to replace	none; resource binding pending	Language-specific resource mnemonic.
mnemonic			ENGLISH	C	ENGLISH:DIALOG:dlgDBFGoto:4760	prototype to replace	none; resource binding pending	Language-specific resource mnemonic.
mnemonic			ENGLISH	K	ENGLISH:DIALOG:dlgDBFGoto:4761	prototype to replace	none; resource binding pending	Language-specific resource mnemonic.
mnemonic			ENGLISH	H	ENGLISH:DIALOG:dlgDBFGoto:4763	prototype to replace	none; resource binding pending	Language-specific resource mnemonic.
mnemonic			ENGLISH	R	ENGLISH:DIALOG:dlgSkipBadFile:4770	prototype to replace	none; resource binding pending	Language-specific resource mnemonic.
mnemonic			ENGLISH	S	ENGLISH:DIALOG:dlgSkipBadFile:4771	prototype to replace	none; resource binding pending	Language-specific resource mnemonic.
mnemonic			ENGLISH	A	ENGLISH:DIALOG:dlgSkipBadFile:4772	prototype to replace	none; resource binding pending	Language-specific resource mnemonic.
mnemonic			ENGLISH	C	ENGLISH:DIALOG:dlgSkipBadFile:4773	prototype to replace	none; resource binding pending	Language-specific resource mnemonic.
mnemonic			RUSSIAN	С	RUSSIAN:DIALOG:dlgCountrySetup:270	prototype to replace	none; resource binding pending	Language-specific resource mnemonic.
mnemonic			RUSSIAN	М	RUSSIAN:DIALOG:dlgCountrySetup:272	prototype to replace	none; resource binding pending	Language-specific resource mnemonic.
mnemonic			RUSSIAN	Д	RUSSIAN:DIALOG:dlgCountrySetup:273	prototype to replace	none; resource binding pending	Language-specific resource mnemonic.
mnemonic			RUSSIAN	Г	RUSSIAN:DIALOG:dlgCountrySetup:274	prototype to replace	none; resource binding pending	Language-specific resource mnemonic.
mnemonic			RUSSIAN	1	RUSSIAN:DIALOG:dlgCountrySetup:278	prototype to replace	none; resource binding pending	Language-specific resource mnemonic.
mnemonic			RUSSIAN	2	RUSSIAN:DIALOG:dlgCountrySetup:279	prototype to replace	none; resource binding pending	Language-specific resource mnemonic.
mnemonic			RUSSIAN	а	RUSSIAN:DIALOG:dlgCountrySetup:283	prototype to replace	none; resource binding pending	Language-specific resource mnemonic.
mnemonic			RUSSIAN	р	RUSSIAN:DIALOG:dlgCountrySetup:285	prototype to replace	none; resource binding pending	Language-specific resource mnemonic.
mnemonic			RUSSIAN	Т	RUSSIAN:DIALOG:dlgCountrySetup:287	prototype to replace	none; resource binding pending	Language-specific resource mnemonic.
mnemonic			RUSSIAN	е	RUSSIAN:DIALOG:dlgCountrySetup:289	prototype to replace	none; resource binding pending	Language-specific resource mnemonic.
mnemonic			RUSSIAN	о	RUSSIAN:DIALOG:dlgCountrySetup:291	prototype to replace	none; resource binding pending	Language-specific resource mnemonic.
mnemonic			RUSSIAN	Ф	RUSSIAN:DIALOG:dlgCountrySetup:299	prototype to replace	none; resource binding pending	Language-specific resource mnemonic.
mnemonic			RUSSIAN	В	RUSSIAN:DIALOG:dlgCountrySetup:301	prototype to replace	none; resource binding pending	Language-specific resource mnemonic.
mnemonic			RUSSIAN	К	RUSSIAN:DIALOG:dlgCountrySetup:303	prototype to replace	none; resource binding pending	Language-specific resource mnemonic.
mnemonic			RUSSIAN	б	RUSSIAN:DIALOG:dlgCountrySetup:309	prototype to replace	none; resource binding pending	Language-specific resource mnemonic.
mnemonic			RUSSIAN	K	RUSSIAN:DIALOG:dlgCountrySetup:310	prototype to replace	none; resource binding pending	Language-specific resource mnemonic.
mnemonic			RUSSIAN	щ	RUSSIAN:DIALOG:dlgCountrySetup:312	prototype to replace	none; resource binding pending	Language-specific resource mnemonic.
mnemonic			RUSSIAN	о	RUSSIAN:DIALOG:dlgConfirmations:318	prototype to replace	none; resource binding pending	Language-specific resource mnemonic.
mnemonic			RUSSIAN	е	RUSSIAN:DIALOG:dlgConfirmations:319	prototype to replace	none; resource binding pending	Language-specific resource mnemonic.
mnemonic			RUSSIAN	н	RUSSIAN:DIALOG:dlgConfirmations:320	prototype to replace	none; resource binding pending	Language-specific resource mnemonic.
mnemonic			RUSSIAN	ф	RUSSIAN:DIALOG:dlgConfirmations:321	prototype to replace	none; resource binding pending	Language-specific resource mnemonic.
mnemonic			RUSSIAN	С	RUSSIAN:DIALOG:dlgConfirmations:322	prototype to replace	none; resource binding pending	Language-specific resource mnemonic.
mnemonic			RUSSIAN	м	RUSSIAN:DIALOG:dlgConfirmations:323	prototype to replace	none; resource binding pending	Language-specific resource mnemonic.
mnemonic			RUSSIAN	у	RUSSIAN:DIALOG:dlgConfirmations:324	prototype to replace	none; resource binding pending	Language-specific resource mnemonic.
mnemonic			RUSSIAN	ы	RUSSIAN:DIALOG:dlgConfirmations:325	prototype to replace	none; resource binding pending	Language-specific resource mnemonic.
mnemonic			RUSSIAN	К	RUSSIAN:DIALOG:dlgConfirmations:327	prototype to replace	none; resource binding pending	Language-specific resource mnemonic.
mnemonic			RUSSIAN	щ	RUSSIAN:DIALOG:dlgConfirmations:329	prototype to replace	none; resource binding pending	Language-specific resource mnemonic.
mnemonic			RUSSIAN	А	RUSSIAN:DIALOG:dlgGotoAddress:335	prototype to replace	none; resource binding pending	Language-specific resource mnemonic.
mnemonic			RUSSIAN	К	RUSSIAN:DIALOG:dlgGotoAddress:336	prototype to replace	none; resource binding pending	Language-specific resource mnemonic.
mnemonic			RUSSIAN	щ	RUSSIAN:DIALOG:dlgGotoAddress:338	prototype to replace	none; resource binding pending	Language-specific resource mnemonic.
mnemonic			RUSSIAN	п	RUSSIAN:DIALOG:dlgAdvanceSearch:344	prototype to replace	none; resource binding pending	Language-specific resource mnemonic.
mnemonic			RUSSIAN	д	RUSSIAN:DIALOG:dlgAdvanceSearch:346	prototype to replace	none; resource binding pending	Language-specific resource mnemonic.
mnemonic			RUSSIAN	б	RUSSIAN:DIALOG:dlgAdvanceSearch:348	prototype to replace	none; resource binding pending	Language-specific resource mnemonic.
mnemonic			RUSSIAN	м	RUSSIAN:DIALOG:dlgAdvanceSearch:350	prototype to replace	none; resource binding pending	Language-specific resource mnemonic.
mnemonic			RUSSIAN	р	RUSSIAN:DIALOG:dlgAdvanceSearch:352	prototype to replace	none; resource binding pending	Language-specific resource mnemonic.
mnemonic			RUSSIAN	и	RUSSIAN:DIALOG:dlgAdvanceSearch:353	prototype to replace	none; resource binding pending	Language-specific resource mnemonic.
mnemonic			RUSSIAN	к	RUSSIAN:DIALOG:dlgAdvanceSearch:354	prototype to replace	none; resource binding pending	Language-specific resource mnemonic.
mnemonic			RUSSIAN	ч	RUSSIAN:DIALOG:dlgAdvanceSearch:355	prototype to replace	none; resource binding pending	Language-specific resource mnemonic.
mnemonic			RUSSIAN	К	RUSSIAN:DIALOG:dlgAdvanceSearch:358	prototype to replace	none; resource binding pending	Language-specific resource mnemonic.
mnemonic			RUSSIAN	О	RUSSIAN:DIALOG:dlgAdvanceSearch:359	prototype to replace	none; resource binding pending	Language-specific resource mnemonic.
mnemonic			RUSSIAN	щ	RUSSIAN:DIALOG:dlgAdvanceSearch:361	prototype to replace	none; resource binding pending	Language-specific resource mnemonic.
mnemonic			RUSSIAN	П	RUSSIAN:DIALOG:dlgReenterPassword:367	prototype to replace	none; resource binding pending	Language-specific resource mnemonic.
mnemonic			RUSSIAN	К	RUSSIAN:DIALOG:dlgReenterPassword:368	prototype to replace	none; resource binding pending	Language-specific resource mnemonic.
mnemonic			RUSSIAN	щ	RUSSIAN:DIALOG:dlgReenterPassword:370	prototype to replace	none; resource binding pending	Language-specific resource mnemonic.
mnemonic			RUSSIAN	З	RUSSIAN:DIALOG:dlgArchiveFiles:376	prototype to replace	none; resource binding pending	Language-specific resource mnemonic.
mnemonic			RUSSIAN	П	RUSSIAN:DIALOG:dlgArchiveFiles:378	prototype to replace	none; resource binding pending	Language-specific resource mnemonic.
mnemonic			RUSSIAN	а	RUSSIAN:DIALOG:dlgArchiveFiles:380	prototype to replace	none; resource binding pending	Language-specific resource mnemonic.
mnemonic			RUSSIAN	у	RUSSIAN:DIALOG:dlgArchiveFiles:382	prototype to replace	none; resource binding pending	Language-specific resource mnemonic.
mnemonic			RUSSIAN	е	RUSSIAN:DIALOG:dlgArchiveFiles:383	prototype to replace	none; resource binding pending	Language-specific resource mnemonic.
mnemonic			RUSSIAN	с	RUSSIAN:DIALOG:dlgArchiveFiles:384	prototype to replace	none; resource binding pending	Language-specific resource mnemonic.
mnemonic			RUSSIAN	ы	RUSSIAN:DIALOG:dlgArchiveFiles:385	prototype to replace	none; resource binding pending	Language-specific resource mnemonic.
mnemonic			RUSSIAN	E	RUSSIAN:DIALOG:dlgArchiveFiles:391	prototype to replace	none; resource binding pending	Language-specific resource mnemonic.
mnemonic			RUSSIAN	N	RUSSIAN:DIALOG:dlgArchiveFiles:392	prototype to replace	none; resource binding pending	Language-specific resource mnemonic.
mnemonic			RUSSIAN	A	RUSSIAN:DIALOG:dlgArchiveFiles:393	prototype to replace	none; resource binding pending	Language-specific resource mnemonic.
mnemonic			RUSSIAN	J	RUSSIAN:DIALOG:dlgArchiveFiles:394	prototype to replace	none; resource binding pending	Language-specific resource mnemonic.
mnemonic			RUSSIAN	2	RUSSIAN:DIALOG:dlgArchiveFiles:395	prototype to replace	none; resource binding pending	Language-specific resource mnemonic.
mnemonic			RUSSIAN	B	RUSSIAN:DIALOG:dlgArchiveFiles:396	prototype to replace	none; resource binding pending	Language-specific resource mnemonic.
mnemonic			RUSSIAN	C	RUSSIAN:DIALOG:dlgArchiveFiles:398	prototype to replace	none; resource binding pending	Language-specific resource mnemonic.
mnemonic			RUSSIAN	H	RUSSIAN:DIALOG:dlgArchiveFiles:399	prototype to replace	none; resource binding pending	Language-specific resource mnemonic.
mnemonic			RUSSIAN	P	RUSSIAN:DIALOG:dlgArchiveFiles:401	prototype to replace	none; resource binding pending	Language-specific resource mnemonic.
mnemonic			RUSSIAN	Y	RUSSIAN:DIALOG:dlgArchiveFiles:402	prototype to replace	none; resource binding pending	Language-specific resource mnemonic.
mnemonic			RUSSIAN	3	RUSSIAN:DIALOG:dlgArchiveFiles:403	prototype to replace	none; resource binding pending	Language-specific resource mnemonic.
mnemonic			RUSSIAN	L	RUSSIAN:DIALOG:dlgArchiveFiles:404	prototype to replace	none; resource binding pending	Language-specific resource mnemonic.
mnemonic			RUSSIAN	I	RUSSIAN:DIALOG:dlgArchiveFiles:405	prototype to replace	none; resource binding pending	Language-specific resource mnemonic.
mnemonic			RUSSIAN	Q	RUSSIAN:DIALOG:dlgArchiveFiles:406	prototype to replace	none; resource binding pending	Language-specific resource mnemonic.
mnemonic			RUSSIAN	R	RUSSIAN:DIALOG:dlgArchiveFiles:407	prototype to replace	none; resource binding pending	Language-specific resource mnemonic.
mnemonic			RUSSIAN	S	RUSSIAN:DIALOG:dlgArchiveFiles:408	prototype to replace	none; resource binding pending	Language-specific resource mnemonic.
mnemonic			RUSSIAN	T	RUSSIAN:DIALOG:dlgArchiveFiles:409	prototype to replace	none; resource binding pending	Language-specific resource mnemonic.
mnemonic			RUSSIAN	G	RUSSIAN:DIALOG:dlgArchiveFiles:410	prototype to replace	none; resource binding pending	Language-specific resource mnemonic.
mnemonic			RUSSIAN	U	RUSSIAN:DIALOG:dlgArchiveFiles:411	prototype to replace	none; resource binding pending	Language-specific resource mnemonic.
mnemonic			RUSSIAN	F	RUSSIAN:DIALOG:dlgArchiveFiles:412	prototype to replace	none; resource binding pending	Language-specific resource mnemonic.
mnemonic			RUSSIAN	Z	RUSSIAN:DIALOG:dlgArchiveFiles:413	prototype to replace	none; resource binding pending	Language-specific resource mnemonic.
mnemonic			RUSSIAN	O	RUSSIAN:DIALOG:dlgArchiveFiles:414	prototype to replace	none; resource binding pending	Language-specific resource mnemonic.
mnemonic			RUSSIAN	X	RUSSIAN:DIALOG:dlgArchiveFiles:415	prototype to replace	none; resource binding pending	Language-specific resource mnemonic.
mnemonic			RUSSIAN	7	RUSSIAN:DIALOG:dlgArchiveFiles:416	prototype to replace	none; resource binding pending	Language-specific resource mnemonic.
mnemonic			RUSSIAN	Б	RUSSIAN:DIALOG:dlgArchiveFiles:423	prototype to replace	none; resource binding pending	Language-specific resource mnemonic.
mnemonic			RUSSIAN	Н	RUSSIAN:DIALOG:dlgArchiveFiles:424	prototype to replace	none; resource binding pending	Language-specific resource mnemonic.
mnemonic			RUSSIAN	М	RUSSIAN:DIALOG:dlgArchiveFiles:426	prototype to replace	none; resource binding pending	Language-specific resource mnemonic.
mnemonic			RUSSIAN	К	RUSSIAN:DIALOG:dlgArchiveFiles:429	prototype to replace	none; resource binding pending	Language-specific resource mnemonic.
mnemonic			RUSSIAN	щ	RUSSIAN:DIALOG:dlgArchiveFiles:432	prototype to replace	none; resource binding pending	Language-specific resource mnemonic.
mnemonic			RUSSIAN	Г	RUSSIAN:DIALOG:dlgMouseSetup:438	prototype to replace	none; resource binding pending	Language-specific resource mnemonic.
mnemonic			RUSSIAN	В	RUSSIAN:DIALOG:dlgMouseSetup:440	prototype to replace	none; resource binding pending	Language-specific resource mnemonic.
mnemonic			RUSSIAN	П	RUSSIAN:DIALOG:dlgMouseSetup:442	prototype to replace	none; resource binding pending	Language-specific resource mnemonic.
mnemonic			RUSSIAN	С	RUSSIAN:DIALOG:dlgMouseSetup:443	prototype to replace	none; resource binding pending	Language-specific resource mnemonic.
mnemonic			RUSSIAN	О	RUSSIAN:DIALOG:dlgMouseSetup:445	prototype to replace	none; resource binding pending	Language-specific resource mnemonic.
mnemonic			RUSSIAN	К	RUSSIAN:DIALOG:dlgMouseSetup:446	prototype to replace	none; resource binding pending	Language-specific resource mnemonic.
mnemonic			RUSSIAN	щ	RUSSIAN:DIALOG:dlgMouseSetup:448	prototype to replace	none; resource binding pending	Language-specific resource mnemonic.
mnemonic			RUSSIAN	Ч	RUSSIAN:DIALOG:dlgInterfaceSetup:455	prototype to replace	none; resource binding pending	Language-specific resource mnemonic.
mnemonic			RUSSIAN	м	RUSSIAN:DIALOG:dlgInterfaceSetup:456	prototype to replace	none; resource binding pending	Language-specific resource mnemonic.
mnemonic			RUSSIAN	с	RUSSIAN:DIALOG:dlgInterfaceSetup:457	prototype to replace	none; resource binding pending	Language-specific resource mnemonic.
mnemonic			RUSSIAN	Е	RUSSIAN:DIALOG:dlgInterfaceSetup:458	prototype to replace	none; resource binding pending	Language-specific resource mnemonic.
mnemonic			RUSSIAN	о	RUSSIAN:DIALOG:dlgInterfaceSetup:459	prototype to replace	none; resource binding pending	Language-specific resource mnemonic.
mnemonic			RUSSIAN	А	RUSSIAN:DIALOG:dlgInterfaceSetup:460	prototype to replace	none; resource binding pending	Language-specific resource mnemonic.
mnemonic			RUSSIAN	Б	RUSSIAN:DIALOG:dlgInterfaceSetup:461	prototype to replace	none; resource binding pending	Language-specific resource mnemonic.
mnemonic			RUSSIAN	д	RUSSIAN:DIALOG:dlgInterfaceSetup:462	prototype to replace	none; resource binding pending	Language-specific resource mnemonic.
mnemonic			RUSSIAN	о	RUSSIAN:DIALOG:dlgInterfaceSetup:463	prototype to replace	none; resource binding pending	Language-specific resource mnemonic.
mnemonic			RUSSIAN	р	RUSSIAN:DIALOG:dlgInterfaceSetup:464	prototype to replace	none; resource binding pending	Language-specific resource mnemonic.
mnemonic			RUSSIAN	п	RUSSIAN:DIALOG:dlgInterfaceSetup:465	prototype to replace	none; resource binding pending	Language-specific resource mnemonic.
mnemonic			RUSSIAN	И	RUSSIAN:DIALOG:dlgInterfaceSetup:466	prototype to replace	none; resource binding pending	Language-specific resource mnemonic.
mnemonic			RUSSIAN	К	RUSSIAN:DIALOG:dlgInterfaceSetup:521	prototype to replace	none; resource binding pending	Language-specific resource mnemonic.
mnemonic			RUSSIAN	щ	RUSSIAN:DIALOG:dlgInterfaceSetup:523	prototype to replace	none; resource binding pending	Language-specific resource mnemonic.
mnemonic			RUSSIAN	T	RUSSIAN:DIALOG:dlgSetupTerminal:529	prototype to replace	none; resource binding pending	Language-specific resource mnemonic.
mnemonic			RUSSIAN	A	RUSSIAN:DIALOG:dlgSetupTerminal:530	prototype to replace	none; resource binding pending	Language-specific resource mnemonic.
mnemonic			RUSSIAN	I	RUSSIAN:DIALOG:dlgSetupTerminal:531	prototype to replace	none; resource binding pending	Language-specific resource mnemonic.
mnemonic			RUSSIAN	5	RUSSIAN:DIALOG:dlgSetupTerminal:532	prototype to replace	none; resource binding pending	Language-specific resource mnemonic.
mnemonic			RUSSIAN	1	RUSSIAN:DIALOG:dlgSetupTerminal:533	prototype to replace	none; resource binding pending	Language-specific resource mnemonic.
mnemonic			RUSSIAN	E	RUSSIAN:DIALOG:dlgSetupTerminal:537	prototype to replace	none; resource binding pending	Language-specific resource mnemonic.
mnemonic			RUSSIAN	С	RUSSIAN:DIALOG:dlgSetupTerminal:538	prototype to replace	none; resource binding pending	Language-specific resource mnemonic.
mnemonic			RUSSIAN	о	RUSSIAN:DIALOG:dlgSetupTerminal:539	prototype to replace	none; resource binding pending	Language-specific resource mnemonic.
mnemonic			RUSSIAN	Z	RUSSIAN:DIALOG:dlgSetupTerminal:540	prototype to replace	none; resource binding pending	Language-specific resource mnemonic.
mnemonic			RUSSIAN	в	RUSSIAN:DIALOG:dlgSetupTerminal:541	prototype to replace	none; resource binding pending	Language-specific resource mnemonic.
mnemonic			RUSSIAN	З	RUSSIAN:DIALOG:dlgSetupTerminal:543	prototype to replace	none; resource binding pending	Language-specific resource mnemonic.
mnemonic			RUSSIAN	К	RUSSIAN:DIALOG:dlgSetupTerminal:547	prototype to replace	none; resource binding pending	Language-specific resource mnemonic.
mnemonic			RUSSIAN	щ	RUSSIAN:DIALOG:dlgSetupTerminal:549	prototype to replace	none; resource binding pending	Language-specific resource mnemonic.
mnemonic			RUSSIAN	1	RUSSIAN:DIALOG:dlgSetupModem:555	prototype to replace	none; resource binding pending	Language-specific resource mnemonic.
mnemonic			RUSSIAN	2	RUSSIAN:DIALOG:dlgSetupModem:556	prototype to replace	none; resource binding pending	Language-specific resource mnemonic.
mnemonic			RUSSIAN	3	RUSSIAN:DIALOG:dlgSetupModem:557	prototype to replace	none; resource binding pending	Language-specific resource mnemonic.
mnemonic			RUSSIAN	4	RUSSIAN:DIALOG:dlgSetupModem:558	prototype to replace	none; resource binding pending	Language-specific resource mnemonic.
mnemonic			RUSSIAN	С	RUSSIAN:DIALOG:dlgSetupModem:573	prototype to replace	none; resource binding pending	Language-specific resource mnemonic.
mnemonic			RUSSIAN	И	RUSSIAN:DIALOG:dlgSetupModem:580	prototype to replace	none; resource binding pending	Language-specific resource mnemonic.
mnemonic			RUSSIAN	I	RUSSIAN:DIALOG:dlgSetupModem:587	prototype to replace	none; resource binding pending	Language-specific resource mnemonic.
mnemonic			RUSSIAN	E	RUSSIAN:DIALOG:dlgSetupModem:589	prototype to replace	none; resource binding pending	Language-specific resource mnemonic.
mnemonic			RUSSIAN	O	RUSSIAN:DIALOG:dlgSetupModem:591	prototype to replace	none; resource binding pending	Language-specific resource mnemonic.
mnemonic			RUSSIAN	П	RUSSIAN:DIALOG:dlgSetupModem:593	prototype to replace	none; resource binding pending	Language-specific resource mnemonic.
mnemonic			RUSSIAN	у	RUSSIAN:DIALOG:dlgSetupModem:595	prototype to replace	none; resource binding pending	Language-specific resource mnemonic.
mnemonic			RUSSIAN	а	RUSSIAN:DIALOG:dlgSetupModem:597	prototype to replace	none; resource binding pending	Language-specific resource mnemonic.
mnemonic			RUSSIAN	в	RUSSIAN:DIALOG:dlgSetupModem:599	prototype to replace	none; resource binding pending	Language-specific resource mnemonic.
mnemonic			RUSSIAN	К	RUSSIAN:DIALOG:dlgSetupModem:600	prototype to replace	none; resource binding pending	Language-specific resource mnemonic.
mnemonic			RUSSIAN	Б	RUSSIAN:DIALOG:dlgSetupModem:602	prototype to replace	none; resource binding pending	Language-specific resource mnemonic.
mnemonic			RUSSIAN	Р	RUSSIAN:DIALOG:dlgEditorDefaults:608	prototype to replace	none; resource binding pending	Language-specific resource mnemonic.
mnemonic			RUSSIAN	у	RUSSIAN:DIALOG:dlgEditorDefaults:609	prototype to replace	none; resource binding pending	Language-specific resource mnemonic.
mnemonic			RUSSIAN	С	RUSSIAN:DIALOG:dlgEditorDefaults:610	prototype to replace	none; resource binding pending	Language-specific resource mnemonic.
mnemonic			RUSSIAN	А	RUSSIAN:DIALOG:dlgEditorDefaults:611	prototype to replace	none; resource binding pending	Language-specific resource mnemonic.
mnemonic			RUSSIAN	т	RUSSIAN:DIALOG:dlgEditorDefaults:612	prototype to replace	none; resource binding pending	Language-specific resource mnemonic.
mnemonic			RUSSIAN	В	RUSSIAN:DIALOG:dlgEditorDefaults:613	prototype to replace	none; resource binding pending	Language-specific resource mnemonic.
mnemonic			RUSSIAN	к	RUSSIAN:DIALOG:dlgEditorDefaults:614	prototype to replace	none; resource binding pending	Language-specific resource mnemonic.
mnemonic			RUSSIAN	О	RUSSIAN:DIALOG:dlgEditorDefaults:615	prototype to replace	none; resource binding pending	Language-specific resource mnemonic.
mnemonic			RUSSIAN	и	RUSSIAN:DIALOG:dlgEditorDefaults:616	prototype to replace	none; resource binding pending	Language-specific resource mnemonic.
mnemonic			RUSSIAN	н	RUSSIAN:DIALOG:dlgEditorDefaults:617	prototype to replace	none; resource binding pending	Language-specific resource mnemonic.
mnemonic			RUSSIAN	П	RUSSIAN:DIALOG:dlgEditorDefaults:618	prototype to replace	none; resource binding pending	Language-specific resource mnemonic.
mnemonic			RUSSIAN	б	RUSSIAN:DIALOG:dlgEditorDefaults:619	prototype to replace	none; resource binding pending	Language-specific resource mnemonic.
mnemonic			RUSSIAN	З	RUSSIAN:DIALOG:dlgEditorDefaults:620	prototype to replace	none; resource binding pending	Language-specific resource mnemonic.
mnemonic			RUSSIAN	м	RUSSIAN:DIALOG:dlgEditorDefaults:622	prototype to replace	none; resource binding pending	Language-specific resource mnemonic.
mnemonic			RUSSIAN	х	RUSSIAN:DIALOG:dlgEditorDefaults:630	prototype to replace	none; resource binding pending	Language-specific resource mnemonic.
mnemonic			RUSSIAN	й	RUSSIAN:DIALOG:dlgEditorDefaults:631	prototype to replace	none; resource binding pending	Language-specific resource mnemonic.
mnemonic			RUSSIAN	ч	RUSSIAN:DIALOG:dlgEditorDefaults:635	prototype to replace	none; resource binding pending	Language-specific resource mnemonic.
mnemonic			RUSSIAN	Л	RUSSIAN:DIALOG:dlgEditorDefaults:640	prototype to replace	none; resource binding pending	Language-specific resource mnemonic.
mnemonic			RUSSIAN	ы	RUSSIAN:DIALOG:dlgEditorDefaults:642	prototype to replace	none; resource binding pending	Language-specific resource mnemonic.
mnemonic			RUSSIAN	ф	RUSSIAN:DIALOG:dlgEditorDefaults:644	prototype to replace	none; resource binding pending	Language-specific resource mnemonic.
mnemonic			RUSSIAN	д	RUSSIAN:DIALOG:dlgEditorDefaults:650	prototype to replace	none; resource binding pending	Language-specific resource mnemonic.
mnemonic			RUSSIAN	я	RUSSIAN:DIALOG:dlgEditorDefaults:652	prototype to replace	none; resource binding pending	Language-specific resource mnemonic.
mnemonic			RUSSIAN	К	RUSSIAN:DIALOG:dlgEditorDefaults:657	prototype to replace	none; resource binding pending	Language-specific resource mnemonic.
mnemonic			RUSSIAN	щ	RUSSIAN:DIALOG:dlgEditorDefaults:659	prototype to replace	none; resource binding pending	Language-specific resource mnemonic.
mnemonic			RUSSIAN	И	RUSSIAN:DIALOG:dlgAppendNumber:665	prototype to replace	none; resource binding pending	Language-specific resource mnemonic.
mnemonic			RUSSIAN	Т	RUSSIAN:DIALOG:dlgAppendNumber:667	prototype to replace	none; resource binding pending	Language-specific resource mnemonic.
mnemonic			RUSSIAN	П	RUSSIAN:DIALOG:dlgAppendNumber:669	prototype to replace	none; resource binding pending	Language-specific resource mnemonic.
mnemonic			RUSSIAN	К	RUSSIAN:DIALOG:dlgAppendNumber:671	prototype to replace	none; resource binding pending	Language-specific resource mnemonic.
mnemonic			RUSSIAN	щ	RUSSIAN:DIALOG:dlgAppendNumber:673	prototype to replace	none; resource binding pending	Language-specific resource mnemonic.
mnemonic			RUSSIAN	И	RUSSIAN:DIALOG:dlgEditNumber:679	prototype to replace	none; resource binding pending	Language-specific resource mnemonic.
mnemonic			RUSSIAN	Т	RUSSIAN:DIALOG:dlgEditNumber:681	prototype to replace	none; resource binding pending	Language-specific resource mnemonic.
mnemonic			RUSSIAN	П	RUSSIAN:DIALOG:dlgEditNumber:683	prototype to replace	none; resource binding pending	Language-specific resource mnemonic.
mnemonic			RUSSIAN	К	RUSSIAN:DIALOG:dlgEditNumber:685	prototype to replace	none; resource binding pending	Language-specific resource mnemonic.
mnemonic			RUSSIAN	щ	RUSSIAN:DIALOG:dlgEditNumber:687	prototype to replace	none; resource binding pending	Language-specific resource mnemonic.
mnemonic			RUSSIAN	И	RUSSIAN:DIALOG:dlgAppendDirectory:693	prototype to replace	none; resource binding pending	Language-specific resource mnemonic.
mnemonic			RUSSIAN	П	RUSSIAN:DIALOG:dlgAppendDirectory:695	prototype to replace	none; resource binding pending	Language-specific resource mnemonic.
mnemonic			RUSSIAN	а	RUSSIAN:DIALOG:dlgAppendDirectory:697	prototype to replace	none; resource binding pending	Language-specific resource mnemonic.
mnemonic			RUSSIAN	К	RUSSIAN:DIALOG:dlgAppendDirectory:699	prototype to replace	none; resource binding pending	Language-specific resource mnemonic.
mnemonic			RUSSIAN	щ	RUSSIAN:DIALOG:dlgAppendDirectory:701	prototype to replace	none; resource binding pending	Language-specific resource mnemonic.
mnemonic			RUSSIAN	И	RUSSIAN:DIALOG:dlgEditDirectory:707	prototype to replace	none; resource binding pending	Language-specific resource mnemonic.
mnemonic			RUSSIAN	П	RUSSIAN:DIALOG:dlgEditDirectory:709	prototype to replace	none; resource binding pending	Language-specific resource mnemonic.
mnemonic			RUSSIAN	а	RUSSIAN:DIALOG:dlgEditDirectory:711	prototype to replace	none; resource binding pending	Language-specific resource mnemonic.
mnemonic			RUSSIAN	К	RUSSIAN:DIALOG:dlgEditDirectory:713	prototype to replace	none; resource binding pending	Language-specific resource mnemonic.
mnemonic			RUSSIAN	щ	RUSSIAN:DIALOG:dlgEditDirectory:715	prototype to replace	none; resource binding pending	Language-specific resource mnemonic.
mnemonic			RUSSIAN	1	RUSSIAN:DIALOG:dlgPrinterSetup:722	prototype to replace	none; resource binding pending	Language-specific resource mnemonic.
mnemonic			RUSSIAN	2	RUSSIAN:DIALOG:dlgPrinterSetup:723	prototype to replace	none; resource binding pending	Language-specific resource mnemonic.
mnemonic			RUSSIAN	3	RUSSIAN:DIALOG:dlgPrinterSetup:724	prototype to replace	none; resource binding pending	Language-specific resource mnemonic.
mnemonic			RUSSIAN	4	RUSSIAN:DIALOG:dlgPrinterSetup:725	prototype to replace	none; resource binding pending	Language-specific resource mnemonic.
mnemonic			RUSSIAN	Ф	RUSSIAN:DIALOG:dlgPrinterSetup:726	prototype to replace	none; resource binding pending	Language-specific resource mnemonic.
mnemonic			RUSSIAN	N	RUSSIAN:DIALOG:dlgPrinterSetup:727	prototype to replace	none; resource binding pending	Language-specific resource mnemonic.
mnemonic			RUSSIAN	С	RUSSIAN:DIALOG:dlgPrinterSetup:739	prototype to replace	none; resource binding pending	Language-specific resource mnemonic.
mnemonic			RUSSIAN	З	RUSSIAN:DIALOG:dlgPrinterSetup:741	prototype to replace	none; resource binding pending	Language-specific resource mnemonic.
mnemonic			RUSSIAN	К	RUSSIAN:DIALOG:dlgPrinterSetup:742	prototype to replace	none; resource binding pending	Language-specific resource mnemonic.
mnemonic			RUSSIAN	щ	RUSSIAN:DIALOG:dlgPrinterSetup:744	prototype to replace	none; resource binding pending	Language-specific resource mnemonic.
mnemonic			RUSSIAN	1	RUSSIAN:DIALOG:dlgGameSetup:750	prototype to replace	none; resource binding pending	Language-specific resource mnemonic.
mnemonic			RUSSIAN	2	RUSSIAN:DIALOG:dlgGameSetup:751	prototype to replace	none; resource binding pending	Language-specific resource mnemonic.
mnemonic			RUSSIAN	3	RUSSIAN:DIALOG:dlgGameSetup:752	prototype to replace	none; resource binding pending	Language-specific resource mnemonic.
mnemonic			RUSSIAN	4	RUSSIAN:DIALOG:dlgGameSetup:753	prototype to replace	none; resource binding pending	Language-specific resource mnemonic.
mnemonic			RUSSIAN	5	RUSSIAN:DIALOG:dlgGameSetup:754	prototype to replace	none; resource binding pending	Language-specific resource mnemonic.
mnemonic			RUSSIAN	6	RUSSIAN:DIALOG:dlgGameSetup:755	prototype to replace	none; resource binding pending	Language-specific resource mnemonic.
mnemonic			RUSSIAN	7	RUSSIAN:DIALOG:dlgGameSetup:756	prototype to replace	none; resource binding pending	Language-specific resource mnemonic.
mnemonic			RUSSIAN	8	RUSSIAN:DIALOG:dlgGameSetup:757	prototype to replace	none; resource binding pending	Language-specific resource mnemonic.
mnemonic			RUSSIAN	9	RUSSIAN:DIALOG:dlgGameSetup:758	prototype to replace	none; resource binding pending	Language-specific resource mnemonic.
mnemonic			RUSSIAN	0	RUSSIAN:DIALOG:dlgGameSetup:759	prototype to replace	none; resource binding pending	Language-specific resource mnemonic.
mnemonic			RUSSIAN	Т	RUSSIAN:DIALOG:dlgGameSetup:763	prototype to replace	none; resource binding pending	Language-specific resource mnemonic.
mnemonic			RUSSIAN	П	RUSSIAN:DIALOG:dlgGameSetup:764	prototype to replace	none; resource binding pending	Language-specific resource mnemonic.
mnemonic			RUSSIAN	И	RUSSIAN:DIALOG:dlgGameSetup:766	prototype to replace	none; resource binding pending	Language-specific resource mnemonic.
mnemonic			RUSSIAN	С	RUSSIAN:DIALOG:dlgGameSetup:768	prototype to replace	none; resource binding pending	Language-specific resource mnemonic.
mnemonic			RUSSIAN	О	RUSSIAN:DIALOG:dlgGameSetup:770	prototype to replace	none; resource binding pending	Language-specific resource mnemonic.
mnemonic			RUSSIAN	К	RUSSIAN:DIALOG:dlgGameSetup:771	prototype to replace	none; resource binding pending	Language-specific resource mnemonic.
mnemonic			RUSSIAN	т	RUSSIAN:DIALOG:dlgDbFind:778	prototype to replace	none; resource binding pending	Language-specific resource mnemonic.
mnemonic			RUSSIAN	Р	RUSSIAN:DIALOG:dlgDbFind:780	prototype to replace	none; resource binding pending	Language-specific resource mnemonic.
mnemonic			RUSSIAN	т	RUSSIAN:DIALOG:dlgDbFind:784	prototype to replace	none; resource binding pending	Language-specific resource mnemonic.
mnemonic			RUSSIAN	П	RUSSIAN:DIALOG:dlgDbFind:785	prototype to replace	none; resource binding pending	Language-specific resource mnemonic.
mnemonic			RUSSIAN	В	RUSSIAN:DIALOG:dlgDbFind:789	prototype to replace	none; resource binding pending	Language-specific resource mnemonic.
mnemonic			RUSSIAN	Н	RUSSIAN:DIALOG:dlgDbFind:790	prototype to replace	none; resource binding pending	Language-specific resource mnemonic.
mnemonic			RUSSIAN	е	RUSSIAN:DIALOG:dlgDbFind:791	prototype to replace	none; resource binding pending	Language-specific resource mnemonic.
mnemonic			RUSSIAN	К	RUSSIAN:DIALOG:dlgDbFind:794	prototype to replace	none; resource binding pending	Language-specific resource mnemonic.
mnemonic			RUSSIAN	щ	RUSSIAN:DIALOG:dlgDbFind:796	prototype to replace	none; resource binding pending	Language-specific resource mnemonic.
mnemonic			RUSSIAN	О	RUSSIAN:DIALOG:dlgReplaceCell:803	prototype to replace	none; resource binding pending	Language-specific resource mnemonic.
mnemonic			RUSSIAN	З	RUSSIAN:DIALOG:dlgReplaceCell:805	prototype to replace	none; resource binding pending	Language-specific resource mnemonic.
mnemonic			RUSSIAN	С	RUSSIAN:DIALOG:dlgReplaceCell:807	prototype to replace	none; resource binding pending	Language-specific resource mnemonic.
mnemonic			RUSSIAN	н	RUSSIAN:DIALOG:dlgReplaceCell:808	prototype to replace	none; resource binding pending	Language-specific resource mnemonic.
mnemonic			RUSSIAN	Р	RUSSIAN:DIALOG:dlgReplaceCell:812	prototype to replace	none; resource binding pending	Language-specific resource mnemonic.
mnemonic			RUSSIAN	Т	RUSSIAN:DIALOG:dlgReplaceCell:813	prototype to replace	none; resource binding pending	Language-specific resource mnemonic.
mnemonic			RUSSIAN	З	RUSSIAN:DIALOG:dlgReplaceCell:814	prototype to replace	none; resource binding pending	Language-specific resource mnemonic.
mnemonic			RUSSIAN	К	RUSSIAN:DIALOG:dlgReplaceCell:817	prototype to replace	none; resource binding pending	Language-specific resource mnemonic.
mnemonic			RUSSIAN	в	RUSSIAN:DIALOG:dlgReplaceCell:818	prototype to replace	none; resource binding pending	Language-specific resource mnemonic.
mnemonic			RUSSIAN	щ	RUSSIAN:DIALOG:dlgReplaceCell:821	prototype to replace	none; resource binding pending	Language-specific resource mnemonic.
mnemonic			RUSSIAN	О	RUSSIAN:DIALOG:dlgFindCell:827	prototype to replace	none; resource binding pending	Language-specific resource mnemonic.
mnemonic			RUSSIAN	С	RUSSIAN:DIALOG:dlgFindCell:829	prototype to replace	none; resource binding pending	Language-specific resource mnemonic.
mnemonic			RUSSIAN	З	RUSSIAN:DIALOG:dlgFindCell:830	prototype to replace	none; resource binding pending	Language-specific resource mnemonic.
mnemonic			RUSSIAN	Р	RUSSIAN:DIALOG:dlgFindCell:834	prototype to replace	none; resource binding pending	Language-specific resource mnemonic.
mnemonic			RUSSIAN	Т	RUSSIAN:DIALOG:dlgFindCell:835	prototype to replace	none; resource binding pending	Language-specific resource mnemonic.
mnemonic			RUSSIAN	К	RUSSIAN:DIALOG:dlgFindCell:838	prototype to replace	none; resource binding pending	Language-specific resource mnemonic.
mnemonic			RUSSIAN	щ	RUSSIAN:DIALOG:dlgFindCell:841	prototype to replace	none; resource binding pending	Language-specific resource mnemonic.
mnemonic			RUSSIAN	Н	RUSSIAN:DIALOG:dlgGotoCellNumber:847	prototype to replace	none; resource binding pending	Language-specific resource mnemonic.
mnemonic			RUSSIAN	К	RUSSIAN:DIALOG:dlgGotoCellNumber:848	prototype to replace	none; resource binding pending	Language-specific resource mnemonic.
mnemonic			RUSSIAN	щ	RUSSIAN:DIALOG:dlgGotoCellNumber:850	prototype to replace	none; resource binding pending	Language-specific resource mnemonic.
mnemonic			RUSSIAN	К	RUSSIAN:DIALOG:dlgSetCellFormat:856	prototype to replace	none; resource binding pending	Language-specific resource mnemonic.
mnemonic			RUSSIAN	Д	RUSSIAN:DIALOG:dlgSetCellFormat:857	prototype to replace	none; resource binding pending	Language-specific resource mnemonic.
mnemonic			RUSSIAN	З	RUSSIAN:DIALOG:dlgSetCellFormat:858	prototype to replace	none; resource binding pending	Language-specific resource mnemonic.
mnemonic			RUSSIAN	к	RUSSIAN:DIALOG:dlgSetCellFormat:859	prototype to replace	none; resource binding pending	Language-specific resource mnemonic.
mnemonic			RUSSIAN	Л	RUSSIAN:DIALOG:dlgSetCellFormat:860	prototype to replace	none; resource binding pending	Language-specific resource mnemonic.
mnemonic			RUSSIAN	а	RUSSIAN:DIALOG:dlgSetCellFormat:861	prototype to replace	none; resource binding pending	Language-specific resource mnemonic.
mnemonic			RUSSIAN	т	RUSSIAN:DIALOG:dlgSetCellFormat:862	prototype to replace	none; resource binding pending	Language-specific resource mnemonic.
mnemonic			RUSSIAN	р	RUSSIAN:DIALOG:dlgSetCellFormat:863	prototype to replace	none; resource binding pending	Language-specific resource mnemonic.
mnemonic			RUSSIAN	в	RUSSIAN:DIALOG:dlgSetCellFormat:867	prototype to replace	none; resource binding pending	Language-specific resource mnemonic.
mnemonic			RUSSIAN	п	RUSSIAN:DIALOG:dlgSetCellFormat:868	prototype to replace	none; resource binding pending	Language-specific resource mnemonic.
mnemonic			RUSSIAN	т	RUSSIAN:DIALOG:dlgSetCellFormat:869	prototype to replace	none; resource binding pending	Language-specific resource mnemonic.
mnemonic			RUSSIAN	Д	RUSSIAN:DIALOG:dlgSetCellFormat:873	prototype to replace	none; resource binding pending	Language-specific resource mnemonic.
mnemonic			RUSSIAN	З	RUSSIAN:DIALOG:dlgSetCellFormat:875	prototype to replace	none; resource binding pending	Language-specific resource mnemonic.
mnemonic			RUSSIAN	К	RUSSIAN:DIALOG:dlgSetCellFormat:877	prototype to replace	none; resource binding pending	Language-specific resource mnemonic.
mnemonic			RUSSIAN	1	RUSSIAN:DIALOG:dlgHighlightGroups:885	prototype to replace	none; resource binding pending	Language-specific resource mnemonic.
mnemonic			RUSSIAN	2	RUSSIAN:DIALOG:dlgHighlightGroups:889	prototype to replace	none; resource binding pending	Language-specific resource mnemonic.
mnemonic			RUSSIAN	3	RUSSIAN:DIALOG:dlgHighlightGroups:893	prototype to replace	none; resource binding pending	Language-specific resource mnemonic.
mnemonic			RUSSIAN	4	RUSSIAN:DIALOG:dlgHighlightGroups:897	prototype to replace	none; resource binding pending	Language-specific resource mnemonic.
mnemonic			RUSSIAN	5	RUSSIAN:DIALOG:dlgHighlightGroups:901	prototype to replace	none; resource binding pending	Language-specific resource mnemonic.
mnemonic			RUSSIAN	6	RUSSIAN:DIALOG:dlgHighlightGroups:905	prototype to replace	none; resource binding pending	Language-specific resource mnemonic.
mnemonic			RUSSIAN	7	RUSSIAN:DIALOG:dlgHighlightGroups:909	prototype to replace	none; resource binding pending	Language-specific resource mnemonic.
mnemonic			RUSSIAN	8	RUSSIAN:DIALOG:dlgHighlightGroups:913	prototype to replace	none; resource binding pending	Language-specific resource mnemonic.
mnemonic			RUSSIAN	9	RUSSIAN:DIALOG:dlgHighlightGroups:917	prototype to replace	none; resource binding pending	Language-specific resource mnemonic.
mnemonic			RUSSIAN	0	RUSSIAN:DIALOG:dlgHighlightGroups:921	prototype to replace	none; resource binding pending	Language-specific resource mnemonic.
mnemonic			RUSSIAN	А	RUSSIAN:DIALOG:dlgHighlightGroups:925	prototype to replace	none; resource binding pending	Language-specific resource mnemonic.
mnemonic			RUSSIAN	К	RUSSIAN:DIALOG:dlgHighlightGroups:928	prototype to replace	none; resource binding pending	Language-specific resource mnemonic.
mnemonic			RUSSIAN	щ	RUSSIAN:DIALOG:dlgHighlightGroups:930	prototype to replace	none; resource binding pending	Language-specific resource mnemonic.
mnemonic			RUSSIAN	Н	RUSSIAN:DIALOG:dlgGotoLine:936	prototype to replace	none; resource binding pending	Language-specific resource mnemonic.
mnemonic			RUSSIAN	К	RUSSIAN:DIALOG:dlgGotoLine:937	prototype to replace	none; resource binding pending	Language-specific resource mnemonic.
mnemonic			RUSSIAN	щ	RUSSIAN:DIALOG:dlgGotoLine:939	prototype to replace	none; resource binding pending	Language-specific resource mnemonic.
mnemonic			RUSSIAN	Л	RUSSIAN:DIALOG:dlgEditorFormat:945	prototype to replace	none; resource binding pending	Language-specific resource mnemonic.
mnemonic			RUSSIAN	П	RUSSIAN:DIALOG:dlgEditorFormat:947	prototype to replace	none; resource binding pending	Language-specific resource mnemonic.
mnemonic			RUSSIAN	а	RUSSIAN:DIALOG:dlgEditorFormat:949	prototype to replace	none; resource binding pending	Language-specific resource mnemonic.
mnemonic			RUSSIAN	К	RUSSIAN:DIALOG:dlgEditorFormat:950	prototype to replace	none; resource binding pending	Language-specific resource mnemonic.
mnemonic			RUSSIAN	щ	RUSSIAN:DIALOG:dlgEditorFormat:953	prototype to replace	none; resource binding pending	Language-specific resource mnemonic.
mnemonic			RUSSIAN	Р	RUSSIAN:DIALOG:dlgEditorFind:960	prototype to replace	none; resource binding pending	Language-specific resource mnemonic.
mnemonic			RUSSIAN	о	RUSSIAN:DIALOG:dlgEditorFind:961	prototype to replace	none; resource binding pending	Language-specific resource mnemonic.
mnemonic			RUSSIAN	и	RUSSIAN:DIALOG:dlgEditorFind:962	prototype to replace	none; resource binding pending	Language-specific resource mnemonic.
mnemonic			RUSSIAN	г	RUSSIAN:DIALOG:dlgEditorFind:964	prototype to replace	none; resource binding pending	Language-specific resource mnemonic.
mnemonic			RUSSIAN	е	RUSSIAN:DIALOG:dlgEditorFind:969	prototype to replace	none; resource binding pending	Language-specific resource mnemonic.
mnemonic			RUSSIAN	д	RUSSIAN:DIALOG:dlgEditorFind:970	prototype to replace	none; resource binding pending	Language-specific resource mnemonic.
mnemonic			RUSSIAN	В	RUSSIAN:DIALOG:dlgEditorFind:974	prototype to replace	none; resource binding pending	Language-specific resource mnemonic.
mnemonic			RUSSIAN	м	RUSSIAN:DIALOG:dlgEditorFind:975	prototype to replace	none; resource binding pending	Language-specific resource mnemonic.
mnemonic			RUSSIAN	ч	RUSSIAN:DIALOG:dlgEditorFind:979	prototype to replace	none; resource binding pending	Language-specific resource mnemonic.
mnemonic			RUSSIAN	п	RUSSIAN:DIALOG:dlgEditorFind:980	prototype to replace	none; resource binding pending	Language-specific resource mnemonic.
mnemonic			RUSSIAN	К	RUSSIAN:DIALOG:dlgEditorFind:983	prototype to replace	none; resource binding pending	Language-specific resource mnemonic.
mnemonic			RUSSIAN	щ	RUSSIAN:DIALOG:dlgEditorFind:985	prototype to replace	none; resource binding pending	Language-specific resource mnemonic.
mnemonic			RUSSIAN	т	RUSSIAN:DIALOG:dlgEditorFind:987	prototype to replace	none; resource binding pending	Language-specific resource mnemonic.
mnemonic			RUSSIAN	ы	RUSSIAN:DIALOG:dlgEditorFind:989	prototype to replace	none; resource binding pending	Language-specific resource mnemonic.
mnemonic			RUSSIAN	Р	RUSSIAN:DIALOG:dlgEditorReplace:997	prototype to replace	none; resource binding pending	Language-specific resource mnemonic.
mnemonic			RUSSIAN	о	RUSSIAN:DIALOG:dlgEditorReplace:998	prototype to replace	none; resource binding pending	Language-specific resource mnemonic.
mnemonic			RUSSIAN	З	RUSSIAN:DIALOG:dlgEditorReplace:999	prototype to replace	none; resource binding pending	Language-specific resource mnemonic.
mnemonic			RUSSIAN	г	RUSSIAN:DIALOG:dlgEditorReplace:1001	prototype to replace	none; resource binding pending	Language-specific resource mnemonic.
mnemonic			RUSSIAN	е	RUSSIAN:DIALOG:dlgEditorReplace:1006	prototype to replace	none; resource binding pending	Language-specific resource mnemonic.
mnemonic			RUSSIAN	д	RUSSIAN:DIALOG:dlgEditorReplace:1007	prototype to replace	none; resource binding pending	Language-specific resource mnemonic.
mnemonic			RUSSIAN	В	RUSSIAN:DIALOG:dlgEditorReplace:1012	prototype to replace	none; resource binding pending	Language-specific resource mnemonic.
mnemonic			RUSSIAN	м	RUSSIAN:DIALOG:dlgEditorReplace:1013	prototype to replace	none; resource binding pending	Language-specific resource mnemonic.
mnemonic			RUSSIAN	ч	RUSSIAN:DIALOG:dlgEditorReplace:1017	prototype to replace	none; resource binding pending	Language-specific resource mnemonic.
mnemonic			RUSSIAN	п	RUSSIAN:DIALOG:dlgEditorReplace:1018	prototype to replace	none; resource binding pending	Language-specific resource mnemonic.
mnemonic			RUSSIAN	К	RUSSIAN:DIALOG:dlgEditorReplace:1021	prototype to replace	none; resource binding pending	Language-specific resource mnemonic.
mnemonic			RUSSIAN	а	RUSSIAN:DIALOG:dlgEditorReplace:1022	prototype to replace	none; resource binding pending	Language-specific resource mnemonic.
mnemonic			RUSSIAN	щ	RUSSIAN:DIALOG:dlgEditorReplace:1024	prototype to replace	none; resource binding pending	Language-specific resource mnemonic.
mnemonic			RUSSIAN	т	RUSSIAN:DIALOG:dlgEditorReplace:1026	prototype to replace	none; resource binding pending	Language-specific resource mnemonic.
mnemonic			RUSSIAN	ы	RUSSIAN:DIALOG:dlgEditorReplace:1028	prototype to replace	none; resource binding pending	Language-specific resource mnemonic.
mnemonic			RUSSIAN	Н	RUSSIAN:DIALOG:dlgEditorReplace:1030	prototype to replace	none; resource binding pending	Language-specific resource mnemonic.
mnemonic			RUSSIAN	Ф	RUSSIAN:DIALOG:dlgFileFind:1043	prototype to replace	none; resource binding pending	Language-specific resource mnemonic.
mnemonic			RUSSIAN	И	RUSSIAN:DIALOG:dlgFileFind:1045	prototype to replace	none; resource binding pending	Language-specific resource mnemonic.
mnemonic			RUSSIAN	ы	RUSSIAN:DIALOG:dlgFileFind:1047	prototype to replace	none; resource binding pending	Language-specific resource mnemonic.
mnemonic			RUSSIAN	а	RUSSIAN:DIALOG:dlgFileFind:1049	prototype to replace	none; resource binding pending	Language-specific resource mnemonic.
mnemonic			RUSSIAN	Н	RUSSIAN:DIALOG:dlgFileFind:1050	prototype to replace	none; resource binding pending	Language-specific resource mnemonic.
mnemonic			RUSSIAN	е	RUSSIAN:DIALOG:dlgFileFind:1051	prototype to replace	none; resource binding pending	Language-specific resource mnemonic.
mnemonic			RUSSIAN	П	RUSSIAN:DIALOG:dlgFileFind:1052	prototype to replace	none; resource binding pending	Language-specific resource mnemonic.
mnemonic			RUSSIAN	Р	RUSSIAN:DIALOG:dlgFileFind:1053	prototype to replace	none; resource binding pending	Language-specific resource mnemonic.
mnemonic			RUSSIAN	с	RUSSIAN:DIALOG:dlgFileFind:1054	prototype to replace	none; resource binding pending	Language-specific resource mnemonic.
mnemonic			RUSSIAN	о	RUSSIAN:DIALOG:dlgFileFind:1055	prototype to replace	none; resource binding pending	Language-specific resource mnemonic.
mnemonic			RUSSIAN	г	RUSSIAN:DIALOG:dlgFileFind:1057	prototype to replace	none; resource binding pending	Language-specific resource mnemonic.
mnemonic			RUSSIAN	Т	RUSSIAN:DIALOG:dlgFileFind:1062	prototype to replace	none; resource binding pending	Language-specific resource mnemonic.
mnemonic			RUSSIAN	л	RUSSIAN:DIALOG:dlgFileFind:1063	prototype to replace	none; resource binding pending	Language-specific resource mnemonic.
mnemonic			RUSSIAN	Д	RUSSIAN:DIALOG:dlgFileFind:1064	prototype to replace	none; resource binding pending	Language-specific resource mnemonic.
mnemonic			RUSSIAN	В	RUSSIAN:DIALOG:dlgFileFind:1065	prototype to replace	none; resource binding pending	Language-specific resource mnemonic.
mnemonic			RUSSIAN	К	RUSSIAN:DIALOG:dlgFileFind:1068	prototype to replace	none; resource binding pending	Language-specific resource mnemonic.
mnemonic			RUSSIAN	ш	RUSSIAN:DIALOG:dlgFileFind:1069	prototype to replace	none; resource binding pending	Language-specific resource mnemonic.
mnemonic			RUSSIAN	щ	RUSSIAN:DIALOG:dlgFileFind:1071	prototype to replace	none; resource binding pending	Language-specific resource mnemonic.
mnemonic			RUSSIAN	Ф	RUSSIAN:DIALOG:dlgArcFileFind:1078	prototype to replace	none; resource binding pending	Language-specific resource mnemonic.
mnemonic			RUSSIAN	а	RUSSIAN:DIALOG:dlgArcFileFind:1081	prototype to replace	none; resource binding pending	Language-specific resource mnemonic.
mnemonic			RUSSIAN	Н	RUSSIAN:DIALOG:dlgArcFileFind:1082	prototype to replace	none; resource binding pending	Language-specific resource mnemonic.
mnemonic			RUSSIAN	е	RUSSIAN:DIALOG:dlgArcFileFind:1083	prototype to replace	none; resource binding pending	Language-specific resource mnemonic.
mnemonic			RUSSIAN	К	RUSSIAN:DIALOG:dlgArcFileFind:1086	prototype to replace	none; resource binding pending	Language-specific resource mnemonic.
mnemonic			RUSSIAN	ш	RUSSIAN:DIALOG:dlgArcFileFind:1087	prototype to replace	none; resource binding pending	Language-specific resource mnemonic.
mnemonic			RUSSIAN	щ	RUSSIAN:DIALOG:dlgArcFileFind:1089	prototype to replace	none; resource binding pending	Language-specific resource mnemonic.
mnemonic			RUSSIAN	Ф	RUSSIAN:DIALOG:dlgFoundFileFind:1095	prototype to replace	none; resource binding pending	Language-specific resource mnemonic.
mnemonic			RUSSIAN	И	RUSSIAN:DIALOG:dlgFoundFileFind:1097	prototype to replace	none; resource binding pending	Language-specific resource mnemonic.
mnemonic			RUSSIAN	ы	RUSSIAN:DIALOG:dlgFoundFileFind:1099	prototype to replace	none; resource binding pending	Language-specific resource mnemonic.
mnemonic			RUSSIAN	а	RUSSIAN:DIALOG:dlgFoundFileFind:1101	prototype to replace	none; resource binding pending	Language-specific resource mnemonic.
mnemonic			RUSSIAN	Н	RUSSIAN:DIALOG:dlgFoundFileFind:1102	prototype to replace	none; resource binding pending	Language-specific resource mnemonic.
mnemonic			RUSSIAN	г	RUSSIAN:DIALOG:dlgFoundFileFind:1103	prototype to replace	none; resource binding pending	Language-specific resource mnemonic.
mnemonic			RUSSIAN	П	RUSSIAN:DIALOG:dlgFoundFileFind:1104	prototype to replace	none; resource binding pending	Language-specific resource mnemonic.
mnemonic			RUSSIAN	Р	RUSSIAN:DIALOG:dlgFoundFileFind:1105	prototype to replace	none; resource binding pending	Language-specific resource mnemonic.
mnemonic			RUSSIAN	с	RUSSIAN:DIALOG:dlgFoundFileFind:1106	prototype to replace	none; resource binding pending	Language-specific resource mnemonic.
mnemonic			RUSSIAN	о	RUSSIAN:DIALOG:dlgFoundFileFind:1107	prototype to replace	none; resource binding pending	Language-specific resource mnemonic.
mnemonic			RUSSIAN	г	RUSSIAN:DIALOG:dlgFoundFileFind:1109	prototype to replace	none; resource binding pending	Language-specific resource mnemonic.
mnemonic			RUSSIAN	я	RUSSIAN:DIALOG:dlgFoundFileFind:1114	prototype to replace	none; resource binding pending	Language-specific resource mnemonic.
mnemonic			RUSSIAN	л	RUSSIAN:DIALOG:dlgFoundFileFind:1115	prototype to replace	none; resource binding pending	Language-specific resource mnemonic.
mnemonic			RUSSIAN	К	RUSSIAN:DIALOG:dlgFoundFileFind:1118	prototype to replace	none; resource binding pending	Language-specific resource mnemonic.
mnemonic			RUSSIAN	ш	RUSSIAN:DIALOG:dlgFoundFileFind:1119	prototype to replace	none; resource binding pending	Language-specific resource mnemonic.
mnemonic			RUSSIAN	щ	RUSSIAN:DIALOG:dlgFoundFileFind:1121	prototype to replace	none; resource binding pending	Language-specific resource mnemonic.
mnemonic			RUSSIAN	Ф	RUSSIAN:DIALOG:dlgFoundArcFileFind:1129	prototype to replace	none; resource binding pending	Language-specific resource mnemonic.
mnemonic			RUSSIAN	а	RUSSIAN:DIALOG:dlgFoundArcFileFind:1132	prototype to replace	none; resource binding pending	Language-specific resource mnemonic.
mnemonic			RUSSIAN	Н	RUSSIAN:DIALOG:dlgFoundArcFileFind:1133	prototype to replace	none; resource binding pending	Language-specific resource mnemonic.
mnemonic			RUSSIAN	К	RUSSIAN:DIALOG:dlgFoundArcFileFind:1136	prototype to replace	none; resource binding pending	Language-specific resource mnemonic.
mnemonic			RUSSIAN	ш	RUSSIAN:DIALOG:dlgFoundArcFileFind:1137	prototype to replace	none; resource binding pending	Language-specific resource mnemonic.
mnemonic			RUSSIAN	щ	RUSSIAN:DIALOG:dlgFoundArcFileFind:1139	prototype to replace	none; resource binding pending	Language-specific resource mnemonic.
mnemonic			RUSSIAN	И	RUSSIAN:DIALOG:dlgMkDir:1145	prototype to replace	none; resource binding pending	Language-specific resource mnemonic.
mnemonic			RUSSIAN	П	RUSSIAN:DIALOG:dlgMkDir:1147	prototype to replace	none; resource binding pending	Language-specific resource mnemonic.
mnemonic			RUSSIAN	С	RUSSIAN:DIALOG:dlgMkDir:1148	prototype to replace	none; resource binding pending	Language-specific resource mnemonic.
mnemonic			RUSSIAN	К	RUSSIAN:DIALOG:dlgMkDir:1150	prototype to replace	none; resource binding pending	Language-specific resource mnemonic.
mnemonic			RUSSIAN	щ	RUSSIAN:DIALOG:dlgMkDir:1152	prototype to replace	none; resource binding pending	Language-specific resource mnemonic.
mnemonic			RUSSIAN	И	RUSSIAN:DIALOG:dlgRenFl:1159	prototype to replace	none; resource binding pending	Language-specific resource mnemonic.
mnemonic			RUSSIAN	П	RUSSIAN:DIALOG:dlgRenFl:1161	prototype to replace	none; resource binding pending	Language-specific resource mnemonic.
mnemonic			RUSSIAN	С	RUSSIAN:DIALOG:dlgRenFl:1162	prototype to replace	none; resource binding pending	Language-specific resource mnemonic.
mnemonic			RUSSIAN	К	RUSSIAN:DIALOG:dlgRenFl:1164	prototype to replace	none; resource binding pending	Language-specific resource mnemonic.
mnemonic			RUSSIAN	щ	RUSSIAN:DIALOG:dlgRenFl:1166	prototype to replace	none; resource binding pending	Language-specific resource mnemonic.
mnemonic			RUSSIAN	р	RUSSIAN:DIALOG:dlgCopyDialog:1176	prototype to replace	none; resource binding pending	Language-specific resource mnemonic.
mnemonic			RUSSIAN	м	RUSSIAN:DIALOG:dlgCopyDialog:1182	prototype to replace	none; resource binding pending	Language-specific resource mnemonic.
mnemonic			RUSSIAN	з	RUSSIAN:DIALOG:dlgCopyDialog:1183	prototype to replace	none; resource binding pending	Language-specific resource mnemonic.
mnemonic			RUSSIAN	о	RUSSIAN:DIALOG:dlgCopyDialog:1184	prototype to replace	none; resource binding pending	Language-specific resource mnemonic.
mnemonic			RUSSIAN	л	RUSSIAN:DIALOG:dlgCopyDialog:1187	prototype to replace	none; resource binding pending	Language-specific resource mnemonic.
mnemonic			RUSSIAN	д	RUSSIAN:DIALOG:dlgCopyDialog:1190	prototype to replace	none; resource binding pending	Language-specific resource mnemonic.
mnemonic			RUSSIAN	У	RUSSIAN:DIALOG:dlgCopyDialog:1193	prototype to replace	none; resource binding pending	Language-specific resource mnemonic.
mnemonic			RUSSIAN	щ	RUSSIAN:DIALOG:dlgCopyDialog:1198	prototype to replace	none; resource binding pending	Language-specific resource mnemonic.
mnemonic			RUSSIAN	ф	RUSSIAN:DIALOG:dlgMakeList:1205	prototype to replace	none; resource binding pending	Language-specific resource mnemonic.
mnemonic			RUSSIAN	н	RUSSIAN:DIALOG:dlgMakeList:1207	prototype to replace	none; resource binding pending	Language-specific resource mnemonic.
mnemonic			RUSSIAN	в	RUSSIAN:DIALOG:dlgMakeList:1209	prototype to replace	none; resource binding pending	Language-specific resource mnemonic.
mnemonic			RUSSIAN	и	RUSSIAN:DIALOG:dlgMakeList:1210	prototype to replace	none; resource binding pending	Language-specific resource mnemonic.
mnemonic			RUSSIAN	й	RUSSIAN:DIALOG:dlgMakeList:1211	prototype to replace	none; resource binding pending	Language-specific resource mnemonic.
mnemonic			RUSSIAN	Д	RUSSIAN:DIALOG:dlgMakeList:1214	prototype to replace	none; resource binding pending	Language-specific resource mnemonic.
mnemonic			RUSSIAN	ц	RUSSIAN:DIALOG:dlgMakeList:1222	prototype to replace	none; resource binding pending	Language-specific resource mnemonic.
mnemonic			RUSSIAN	т	RUSSIAN:DIALOG:dlgMakeList:1224	prototype to replace	none; resource binding pending	Language-specific resource mnemonic.
mnemonic			RUSSIAN	е	RUSSIAN:DIALOG:dlgMakeList:1225	prototype to replace	none; resource binding pending	Language-specific resource mnemonic.
mnemonic			RUSSIAN	л	RUSSIAN:DIALOG:dlgMakeList:1226	prototype to replace	none; resource binding pending	Language-specific resource mnemonic.
mnemonic			RUSSIAN	К	RUSSIAN:DIALOG:dlgMakeList:1228	prototype to replace	none; resource binding pending	Language-specific resource mnemonic.
mnemonic			RUSSIAN	щ	RUSSIAN:DIALOG:dlgMakeList:1230	prototype to replace	none; resource binding pending	Language-specific resource mnemonic.
mnemonic			RUSSIAN	К	RUSSIAN:DIALOG:dlgDiskError:1238	prototype to replace	none; resource binding pending	Language-specific resource mnemonic.
mnemonic			RUSSIAN	Р	RUSSIAN:DIALOG:dlgPanelShowSetup:1244	prototype to replace	none; resource binding pending	Language-specific resource mnemonic.
mnemonic			RUSSIAN	Д	RUSSIAN:DIALOG:dlgPanelShowSetup:1247	prototype to replace	none; resource binding pending	Language-specific resource mnemonic.
mnemonic			RUSSIAN	В	RUSSIAN:DIALOG:dlgPanelShowSetup:1248	prototype to replace	none; resource binding pending	Language-specific resource mnemonic.
mnemonic			RUSSIAN	О	RUSSIAN:DIALOG:dlgPanelShowSetup:1253	prototype to replace	none; resource binding pending	Language-specific resource mnemonic.
mnemonic			RUSSIAN	К	RUSSIAN:DIALOG:dlgPanelShowSetup:1268	prototype to replace	none; resource binding pending	Language-specific resource mnemonic.
mnemonic			RUSSIAN	Ф	RUSSIAN:DIALOG:dlgPanelShowSetup:1276	prototype to replace	none; resource binding pending	Language-specific resource mnemonic.
mnemonic			RUSSIAN	Ш	RUSSIAN:DIALOG:dlgPanelShowSetup:1279	prototype to replace	none; resource binding pending	Language-specific resource mnemonic.
mnemonic			RUSSIAN	ч	RUSSIAN:DIALOG:dlgPanelShowSetup:1281	prototype to replace	none; resource binding pending	Language-specific resource mnemonic.
mnemonic			RUSSIAN	а	RUSSIAN:DIALOG:dlgPanelShowSetup:1289	prototype to replace	none; resource binding pending	Language-specific resource mnemonic.
mnemonic			RUSSIAN	Д	RUSSIAN:DIALOG:dlgPanelShowSetup:1370	prototype to replace	none; resource binding pending	Language-specific resource mnemonic.
mnemonic			RUSSIAN	я	RUSSIAN:DIALOG:dlgPanelShowSetup:1392	prototype to replace	none; resource binding pending	Language-specific resource mnemonic.
mnemonic			RUSSIAN	З	RUSSIAN:DIALOG:dlgPanelShowSetup:1393	prototype to replace	none; resource binding pending	Language-specific resource mnemonic.
mnemonic			RUSSIAN	З	RUSSIAN:DIALOG:dlgPanelShowSetup:1397	prototype to replace	none; resource binding pending	Language-specific resource mnemonic.
mnemonic			RUSSIAN	О	RUSSIAN:DIALOG:dlgPanelShowSetup:1398	prototype to replace	none; resource binding pending	Language-specific resource mnemonic.
mnemonic			RUSSIAN	Д	RUSSIAN:DIALOG:dlgSavePanelSetup:1406	prototype to replace	none; resource binding pending	Language-specific resource mnemonic.
mnemonic			RUSSIAN	С	RUSSIAN:DIALOG:dlgSavePanelSetup:1407	prototype to replace	none; resource binding pending	Language-specific resource mnemonic.
mnemonic			RUSSIAN	А	RUSSIAN:DIALOG:dlgSavePanelSetup:1408	prototype to replace	none; resource binding pending	Language-specific resource mnemonic.
mnemonic			RUSSIAN	В	RUSSIAN:DIALOG:dlgSavePanelSetup:1410	prototype to replace	none; resource binding pending	Language-specific resource mnemonic.
mnemonic			RUSSIAN	Э	RUSSIAN:DIALOG:dlgSavePanelSetup:1415	prototype to replace	none; resource binding pending	Language-specific resource mnemonic.
mnemonic			RUSSIAN	р	RUSSIAN:DIALOG:dlgSavePanelSetup:1416	prototype to replace	none; resource binding pending	Language-specific resource mnemonic.
mnemonic			RUSSIAN	с	RUSSIAN:DIALOG:dlgSavePanelSetup:1420	prototype to replace	none; resource binding pending	Language-specific resource mnemonic.
mnemonic			RUSSIAN	K	RUSSIAN:DIALOG:dlgSavePanelSetup:1422	prototype to replace	none; resource binding pending	Language-specific resource mnemonic.
mnemonic			RUSSIAN	щ	RUSSIAN:DIALOG:dlgSavePanelSetup:1424	prototype to replace	none; resource binding pending	Language-specific resource mnemonic.
mnemonic			RUSSIAN	В	RUSSIAN:DIALOG:dlgFileAttr:1431	prototype to replace	none; resource binding pending	Language-specific resource mnemonic.
mnemonic			RUSSIAN	Д	RUSSIAN:DIALOG:dlgFileAttr:1433	prototype to replace	none; resource binding pending	Language-specific resource mnemonic.
mnemonic			RUSSIAN	К	RUSSIAN:DIALOG:dlgFileAttr:1447	prototype to replace	none; resource binding pending	Language-specific resource mnemonic.
mnemonic			RUSSIAN	Т	RUSSIAN:DIALOG:dlgFileAttr:1452	prototype to replace	none; resource binding pending	Language-specific resource mnemonic.
mnemonic			RUSSIAN	С	RUSSIAN:DIALOG:dlgFileAttr:1453	prototype to replace	none; resource binding pending	Language-specific resource mnemonic.
mnemonic			RUSSIAN	и	RUSSIAN:DIALOG:dlgFileAttr:1454	prototype to replace	none; resource binding pending	Language-specific resource mnemonic.
mnemonic			RUSSIAN	М	RUSSIAN:DIALOG:dlgFileAttr:1455	prototype to replace	none; resource binding pending	Language-specific resource mnemonic.
mnemonic			RUSSIAN	г	RUSSIAN:DIALOG:dlgFileAttr:1456	prototype to replace	none; resource binding pending	Language-specific resource mnemonic.
mnemonic			RUSSIAN	А	RUSSIAN:DIALOG:dlgFileAttr:1457	prototype to replace	none; resource binding pending	Language-specific resource mnemonic.
mnemonic			RUSSIAN	е	RUSSIAN:DIALOG:dlgFilesAttr:1464	prototype to replace	none; resource binding pending	Language-specific resource mnemonic.
mnemonic			RUSSIAN	В	RUSSIAN:DIALOG:dlgFilesAttr:1467	prototype to replace	none; resource binding pending	Language-specific resource mnemonic.
mnemonic			RUSSIAN	Д	RUSSIAN:DIALOG:dlgFilesAttr:1469	prototype to replace	none; resource binding pending	Language-specific resource mnemonic.
mnemonic			RUSSIAN	К	RUSSIAN:DIALOG:dlgFilesAttr:1483	prototype to replace	none; resource binding pending	Language-specific resource mnemonic.
mnemonic			RUSSIAN	Т	RUSSIAN:DIALOG:dlgFilesAttr:1488	prototype to replace	none; resource binding pending	Language-specific resource mnemonic.
mnemonic			RUSSIAN	С	RUSSIAN:DIALOG:dlgFilesAttr:1489	prototype to replace	none; resource binding pending	Language-specific resource mnemonic.
mnemonic			RUSSIAN	и	RUSSIAN:DIALOG:dlgFilesAttr:1490	prototype to replace	none; resource binding pending	Language-specific resource mnemonic.
mnemonic			RUSSIAN	М	RUSSIAN:DIALOG:dlgFilesAttr:1491	prototype to replace	none; resource binding pending	Language-specific resource mnemonic.
mnemonic			RUSSIAN	г	RUSSIAN:DIALOG:dlgFilesAttr:1492	prototype to replace	none; resource binding pending	Language-specific resource mnemonic.
mnemonic			RUSSIAN	А	RUSSIAN:DIALOG:dlgFilesAttr:1493	prototype to replace	none; resource binding pending	Language-specific resource mnemonic.
mnemonic			RUSSIAN	Т	RUSSIAN:DIALOG:dlgFilesAttr:1496	prototype to replace	none; resource binding pending	Language-specific resource mnemonic.
mnemonic			RUSSIAN	С	RUSSIAN:DIALOG:dlgFilesAttr:1497	prototype to replace	none; resource binding pending	Language-specific resource mnemonic.
mnemonic			RUSSIAN	и	RUSSIAN:DIALOG:dlgFilesAttr:1498	prototype to replace	none; resource binding pending	Language-specific resource mnemonic.
mnemonic			RUSSIAN	М	RUSSIAN:DIALOG:dlgFilesAttr:1499	prototype to replace	none; resource binding pending	Language-specific resource mnemonic.
mnemonic			RUSSIAN	г	RUSSIAN:DIALOG:dlgFilesAttr:1500	prototype to replace	none; resource binding pending	Language-specific resource mnemonic.
mnemonic			RUSSIAN	А	RUSSIAN:DIALOG:dlgFilesAttr:1501	prototype to replace	none; resource binding pending	Language-specific resource mnemonic.
mnemonic			RUSSIAN	У	RUSSIAN:DIALOG:dlgFilesAttr:1505	prototype to replace	none; resource binding pending	Language-specific resource mnemonic.
mnemonic			RUSSIAN	р	RUSSIAN:DIALOG:dlgCompareDirs:1511	prototype to replace	none; resource binding pending	Language-specific resource mnemonic.
mnemonic			RUSSIAN	в	RUSSIAN:DIALOG:dlgCompareDirs:1512	prototype to replace	none; resource binding pending	Language-specific resource mnemonic.
mnemonic			RUSSIAN	а	RUSSIAN:DIALOG:dlgCompareDirs:1513	prototype to replace	none; resource binding pending	Language-specific resource mnemonic.
mnemonic			RUSSIAN	с	RUSSIAN:DIALOG:dlgCompareDirs:1514	prototype to replace	none; resource binding pending	Language-specific resource mnemonic.
mnemonic			RUSSIAN	т	RUSSIAN:DIALOG:dlgCompareDirs:1515	prototype to replace	none; resource binding pending	Language-specific resource mnemonic.
mnemonic			RUSSIAN	Ф	RUSSIAN:DIALOG:dlgCompareDirs:1520	prototype to replace	none; resource binding pending	Language-specific resource mnemonic.
mnemonic			RUSSIAN	О	RUSSIAN:DIALOG:dlgCompareDirs:1523	prototype to replace	none; resource binding pending	Language-specific resource mnemonic.
mnemonic			RUSSIAN	з	RUSSIAN:DIALOG:dlgCompareDirs:1524	prototype to replace	none; resource binding pending	Language-specific resource mnemonic.
mnemonic			RUSSIAN	К	RUSSIAN:DIALOG:dlgCompareDirs:1527	prototype to replace	none; resource binding pending	Language-specific resource mnemonic.
mnemonic			RUSSIAN	м	RUSSIAN:DIALOG:dlgCompareDirs:1528	prototype to replace	none; resource binding pending	Language-specific resource mnemonic.
mnemonic			RUSSIAN	щ	RUSSIAN:DIALOG:dlgCompareDirs:1530	prototype to replace	none; resource binding pending	Language-specific resource mnemonic.
mnemonic			RUSSIAN	П	RUSSIAN:DIALOG:dlgSetPassword:1536	prototype to replace	none; resource binding pending	Language-specific resource mnemonic.
mnemonic			RUSSIAN	К	RUSSIAN:DIALOG:dlgSetPassword:1537	prototype to replace	none; resource binding pending	Language-specific resource mnemonic.
mnemonic			RUSSIAN	щ	RUSSIAN:DIALOG:dlgSetPassword:1539	prototype to replace	none; resource binding pending	Language-specific resource mnemonic.
mnemonic			RUSSIAN	м	RUSSIAN:DIALOG:dlgLoginPassword:1545	prototype to replace	none; resource binding pending	Language-specific resource mnemonic.
mnemonic			RUSSIAN	П	RUSSIAN:DIALOG:dlgLoginPassword:1547	prototype to replace	none; resource binding pending	Language-specific resource mnemonic.
mnemonic			RUSSIAN	К	RUSSIAN:DIALOG:dlgLoginPassword:1549	prototype to replace	none; resource binding pending	Language-specific resource mnemonic.
mnemonic			RUSSIAN	щ	RUSSIAN:DIALOG:dlgLoginPassword:1551	prototype to replace	none; resource binding pending	Language-specific resource mnemonic.
mnemonic			RUSSIAN	И	RUSSIAN:DIALOG:dlgExtract:1557	prototype to replace	none; resource binding pending	Language-specific resource mnemonic.
mnemonic			RUSSIAN	п	RUSSIAN:DIALOG:dlgExtract:1559	prototype to replace	none; resource binding pending	Language-specific resource mnemonic.
mnemonic			RUSSIAN	т	RUSSIAN:DIALOG:dlgExtract:1560	prototype to replace	none; resource binding pending	Language-specific resource mnemonic.
mnemonic			RUSSIAN	У	RUSSIAN:DIALOG:dlgExtract:1561	prototype to replace	none; resource binding pending	Language-specific resource mnemonic.
mnemonic			RUSSIAN	в	RUSSIAN:DIALOG:dlgExtract:1562	prototype to replace	none; resource binding pending	Language-specific resource mnemonic.
mnemonic			RUSSIAN	П	RUSSIAN:DIALOG:dlgExtract:1565	prototype to replace	none; resource binding pending	Language-specific resource mnemonic.
mnemonic			RUSSIAN	К	RUSSIAN:DIALOG:dlgExtract:1566	prototype to replace	none; resource binding pending	Language-specific resource mnemonic.
mnemonic			RUSSIAN	Д	RUSSIAN:DIALOG:dlgExtract:1568	prototype to replace	none; resource binding pending	Language-specific resource mnemonic.
mnemonic			RUSSIAN	щ	RUSSIAN:DIALOG:dlgExtract:1569	prototype to replace	none; resource binding pending	Language-specific resource mnemonic.
mnemonic			RUSSIAN	В	RUSSIAN:DIALOG:dlgCommandsHistory:1574	prototype to replace	none; resource binding pending	Language-specific resource mnemonic.
mnemonic			RUSSIAN	К	RUSSIAN:DIALOG:dlgCommandsHistory:1575	prototype to replace	none; resource binding pending	Language-specific resource mnemonic.
mnemonic			RUSSIAN	P	RUSSIAN:DIALOG:dlgCommandsHistory:1576	prototype to replace	none; resource binding pending	Language-specific resource mnemonic.
mnemonic			RUSSIAN	У	RUSSIAN:DIALOG:dlgCommandsHistory:1577	prototype to replace	none; resource binding pending	Language-specific resource mnemonic.
mnemonic			RUSSIAN	П	RUSSIAN:DIALOG:dlgDirectoryHistory:1583	prototype to replace	none; resource binding pending	Language-specific resource mnemonic.
mnemonic			RUSSIAN	У	RUSSIAN:DIALOG:dlgDirectoryHistory:1584	prototype to replace	none; resource binding pending	Language-specific resource mnemonic.
mnemonic			RUSSIAN	с	RUSSIAN:DIALOG:dlgDirectoryHistory:1585	prototype to replace	none; resource binding pending	Language-specific resource mnemonic.
mnemonic			RUSSIAN	О	RUSSIAN:DIALOG:dlgEditHistory:1591	prototype to replace	none; resource binding pending	Language-specific resource mnemonic.
mnemonic			RUSSIAN	У	RUSSIAN:DIALOG:dlgEditHistory:1592	prototype to replace	none; resource binding pending	Language-specific resource mnemonic.
mnemonic			RUSSIAN	с	RUSSIAN:DIALOG:dlgEditHistory:1593	prototype to replace	none; resource binding pending	Language-specific resource mnemonic.
mnemonic			RUSSIAN	О	RUSSIAN:DIALOG:dlgViewHistory:1599	prototype to replace	none; resource binding pending	Language-specific resource mnemonic.
mnemonic			RUSSIAN	У	RUSSIAN:DIALOG:dlgViewHistory:1600	prototype to replace	none; resource binding pending	Language-specific resource mnemonic.
mnemonic			RUSSIAN	с	RUSSIAN:DIALOG:dlgViewHistory:1601	prototype to replace	none; resource binding pending	Language-specific resource mnemonic.
mnemonic			RUSSIAN	П	RUSSIAN:DIALOG:dlgSetupArc:1608	prototype to replace	none; resource binding pending	Language-specific resource mnemonic.
mnemonic			RUSSIAN	Р	RUSSIAN:DIALOG:dlgSetupArc:1610	prototype to replace	none; resource binding pending	Language-specific resource mnemonic.
mnemonic			RUSSIAN	И	RUSSIAN:DIALOG:dlgSetupArc:1612	prototype to replace	none; resource binding pending	Language-specific resource mnemonic.
mnemonic			RUSSIAN	з	RUSSIAN:DIALOG:dlgSetupArc:1614	prototype to replace	none; resource binding pending	Language-specific resource mnemonic.
mnemonic			RUSSIAN	Д	RUSSIAN:DIALOG:dlgSetupArc:1616	prototype to replace	none; resource binding pending	Language-specific resource mnemonic.
mnemonic			RUSSIAN	е	RUSSIAN:DIALOG:dlgSetupArc:1618	prototype to replace	none; resource binding pending	Language-specific resource mnemonic.
mnemonic			RUSSIAN	У	RUSSIAN:DIALOG:dlgSetupArc:1620	prototype to replace	none; resource binding pending	Language-specific resource mnemonic.
mnemonic			RUSSIAN	Т	RUSSIAN:DIALOG:dlgSetupArc:1622	prototype to replace	none; resource binding pending	Language-specific resource mnemonic.
mnemonic			RUSSIAN	о	RUSSIAN:DIALOG:dlgSetupArc:1624	prototype to replace	none; resource binding pending	Language-specific resource mnemonic.
mnemonic			RUSSIAN	В	RUSSIAN:DIALOG:dlgSetupArc:1626	prototype to replace	none; resource binding pending	Language-specific resource mnemonic.
mnemonic			RUSSIAN	ч	RUSSIAN:DIALOG:dlgSetupArc:1628	prototype to replace	none; resource binding pending	Language-specific resource mnemonic.
mnemonic			RUSSIAN	а	RUSSIAN:DIALOG:dlgSetupArc:1630	prototype to replace	none; resource binding pending	Language-specific resource mnemonic.
mnemonic			RUSSIAN	й	RUSSIAN:DIALOG:dlgSetupArc:1634	prototype to replace	none; resource binding pending	Language-specific resource mnemonic.
mnemonic			RUSSIAN	ы	RUSSIAN:DIALOG:dlgSetupArc:1636	prototype to replace	none; resource binding pending	Language-specific resource mnemonic.
mnemonic			RUSSIAN	ж	RUSSIAN:DIALOG:dlgSetupArc:1643	prototype to replace	none; resource binding pending	Language-specific resource mnemonic.
mnemonic			RUSSIAN	ш	RUSSIAN:DIALOG:dlgSetupArc:1645	prototype to replace	none; resource binding pending	Language-specific resource mnemonic.
mnemonic			RUSSIAN	Б	RUSSIAN:DIALOG:dlgSetupArc:1647	prototype to replace	none; resource binding pending	Language-specific resource mnemonic.
mnemonic			RUSSIAN	Н	RUSSIAN:DIALOG:dlgSetupArc:1649	prototype to replace	none; resource binding pending	Language-specific resource mnemonic.
mnemonic			RUSSIAN	Х	RUSSIAN:DIALOG:dlgSetupArc:1651	prototype to replace	none; resource binding pending	Language-specific resource mnemonic.
mnemonic			RUSSIAN	л	RUSSIAN:DIALOG:dlgSetupArc:1653	prototype to replace	none; resource binding pending	Language-specific resource mnemonic.
mnemonic			RUSSIAN	К	RUSSIAN:DIALOG:dlgSetupArc:1679	prototype to replace	none; resource binding pending	Language-specific resource mnemonic.
mnemonic			RUSSIAN	щ	RUSSIAN:DIALOG:dlgSetupArc:1681	prototype to replace	none; resource binding pending	Language-specific resource mnemonic.
mnemonic			RUSSIAN	М	RUSSIAN:DIALOG:dlgSelect:1687	prototype to replace	none; resource binding pending	Language-specific resource mnemonic.
mnemonic			RUSSIAN	И	RUSSIAN:DIALOG:dlgSelect:1689	prototype to replace	none; resource binding pending	Language-specific resource mnemonic.
mnemonic			RUSSIAN	К	RUSSIAN:DIALOG:dlgSelect:1691	prototype to replace	none; resource binding pending	Language-specific resource mnemonic.
mnemonic			RUSSIAN	М	RUSSIAN:DIALOG:dlgUnselect:1698	prototype to replace	none; resource binding pending	Language-specific resource mnemonic.
mnemonic			RUSSIAN	И	RUSSIAN:DIALOG:dlgUnselect:1700	prototype to replace	none; resource binding pending	Language-specific resource mnemonic.
mnemonic			RUSSIAN	К	RUSSIAN:DIALOG:dlgUnselect:1702	prototype to replace	none; resource binding pending	Language-specific resource mnemonic.
mnemonic			RUSSIAN	Z	RUSSIAN:DIALOG:dlgUnselect:1727	prototype to replace	none; resource binding pending	Language-specific resource mnemonic.
mnemonic			RUSSIAN	X	RUSSIAN:DIALOG:dlgUnselect:1735	prototype to replace	none; resource binding pending	Language-specific resource mnemonic.
mnemonic			RUSSIAN	и	RUSSIAN:DIALOG:dlgUnselect:1761	prototype to replace	none; resource binding pending	Language-specific resource mnemonic.
mnemonic			RUSSIAN	-	RUSSIAN:DIALOG:dlgUnselect:1762	prototype to replace	none; resource binding pending	Language-specific resource mnemonic.
mnemonic			RUSSIAN	с	RUSSIAN:DIALOG:dlgUnselect:1763	prototype to replace	none; resource binding pending	Language-specific resource mnemonic.
mnemonic			RUSSIAN	S	RUSSIAN:DIALOG:dlgUnselect:1764	prototype to replace	none; resource binding pending	Language-specific resource mnemonic.
mnemonic			RUSSIAN	W	RUSSIAN:DIALOG:dlgUnselect:1765	prototype to replace	none; resource binding pending	Language-specific resource mnemonic.
mnemonic			RUSSIAN	;	RUSSIAN:DIALOG:dlgUnselect:1766	prototype to replace	none; resource binding pending	Language-specific resource mnemonic.
mnemonic			RUSSIAN	L	RUSSIAN:DIALOG:dlgUnselect:1767	prototype to replace	none; resource binding pending	Language-specific resource mnemonic.
mnemonic			RUSSIAN	N	RUSSIAN:DIALOG:dlgUnselect:1769	prototype to replace	none; resource binding pending	Language-specific resource mnemonic.
mnemonic			RUSSIAN	N	RUSSIAN:DIALOG:dlgUnselect:1771	prototype to replace	none; resource binding pending	Language-specific resource mnemonic.
mnemonic			RUSSIAN	а	RUSSIAN:DIALOG:dlgUnselect:1773	prototype to replace	none; resource binding pending	Language-specific resource mnemonic.
mnemonic			RUSSIAN	О	RUSSIAN:DIALOG:dlgUnselect:1775	prototype to replace	none; resource binding pending	Language-specific resource mnemonic.
mnemonic			RUSSIAN	т	RUSSIAN:DIALOG:dlgUnselect:1779	prototype to replace	none; resource binding pending	Language-specific resource mnemonic.
mnemonic			RUSSIAN	е	RUSSIAN:DIALOG:dlgUnselect:1781	prototype to replace	none; resource binding pending	Language-specific resource mnemonic.
mnemonic			RUSSIAN	K	RUSSIAN:DIALOG:dlgUnselect:1782	prototype to replace	none; resource binding pending	Language-specific resource mnemonic.
mnemonic			RUSSIAN	R	RUSSIAN:DIALOG:dlgUnselect:1783	prototype to replace	none; resource binding pending	Language-specific resource mnemonic.
mnemonic			RUSSIAN	H	RUSSIAN:DIALOG:dlgUnselect:1784	prototype to replace	none; resource binding pending	Language-specific resource mnemonic.
mnemonic			RUSSIAN	Y	RUSSIAN:DIALOG:dlgUnselect:1785	prototype to replace	none; resource binding pending	Language-specific resource mnemonic.
mnemonic			RUSSIAN	X	RUSSIAN:DIALOG:dlgUnselect:1792	prototype to replace	none; resource binding pending	Language-specific resource mnemonic.
mnemonic			RUSSIAN	Z	RUSSIAN:DIALOG:dlgUnselect:1794	prototype to replace	none; resource binding pending	Language-specific resource mnemonic.
mnemonic			RUSSIAN	H	RUSSIAN:DIALOG:dlgUnselect:1795	prototype to replace	none; resource binding pending	Language-specific resource mnemonic.
mnemonic			RUSSIAN	и	RUSSIAN:DIALOG:dlgUnselect:1810	prototype to replace	none; resource binding pending	Language-specific resource mnemonic.
mnemonic			RUSSIAN	-	RUSSIAN:DIALOG:dlgUnselect:1811	prototype to replace	none; resource binding pending	Language-specific resource mnemonic.
mnemonic			RUSSIAN	с	RUSSIAN:DIALOG:dlgUnselect:1812	prototype to replace	none; resource binding pending	Language-specific resource mnemonic.
mnemonic			RUSSIAN	S	RUSSIAN:DIALOG:dlgUnselect:1813	prototype to replace	none; resource binding pending	Language-specific resource mnemonic.
mnemonic			RUSSIAN	L	RUSSIAN:DIALOG:dlgUnselect:1814	prototype to replace	none; resource binding pending	Language-specific resource mnemonic.
mnemonic			RUSSIAN	т	RUSSIAN:DIALOG:dlgUnselect:1817	prototype to replace	none; resource binding pending	Language-specific resource mnemonic.
mnemonic			RUSSIAN	R	RUSSIAN:DIALOG:dlgUnselect:1819	prototype to replace	none; resource binding pending	Language-specific resource mnemonic.
mnemonic			RUSSIAN	Y	RUSSIAN:DIALOG:dlgUnselect:1820	prototype to replace	none; resource binding pending	Language-specific resource mnemonic.
mnemonic			RUSSIAN	X	RUSSIAN:DIALOG:dlgUnselect:1827	prototype to replace	none; resource binding pending	Language-specific resource mnemonic.
mnemonic			RUSSIAN	Z	RUSSIAN:DIALOG:dlgUnselect:1829	prototype to replace	none; resource binding pending	Language-specific resource mnemonic.
mnemonic			RUSSIAN	и	RUSSIAN:DIALOG:dlgUnselect:1850	prototype to replace	none; resource binding pending	Language-specific resource mnemonic.
mnemonic			RUSSIAN	-	RUSSIAN:DIALOG:dlgUnselect:1851	prototype to replace	none; resource binding pending	Language-specific resource mnemonic.
mnemonic			RUSSIAN	с	RUSSIAN:DIALOG:dlgUnselect:1852	prototype to replace	none; resource binding pending	Language-specific resource mnemonic.
mnemonic			RUSSIAN	S	RUSSIAN:DIALOG:dlgUnselect:1853	prototype to replace	none; resource binding pending	Language-specific resource mnemonic.
mnemonic			RUSSIAN	W	RUSSIAN:DIALOG:dlgUnselect:1854	prototype to replace	none; resource binding pending	Language-specific resource mnemonic.
mnemonic			RUSSIAN	е	RUSSIAN:DIALOG:dlgUnselect:1855	prototype to replace	none; resource binding pending	Language-specific resource mnemonic.
mnemonic			RUSSIAN	Y	RUSSIAN:DIALOG:dlgUnselect:1857	prototype to replace	none; resource binding pending	Language-specific resource mnemonic.
mnemonic			RUSSIAN	X	RUSSIAN:DIALOG:dlgUnselect:1867	prototype to replace	none; resource binding pending	Language-specific resource mnemonic.
mnemonic			RUSSIAN	Z	RUSSIAN:DIALOG:dlgUnselect:1869	prototype to replace	none; resource binding pending	Language-specific resource mnemonic.
mnemonic			RUSSIAN	H	RUSSIAN:DIALOG:dlgUnselect:1870	prototype to replace	none; resource binding pending	Language-specific resource mnemonic.
mnemonic			RUSSIAN	X	RUSSIAN:DIALOG:dlgUnselect:1899	prototype to replace	none; resource binding pending	Language-specific resource mnemonic.
mnemonic			RUSSIAN	Z	RUSSIAN:DIALOG:dlgUnselect:1901	prototype to replace	none; resource binding pending	Language-specific resource mnemonic.
mnemonic			RUSSIAN	Z	RUSSIAN:DIALOG:dlgUnselect:1928	prototype to replace	none; resource binding pending	Language-specific resource mnemonic.
mnemonic			RUSSIAN	E	RUSSIAN:DIALOG:dlgUnselect:1929	prototype to replace	none; resource binding pending	Language-specific resource mnemonic.
mnemonic			RUSSIAN	X	RUSSIAN:DIALOG:dlgUnselect:1937	prototype to replace	none; resource binding pending	Language-specific resource mnemonic.
mnemonic			RUSSIAN	Z	RUSSIAN:DIALOG:dlgUnselect:1939	prototype to replace	none; resource binding pending	Language-specific resource mnemonic.
mnemonic			RUSSIAN	C	RUSSIAN:DIALOG:dlgUnselect:1948	prototype to replace	none; resource binding pending	Language-specific resource mnemonic.
mnemonic			RUSSIAN	D	RUSSIAN:DIALOG:dlgUnselect:1949	prototype to replace	none; resource binding pending	Language-specific resource mnemonic.
mnemonic			RUSSIAN	F	RUSSIAN:DIALOG:dlgUnselect:1950	prototype to replace	none; resource binding pending	Language-specific resource mnemonic.
mnemonic			RUSSIAN	R	RUSSIAN:DIALOG:dlgUnselect:1951	prototype to replace	none; resource binding pending	Language-specific resource mnemonic.
mnemonic			RUSSIAN	S	RUSSIAN:DIALOG:dlgUnselect:1952	prototype to replace	none; resource binding pending	Language-specific resource mnemonic.
mnemonic			RUSSIAN	J	RUSSIAN:DIALOG:dlgUnselect:1956	prototype to replace	none; resource binding pending	Language-specific resource mnemonic.
mnemonic			RUSSIAN	Z	RUSSIAN:DIALOG:dlgUnselect:1965	prototype to replace	none; resource binding pending	Language-specific resource mnemonic.
mnemonic			RUSSIAN	X	RUSSIAN:DIALOG:dlgUnselect:1972	prototype to replace	none; resource binding pending	Language-specific resource mnemonic.
mnemonic			RUSSIAN	Z	RUSSIAN:DIALOG:dlgUnselect:1974	prototype to replace	none; resource binding pending	Language-specific resource mnemonic.
mnemonic			RUSSIAN	Z	RUSSIAN:DIALOG:dlgUnselect:1986	prototype to replace	none; resource binding pending	Language-specific resource mnemonic.
mnemonic			RUSSIAN	I	RUSSIAN:DIALOG:dlgUnselect:1990	prototype to replace	none; resource binding pending	Language-specific resource mnemonic.
mnemonic			RUSSIAN	D	RUSSIAN:DIALOG:dlgUnselect:1991	prototype to replace	none; resource binding pending	Language-specific resource mnemonic.
mnemonic			RUSSIAN	X	RUSSIAN:DIALOG:dlgUnselect:2004	prototype to replace	none; resource binding pending	Language-specific resource mnemonic.
mnemonic			RUSSIAN		RUSSIAN:DIALOG:dlgUnselect:2006	prototype to replace	none; resource binding pending	Language-specific resource mnemonic.
mnemonic			RUSSIAN		RUSSIAN:DIALOG:dlgUnselect:2007	prototype to replace	none; resource binding pending	Language-specific resource mnemonic.
mnemonic			RUSSIAN	Z	RUSSIAN:DIALOG:dlgUnselect:2008	prototype to replace	none; resource binding pending	Language-specific resource mnemonic.
mnemonic			RUSSIAN	J	RUSSIAN:DIALOG:dlgUnselect:2030	prototype to replace	none; resource binding pending	Language-specific resource mnemonic.
mnemonic			RUSSIAN	C	RUSSIAN:DIALOG:dlgUnselect:2031	prototype to replace	none; resource binding pending	Language-specific resource mnemonic.
mnemonic			RUSSIAN	L	RUSSIAN:DIALOG:dlgUnselect:2032	prototype to replace	none; resource binding pending	Language-specific resource mnemonic.
mnemonic			RUSSIAN	R	RUSSIAN:DIALOG:dlgUnselect:2033	prototype to replace	none; resource binding pending	Language-specific resource mnemonic.
mnemonic			RUSSIAN	V	RUSSIAN:DIALOG:dlgUnselect:2034	prototype to replace	none; resource binding pending	Language-specific resource mnemonic.
mnemonic			RUSSIAN	`	RUSSIAN:DIALOG:dlgUnselect:2048	prototype to replace	none; resource binding pending	Language-specific resource mnemonic.
mnemonic			RUSSIAN	Z	RUSSIAN:DIALOG:dlgUnselect:2051	prototype to replace	none; resource binding pending	Language-specific resource mnemonic.
mnemonic			RUSSIAN	X	RUSSIAN:DIALOG:dlgUnselect:2060	prototype to replace	none; resource binding pending	Language-specific resource mnemonic.
mnemonic			RUSSIAN	Z	RUSSIAN:DIALOG:dlgUnselect:2062	prototype to replace	none; resource binding pending	Language-specific resource mnemonic.
mnemonic			RUSSIAN	X	RUSSIAN:DIALOG:dlgUnselect:2074	prototype to replace	none; resource binding pending	Language-specific resource mnemonic.
mnemonic			RUSSIAN	B	RUSSIAN:DIALOG:dlgUnselect:2083	prototype to replace	none; resource binding pending	Language-specific resource mnemonic.
mnemonic			RUSSIAN	I	RUSSIAN:DIALOG:dlgUnselect:2084	prototype to replace	none; resource binding pending	Language-specific resource mnemonic.
mnemonic			RUSSIAN	V	RUSSIAN:DIALOG:dlgUnselect:2085	prototype to replace	none; resource binding pending	Language-specific resource mnemonic.
mnemonic			RUSSIAN	Z	RUSSIAN:DIALOG:dlgUnselect:2092	prototype to replace	none; resource binding pending	Language-specific resource mnemonic.
mnemonic			RUSSIAN	Z	RUSSIAN:DIALOG:dlgUnselect:2100	prototype to replace	none; resource binding pending	Language-specific resource mnemonic.
mnemonic			RUSSIAN	X	RUSSIAN:DIALOG:dlgUnselect:2106	prototype to replace	none; resource binding pending	Language-specific resource mnemonic.
mnemonic			RUSSIAN	Z	RUSSIAN:DIALOG:dlgUnselect:2108	prototype to replace	none; resource binding pending	Language-specific resource mnemonic.
mnemonic			RUSSIAN	+	RUSSIAN:DIALOG:dlgUnselect:2126	prototype to replace	none; resource binding pending	Language-specific resource mnemonic.
mnemonic			RUSSIAN	*	RUSSIAN:DIALOG:dlgUnselect:2127	prototype to replace	none; resource binding pending	Language-specific resource mnemonic.
mnemonic			RUSSIAN	N	RUSSIAN:DIALOG:dlgUnselect:2130	prototype to replace	none; resource binding pending	Language-specific resource mnemonic.
mnemonic			RUSSIAN	Р	RUSSIAN:DIALOG:dlgUnselect:2131	prototype to replace	none; resource binding pending	Language-specific resource mnemonic.
mnemonic			RUSSIAN	T	RUSSIAN:DIALOG:dlgUnselect:2132	prototype to replace	none; resource binding pending	Language-specific resource mnemonic.
mnemonic			RUSSIAN	S	RUSSIAN:DIALOG:dlgUnselect:2133	prototype to replace	none; resource binding pending	Language-specific resource mnemonic.
mnemonic			RUSSIAN	X	RUSSIAN:DIALOG:dlgUnselect:2150	prototype to replace	none; resource binding pending	Language-specific resource mnemonic.
mnemonic			RUSSIAN	C	RUSSIAN:DIALOG:dlgUnselect:2155	prototype to replace	none; resource binding pending	Language-specific resource mnemonic.
mnemonic			RUSSIAN	I	RUSSIAN:DIALOG:dlgUnselect:2170	prototype to replace	none; resource binding pending	Language-specific resource mnemonic.
mnemonic			RUSSIAN	C	RUSSIAN:DIALOG:dlgUnselect:2171	prototype to replace	none; resource binding pending	Language-specific resource mnemonic.
mnemonic			RUSSIAN	L	RUSSIAN:DIALOG:dlgUnselect:2172	prototype to replace	none; resource binding pending	Language-specific resource mnemonic.
mnemonic			RUSSIAN	D	RUSSIAN:DIALOG:dlgUnselect:2173	prototype to replace	none; resource binding pending	Language-specific resource mnemonic.
mnemonic			RUSSIAN	O	RUSSIAN:DIALOG:dlgUnselect:2176	prototype to replace	none; resource binding pending	Language-specific resource mnemonic.
mnemonic			RUSSIAN	S	RUSSIAN:DIALOG:dlgUnselect:2177	prototype to replace	none; resource binding pending	Language-specific resource mnemonic.
mnemonic			RUSSIAN	X	RUSSIAN:DIALOG:dlgUnselect:2194	prototype to replace	none; resource binding pending	Language-specific resource mnemonic.
mnemonic			RUSSIAN	X	RUSSIAN:DIALOG:dlgUnselect:2219	prototype to replace	none; resource binding pending	Language-specific resource mnemonic.
mnemonic			RUSSIAN	Z	RUSSIAN:DIALOG:dlgUnselect:2221	prototype to replace	none; resource binding pending	Language-specific resource mnemonic.
mnemonic			RUSSIAN	X	RUSSIAN:DIALOG:dlgUnselect:2236	prototype to replace	none; resource binding pending	Language-specific resource mnemonic.
mnemonic			RUSSIAN	Z	RUSSIAN:DIALOG:dlgUnselect:2238	prototype to replace	none; resource binding pending	Language-specific resource mnemonic.
mnemonic			RUSSIAN	X	RUSSIAN:DIALOG:dlgUnselect:2259	prototype to replace	none; resource binding pending	Language-specific resource mnemonic.
mnemonic			RUSSIAN	I	RUSSIAN:DIALOG:dlgUnselect:2272	prototype to replace	none; resource binding pending	Language-specific resource mnemonic.
mnemonic			RUSSIAN	P	RUSSIAN:DIALOG:dlgUnselect:2284	prototype to replace	none; resource binding pending	Language-specific resource mnemonic.
mnemonic			RUSSIAN	S	RUSSIAN:DIALOG:dlgUnselect:2285	prototype to replace	none; resource binding pending	Language-specific resource mnemonic.
mnemonic			RUSSIAN	U	RUSSIAN:DIALOG:dlgUnselect:2286	prototype to replace	none; resource binding pending	Language-specific resource mnemonic.
mnemonic			RUSSIAN	N	RUSSIAN:DIALOG:dlgUnselect:2287	prototype to replace	none; resource binding pending	Language-specific resource mnemonic.
mnemonic			RUSSIAN	V	RUSSIAN:DIALOG:dlgUnselect:2288	prototype to replace	none; resource binding pending	Language-specific resource mnemonic.
mnemonic			RUSSIAN	F	RUSSIAN:DIALOG:dlgUnselect:2289	prototype to replace	none; resource binding pending	Language-specific resource mnemonic.
mnemonic			RUSSIAN	B	RUSSIAN:DIALOG:dlgUnselect:2290	prototype to replace	none; resource binding pending	Language-specific resource mnemonic.
mnemonic			RUSSIAN	J	RUSSIAN:DIALOG:dlgUnselect:2291	prototype to replace	none; resource binding pending	Language-specific resource mnemonic.
mnemonic			RUSSIAN	Z	RUSSIAN:DIALOG:dlgUnselect:2292	prototype to replace	none; resource binding pending	Language-specific resource mnemonic.
mnemonic			RUSSIAN	X	RUSSIAN:DIALOG:dlgUnselect:2293	prototype to replace	none; resource binding pending	Language-specific resource mnemonic.
mnemonic			RUSSIAN	X	RUSSIAN:DIALOG:dlgUnselect:2299	prototype to replace	none; resource binding pending	Language-specific resource mnemonic.
mnemonic			RUSSIAN	X	RUSSIAN:DIALOG:dlgUnselect:2309	prototype to replace	none; resource binding pending	Language-specific resource mnemonic.
mnemonic			RUSSIAN	X	RUSSIAN:DIALOG:dlgUnselect:2328	prototype to replace	none; resource binding pending	Language-specific resource mnemonic.
mnemonic			RUSSIAN	>	RUSSIAN:DIALOG:dlgUnselect:2349	prototype to replace	none; resource binding pending	Language-specific resource mnemonic.
mnemonic			RUSSIAN	*	RUSSIAN:DIALOG:dlgUnselect:2350	prototype to replace	none; resource binding pending	Language-specific resource mnemonic.
mnemonic			RUSSIAN	?	RUSSIAN:DIALOG:dlgUnselect:2351	prototype to replace	none; resource binding pending	Language-specific resource mnemonic.
mnemonic			RUSSIAN	S	RUSSIAN:DIALOG:dlgUnselect:2411	prototype to replace	none; resource binding pending	Language-specific resource mnemonic.
mnemonic			RUSSIAN	A	RUSSIAN:DIALOG:dlgUnselect:2413	prototype to replace	none; resource binding pending	Language-specific resource mnemonic.
mnemonic			RUSSIAN	Ф	RUSSIAN:Menu:dlgEditorMenu:2425	prototype to replace	none; resource binding pending	Language-specific resource mnemonic.
mnemonic			RUSSIAN	О	RUSSIAN:Menu:dlgEditorMenu:2426	prototype to replace	none; resource binding pending	Language-specific resource mnemonic.
mnemonic			RUSSIAN	т	RUSSIAN:Menu:dlgEditorMenu:2427	prototype to replace	none; resource binding pending	Language-specific resource mnemonic.
mnemonic			RUSSIAN	С	RUSSIAN:Menu:dlgEditorMenu:2428	prototype to replace	none; resource binding pending	Language-specific resource mnemonic.
mnemonic			RUSSIAN	к	RUSSIAN:Menu:dlgEditorMenu:2429	prototype to replace	none; resource binding pending	Language-specific resource mnemonic.
mnemonic			RUSSIAN	в	RUSSIAN:Menu:dlgEditorMenu:2430	prototype to replace	none; resource binding pending	Language-specific resource mnemonic.
mnemonic			RUSSIAN	П	RUSSIAN:Menu:dlgEditorMenu:2433	prototype to replace	none; resource binding pending	Language-specific resource mnemonic.
mnemonic			RUSSIAN	б	RUSSIAN:Menu:dlgEditorMenu:2434	prototype to replace	none; resource binding pending	Language-specific resource mnemonic.
mnemonic			RUSSIAN	Г	RUSSIAN:Menu:dlgEditorMenu:2436	prototype to replace	none; resource binding pending	Language-specific resource mnemonic.
mnemonic			RUSSIAN	ы	RUSSIAN:Menu:dlgEditorMenu:2437	prototype to replace	none; resource binding pending	Language-specific resource mnemonic.
mnemonic			RUSSIAN	Р	RUSSIAN:Menu:dlgEditorMenu:2439	prototype to replace	none; resource binding pending	Language-specific resource mnemonic.
mnemonic			RUSSIAN	О	RUSSIAN:Menu:dlgEditorMenu:2440	prototype to replace	none; resource binding pending	Language-specific resource mnemonic.
mnemonic			RUSSIAN	Н	RUSSIAN:Menu:dlgEditorMenu:2441	prototype to replace	none; resource binding pending	Language-specific resource mnemonic.
mnemonic			RUSSIAN	ы	RUSSIAN:Menu:dlgEditorMenu:2443	prototype to replace	none; resource binding pending	Language-specific resource mnemonic.
mnemonic			RUSSIAN	К	RUSSIAN:Menu:dlgEditorMenu:2444	prototype to replace	none; resource binding pending	Language-specific resource mnemonic.
mnemonic			RUSSIAN	В	RUSSIAN:Menu:dlgEditorMenu:2445	prototype to replace	none; resource binding pending	Language-specific resource mnemonic.
mnemonic			RUSSIAN	о	RUSSIAN:Menu:dlgEditorMenu:2446	prototype to replace	none; resource binding pending	Language-specific resource mnemonic.
mnemonic			RUSSIAN	с	RUSSIAN:Menu:dlgEditorMenu:2447	prototype to replace	none; resource binding pending	Language-specific resource mnemonic.
mnemonic			RUSSIAN	д	RUSSIAN:Menu:dlgEditorMenu:2459	prototype to replace	none; resource binding pending	Language-specific resource mnemonic.
mnemonic			RUSSIAN	П	RUSSIAN:Menu:dlgEditorMenu:2461	prototype to replace	none; resource binding pending	Language-specific resource mnemonic.
mnemonic			RUSSIAN	И	RUSSIAN:Menu:dlgEditorMenu:2462	prototype to replace	none; resource binding pending	Language-specific resource mnemonic.
mnemonic			RUSSIAN	З	RUSSIAN:Menu:dlgEditorMenu:2463	prototype to replace	none; resource binding pending	Language-specific resource mnemonic.
mnemonic			RUSSIAN	р	RUSSIAN:Menu:dlgEditorMenu:2464	prototype to replace	none; resource binding pending	Language-specific resource mnemonic.
mnemonic			RUSSIAN	б	RUSSIAN:Menu:dlgEditorMenu:2465	prototype to replace	none; resource binding pending	Language-specific resource mnemonic.
mnemonic			RUSSIAN	с	RUSSIAN:Menu:dlgEditorMenu:2466	prototype to replace	none; resource binding pending	Language-specific resource mnemonic.
mnemonic			RUSSIAN	а	RUSSIAN:Menu:dlgEditorMenu:2468	prototype to replace	none; resource binding pending	Language-specific resource mnemonic.
mnemonic			RUSSIAN	о	RUSSIAN:Menu:dlgEditorMenu:2469	prototype to replace	none; resource binding pending	Language-specific resource mnemonic.
mnemonic			RUSSIAN	А	RUSSIAN:Menu:dlgEditorMenu:2472	prototype to replace	none; resource binding pending	Language-specific resource mnemonic.
mnemonic			RUSSIAN	В	RUSSIAN:Menu:dlgEditorMenu:2473	prototype to replace	none; resource binding pending	Language-specific resource mnemonic.
mnemonic			RUSSIAN	В	RUSSIAN:Menu:dlgEditorMenu:2474	prototype to replace	none; resource binding pending	Language-specific resource mnemonic.
mnemonic			RUSSIAN	л	RUSSIAN:Menu:dlgEditorMenu:2475	prototype to replace	none; resource binding pending	Language-specific resource mnemonic.
mnemonic			RUSSIAN	Ц	RUSSIAN:Menu:dlgEditorMenu:2476	prototype to replace	none; resource binding pending	Language-specific resource mnemonic.
mnemonic			RUSSIAN	О	RUSSIAN:Menu:dlgEditorMenu:2478	prototype to replace	none; resource binding pending	Language-specific resource mnemonic.
mnemonic			RUSSIAN	л	RUSSIAN:Menu:dlgEditorMenu:2480	prototype to replace	none; resource binding pending	Language-specific resource mnemonic.
mnemonic			RUSSIAN	П	RUSSIAN:Menu:dlgEditorMenu:2481	prototype to replace	none; resource binding pending	Language-specific resource mnemonic.
mnemonic			RUSSIAN	К	RUSSIAN:Menu:dlgEditorMenu:2482	prototype to replace	none; resource binding pending	Language-specific resource mnemonic.
mnemonic			RUSSIAN	р	RUSSIAN:Menu:dlgEditorMenu:2483	prototype to replace	none; resource binding pending	Language-specific resource mnemonic.
mnemonic			RUSSIAN	л	RUSSIAN:Menu:dlgEditorMenu:2484	prototype to replace	none; resource binding pending	Language-specific resource mnemonic.
mnemonic			RUSSIAN	о	RUSSIAN:Menu:dlgEditorMenu:2489	prototype to replace	none; resource binding pending	Language-specific resource mnemonic.
mnemonic			RUSSIAN	ы	RUSSIAN:Menu:dlgEditorMenu:2490	prototype to replace	none; resource binding pending	Language-specific resource mnemonic.
mnemonic			RUSSIAN	з	RUSSIAN:Menu:dlgEditorMenu:2492	prototype to replace	none; resource binding pending	Language-specific resource mnemonic.
mnemonic			RUSSIAN	д	RUSSIAN:Menu:dlgEditorMenu:2493	prototype to replace	none; resource binding pending	Language-specific resource mnemonic.
mnemonic			RUSSIAN	в	RUSSIAN:Menu:dlgEditorMenu:2494	prototype to replace	none; resource binding pending	Language-specific resource mnemonic.
mnemonic			RUSSIAN	о	RUSSIAN:Menu:dlgEditorMenu:2495	prototype to replace	none; resource binding pending	Language-specific resource mnemonic.
mnemonic			RUSSIAN	т	RUSSIAN:Menu:dlgEditorMenu:2496	prototype to replace	none; resource binding pending	Language-specific resource mnemonic.
mnemonic			RUSSIAN	P	RUSSIAN:Menu:dlgEditorMenu:2497	prototype to replace	none; resource binding pending	Language-specific resource mnemonic.
mnemonic			RUSSIAN	и	RUSSIAN:Menu:dlgEditorMenu:2499	prototype to replace	none; resource binding pending	Language-specific resource mnemonic.
mnemonic			RUSSIAN	С	RUSSIAN:Menu:dlgEditorMenu:2501	prototype to replace	none; resource binding pending	Language-specific resource mnemonic.
mnemonic			RUSSIAN	С	RUSSIAN:Menu:dlgEditorMenu:2502	prototype to replace	none; resource binding pending	Language-specific resource mnemonic.
mnemonic			RUSSIAN	т	RUSSIAN:Menu:dlgEditorMenu:2503	prototype to replace	none; resource binding pending	Language-specific resource mnemonic.
mnemonic			RUSSIAN	П	RUSSIAN:Menu:dlgEditorMenu:2505	prototype to replace	none; resource binding pending	Language-specific resource mnemonic.
mnemonic			RUSSIAN	С	RUSSIAN:Menu:dlgEditorMenu:2506	prototype to replace	none; resource binding pending	Language-specific resource mnemonic.
mnemonic			RUSSIAN	т	RUSSIAN:Menu:dlgEditorMenu:2507	prototype to replace	none; resource binding pending	Language-specific resource mnemonic.
mnemonic			RUSSIAN	З	RUSSIAN:Menu:dlgEditorMenu:2509	prototype to replace	none; resource binding pending	Language-specific resource mnemonic.
mnemonic			RUSSIAN	С	RUSSIAN:Menu:dlgEditorMenu:2510	prototype to replace	none; resource binding pending	Language-specific resource mnemonic.
mnemonic			RUSSIAN	т	RUSSIAN:Menu:dlgEditorMenu:2511	prototype to replace	none; resource binding pending	Language-specific resource mnemonic.
mnemonic			RUSSIAN	С	RUSSIAN:Menu:dlgEditorMenu:2514	prototype to replace	none; resource binding pending	Language-specific resource mnemonic.
mnemonic			RUSSIAN	т	RUSSIAN:Menu:dlgEditorMenu:2515	prototype to replace	none; resource binding pending	Language-specific resource mnemonic.
mnemonic			RUSSIAN	м	RUSSIAN:Menu:dlgEditorMenu:2517	prototype to replace	none; resource binding pending	Language-specific resource mnemonic.
mnemonic			RUSSIAN	С	RUSSIAN:Menu:dlgEditorMenu:2518	prototype to replace	none; resource binding pending	Language-specific resource mnemonic.
mnemonic			RUSSIAN	т	RUSSIAN:Menu:dlgEditorMenu:2519	prototype to replace	none; resource binding pending	Language-specific resource mnemonic.
mnemonic			RUSSIAN	+	RUSSIAN:Menu:dlgEditorMenu:2522	prototype to replace	none; resource binding pending	Language-specific resource mnemonic.
mnemonic			RUSSIAN	L	RUSSIAN:Menu:dlgEditorMenu:2523	prototype to replace	none; resource binding pending	Language-specific resource mnemonic.
mnemonic			RUSSIAN	C	RUSSIAN:Menu:dlgEditorMenu:2524	prototype to replace	none; resource binding pending	Language-specific resource mnemonic.
mnemonic			RUSSIAN	ц	RUSSIAN:Menu:dlgEditorMenu:2527	prototype to replace	none; resource binding pending	Language-specific resource mnemonic.
mnemonic			RUSSIAN	з	RUSSIAN:Menu:dlgEditorMenu:2528	prototype to replace	none; resource binding pending	Language-specific resource mnemonic.
mnemonic			RUSSIAN	С	RUSSIAN:Menu:dlgEditorMenu:2529	prototype to replace	none; resource binding pending	Language-specific resource mnemonic.
mnemonic			RUSSIAN	О	RUSSIAN:Menu:dlgEditorMenu:2530	prototype to replace	none; resource binding pending	Language-specific resource mnemonic.
mnemonic			RUSSIAN	А	RUSSIAN:Menu:dlgEditorMenu:2531	prototype to replace	none; resource binding pending	Language-specific resource mnemonic.
mnemonic			RUSSIAN	В	RUSSIAN:Menu:dlgEditorMenu:2532	prototype to replace	none; resource binding pending	Language-specific resource mnemonic.
mnemonic			RUSSIAN	е	RUSSIAN:Menu:dlgEditorMenu:2533	prototype to replace	none; resource binding pending	Language-specific resource mnemonic.
mnemonic			RUSSIAN	О	RUSSIAN:Menu:dlgEditorMenu:2534	prototype to replace	none; resource binding pending	Language-specific resource mnemonic.
mnemonic			RUSSIAN	т	RUSSIAN:Menu:dlgEditorMenu:2535	prototype to replace	none; resource binding pending	Language-specific resource mnemonic.
mnemonic			RUSSIAN	д	RUSSIAN:Menu:dlgEditorMenu:2536	prototype to replace	none; resource binding pending	Language-specific resource mnemonic.
mnemonic			RUSSIAN	П	RUSSIAN:Menu:dlgEditorMenu:2537	prototype to replace	none; resource binding pending	Language-specific resource mnemonic.
mnemonic			RUSSIAN	м	RUSSIAN:Menu:dlgEditorMenu:2539	prototype to replace	none; resource binding pending	Language-specific resource mnemonic.
mnemonic			RUSSIAN	S	RUSSIAN:Menu:dlgEditorMenu:2541	prototype to replace	none; resource binding pending	Language-specific resource mnemonic.
mnemonic			RUSSIAN	Р	RUSSIAN:Menu:dlgFixerMenu:2546	prototype to replace	none; resource binding pending	Language-specific resource mnemonic.
mnemonic			RUSSIAN	Ф	RUSSIAN:Menu:dlgFixerMenu:2547	prototype to replace	none; resource binding pending	Language-specific resource mnemonic.
mnemonic			RUSSIAN	а	RUSSIAN:Menu:dlgFixerMenu:2548	prototype to replace	none; resource binding pending	Language-specific resource mnemonic.
mnemonic			RUSSIAN	и	RUSSIAN:Menu:dlgFixerMenu:2549	prototype to replace	none; resource binding pending	Language-specific resource mnemonic.
mnemonic			RUSSIAN	К	RUSSIAN:Menu:dlgFixerMenu:2550	prototype to replace	none; resource binding pending	Language-specific resource mnemonic.
mnemonic			RUSSIAN	С	RUSSIAN:Menu:dlgFixerMenu:2551	prototype to replace	none; resource binding pending	Language-specific resource mnemonic.
mnemonic			RUSSIAN	В	RUSSIAN:Menu:dlgFixerMenu:2553	prototype to replace	none; resource binding pending	Language-specific resource mnemonic.
mnemonic			RUSSIAN	е	RUSSIAN:Menu:dlgFixerMenu:2555	prototype to replace	none; resource binding pending	Language-specific resource mnemonic.
mnemonic			RUSSIAN	О	RUSSIAN:Menu:dlgFixerMenu:2556	prototype to replace	none; resource binding pending	Language-specific resource mnemonic.
mnemonic			RUSSIAN	К	RUSSIAN:Menu:dlgFixerMenu:2558	prototype to replace	none; resource binding pending	Language-specific resource mnemonic.
mnemonic			RUSSIAN	В	RUSSIAN:Menu:dlgFixerMenu:2559	prototype to replace	none; resource binding pending	Language-specific resource mnemonic.
mnemonic			RUSSIAN	р	RUSSIAN:Menu:dlgFixerMenu:2560	prototype to replace	none; resource binding pending	Language-specific resource mnemonic.
mnemonic			RUSSIAN	З	RUSSIAN:Menu:dlgFixerMenu:2561	prototype to replace	none; resource binding pending	Language-specific resource mnemonic.
mnemonic			RUSSIAN	И	RUSSIAN:Menu:dlgFixerMenu:2563	prototype to replace	none; resource binding pending	Language-specific resource mnemonic.
mnemonic			RUSSIAN	П	RUSSIAN:Menu:dlgFixerMenu:2564	prototype to replace	none; resource binding pending	Language-specific resource mnemonic.
mnemonic			RUSSIAN	П	RUSSIAN:Menu:dlgFixerMenu:2566	prototype to replace	none; resource binding pending	Language-specific resource mnemonic.
mnemonic			RUSSIAN	Н	RUSSIAN:Menu:dlgFixerMenu:2567	prototype to replace	none; resource binding pending	Language-specific resource mnemonic.
mnemonic			RUSSIAN	К	RUSSIAN:Menu:dlgFixerMenu:2568	prototype to replace	none; resource binding pending	Language-specific resource mnemonic.
mnemonic			RUSSIAN	Т	RUSSIAN:Menu:dlgFixerMenu:2569	prototype to replace	none; resource binding pending	Language-specific resource mnemonic.
mnemonic			RUSSIAN	F	RUSSIAN:Menu:dlgFixerMenu:2570	prototype to replace	none; resource binding pending	Language-specific resource mnemonic.
mnemonic			RUSSIAN	О	RUSSIAN:MENU:dlgMainMenu:2576	prototype to replace	none; resource binding pending	Language-specific resource mnemonic.
mnemonic			RUSSIAN	П	RUSSIAN:MENU:dlgMainMenu:2577	prototype to replace	none; resource binding pending	Language-specific resource mnemonic.
mnemonic			RUSSIAN	С	RUSSIAN:MENU:dlgMainMenu:2579	prototype to replace	none; resource binding pending	Language-specific resource mnemonic.
mnemonic			RUSSIAN	В	RUSSIAN:MENU:dlgMainMenu:2581	prototype to replace	none; resource binding pending	Language-specific resource mnemonic.
mnemonic			RUSSIAN	Э	RUSSIAN:MENU:dlgMainMenu:2582	prototype to replace	none; resource binding pending	Language-specific resource mnemonic.
mnemonic			RUSSIAN	ы	RUSSIAN:MENU:dlgMainMenu:2583	prototype to replace	none; resource binding pending	Language-specific resource mnemonic.
mnemonic			RUSSIAN	к	RUSSIAN:MENU:dlgMainMenu:2584	prototype to replace	none; resource binding pending	Language-specific resource mnemonic.
mnemonic			RUSSIAN	ф	RUSSIAN:MENU:dlgMainMenu:2586	prototype to replace	none; resource binding pending	Language-specific resource mnemonic.
mnemonic			RUSSIAN	з	RUSSIAN:MENU:dlgMainMenu:2587	prototype to replace	none; resource binding pending	Language-specific resource mnemonic.
mnemonic			RUSSIAN	л	RUSSIAN:MENU:dlgMainMenu:2588	prototype to replace	none; resource binding pending	Language-specific resource mnemonic.
mnemonic			RUSSIAN	E	RUSSIAN:MENU:dlgMainMenu:2590	prototype to replace	none; resource binding pending	Language-specific resource mnemonic.
mnemonic			RUSSIAN	1	RUSSIAN:MENU:dlgMainMenu:2591	prototype to replace	none; resource binding pending	Language-specific resource mnemonic.
mnemonic			RUSSIAN	2	RUSSIAN:MENU:dlgMainMenu:2592	prototype to replace	none; resource binding pending	Language-specific resource mnemonic.
mnemonic			RUSSIAN	е	RUSSIAN:MENU:dlgMainMenu:2593	prototype to replace	none; resource binding pending	Language-specific resource mnemonic.
mnemonic			RUSSIAN	И	RUSSIAN:MENU:dlgMainMenu:2596	prototype to replace	none; resource binding pending	Language-specific resource mnemonic.
mnemonic			RUSSIAN	Ф	RUSSIAN:MENU:dlgMainMenu:2599	prototype to replace	none; resource binding pending	Language-specific resource mnemonic.
mnemonic			RUSSIAN	С	RUSSIAN:MENU:dlgMainMenu:2600	prototype to replace	none; resource binding pending	Language-specific resource mnemonic.
mnemonic			RUSSIAN	О	RUSSIAN:MENU:dlgMainMenu:2601	prototype to replace	none; resource binding pending	Language-specific resource mnemonic.
mnemonic			RUSSIAN	А	RUSSIAN:MENU:dlgMainMenu:2602	prototype to replace	none; resource binding pending	Language-specific resource mnemonic.
mnemonic			RUSSIAN	Т	RUSSIAN:MENU:dlgMainMenu:2603	prototype to replace	none; resource binding pending	Language-specific resource mnemonic.
mnemonic			RUSSIAN	Д	RUSSIAN:MENU:dlgMainMenu:2604	prototype to replace	none; resource binding pending	Language-specific resource mnemonic.
mnemonic			RUSSIAN	Б	RUSSIAN:MENU:dlgMainMenu:2605	prototype to replace	none; resource binding pending	Language-specific resource mnemonic.
mnemonic			RUSSIAN	Э	RUSSIAN:MENU:dlgMainMenu:2606	prototype to replace	none; resource binding pending	Language-specific resource mnemonic.
mnemonic			RUSSIAN	Р	RUSSIAN:MENU:dlgMainMenu:2608	prototype to replace	none; resource binding pending	Language-specific resource mnemonic.
mnemonic			RUSSIAN	Р	RUSSIAN:MENU:dlgMainMenu:2609	prototype to replace	none; resource binding pending	Language-specific resource mnemonic.
mnemonic			RUSSIAN	В	RUSSIAN:MENU:dlgMainMenu:2610	prototype to replace	none; resource binding pending	Language-specific resource mnemonic.
mnemonic			RUSSIAN	Н	RUSSIAN:MENU:dlgMainMenu:2612	prototype to replace	none; resource binding pending	Language-specific resource mnemonic.
mnemonic			RUSSIAN	И	RUSSIAN:MENU:dlgMainMenu:2614	prototype to replace	none; resource binding pending	Language-specific resource mnemonic.
mnemonic			RUSSIAN	К	RUSSIAN:MENU:dlgMainMenu:2615	prototype to replace	none; resource binding pending	Language-specific resource mnemonic.
mnemonic			RUSSIAN	П	RUSSIAN:MENU:dlgMainMenu:2616	prototype to replace	none; resource binding pending	Language-specific resource mnemonic.
mnemonic			RUSSIAN	г	RUSSIAN:MENU:dlgMainMenu:2617	prototype to replace	none; resource binding pending	Language-specific resource mnemonic.
mnemonic			RUSSIAN	о	RUSSIAN:MENU:dlgMainMenu:2618	prototype to replace	none; resource binding pending	Language-specific resource mnemonic.
mnemonic			RUSSIAN	в	RUSSIAN:MENU:dlgMainMenu:2619	prototype to replace	none; resource binding pending	Language-specific resource mnemonic.
mnemonic			RUSSIAN	з	RUSSIAN:MENU:dlgMainMenu:2620	prototype to replace	none; resource binding pending	Language-specific resource mnemonic.
mnemonic			RUSSIAN	Н	RUSSIAN:MENU:dlgMainMenu:2621	prototype to replace	none; resource binding pending	Language-specific resource mnemonic.
mnemonic			RUSSIAN	т	RUSSIAN:MENU:dlgMainMenu:2622	prototype to replace	none; resource binding pending	Language-specific resource mnemonic.
mnemonic			RUSSIAN	У	RUSSIAN:MENU:dlgMainMenu:2623	prototype to replace	none; resource binding pending	Language-specific resource mnemonic.
mnemonic			RUSSIAN	А	RUSSIAN:MENU:dlgMainMenu:2624	prototype to replace	none; resource binding pending	Language-specific resource mnemonic.
mnemonic			RUSSIAN	з	RUSSIAN:MENU:dlgMainMenu:2636	prototype to replace	none; resource binding pending	Language-specific resource mnemonic.
mnemonic			RUSSIAN	ы	RUSSIAN:MENU:dlgMainMenu:2638	prototype to replace	none; resource binding pending	Language-specific resource mnemonic.
mnemonic			RUSSIAN	Д	RUSSIAN:MENU:dlgMainMenu:2640	prototype to replace	none; resource binding pending	Language-specific resource mnemonic.
mnemonic			RUSSIAN	Ф	RUSSIAN:MENU:dlgMainMenu:2642	prototype to replace	none; resource binding pending	Language-specific resource mnemonic.
mnemonic			RUSSIAN	М	RUSSIAN:MENU:dlgMainMenu:2645	prototype to replace	none; resource binding pending	Language-specific resource mnemonic.
mnemonic			RUSSIAN	ы	RUSSIAN:MENU:dlgMainMenu:2647	prototype to replace	none; resource binding pending	Language-specific resource mnemonic.
mnemonic			RUSSIAN	Р	RUSSIAN:MENU:dlgMainMenu:2649	prototype to replace	none; resource binding pending	Language-specific resource mnemonic.
mnemonic			RUSSIAN	е	RUSSIAN:MENU:dlgMainMenu:2650	prototype to replace	none; resource binding pending	Language-specific resource mnemonic.
mnemonic			RUSSIAN	Д	RUSSIAN:MENU:dlgMainMenu:2653	prototype to replace	none; resource binding pending	Language-specific resource mnemonic.
mnemonic			RUSSIAN	У	RUSSIAN:MENU:dlgMainMenu:2655	prototype to replace	none; resource binding pending	Language-specific resource mnemonic.
mnemonic			RUSSIAN	И	RUSSIAN:MENU:dlgMainMenu:2657	prototype to replace	none; resource binding pending	Language-specific resource mnemonic.
mnemonic			RUSSIAN	С	RUSSIAN:MENU:dlgMainMenu:2658	prototype to replace	none; resource binding pending	Language-specific resource mnemonic.
mnemonic			RUSSIAN	С	RUSSIAN:MENU:dlgMainMenu:2662	prototype to replace	none; resource binding pending	Language-specific resource mnemonic.
mnemonic			RUSSIAN	К	RUSSIAN:MENU:dlgMainMenu:2664	prototype to replace	none; resource binding pending	Language-specific resource mnemonic.
mnemonic			RUSSIAN	д	RUSSIAN:MENU:dlgMainMenu:2665	prototype to replace	none; resource binding pending	Language-specific resource mnemonic.
mnemonic			RUSSIAN	б	RUSSIAN:MENU:dlgMainMenu:2666	prototype to replace	none; resource binding pending	Language-specific resource mnemonic.
mnemonic			RUSSIAN	Т	RUSSIAN:MENU:dlgMainMenu:2667	prototype to replace	none; resource binding pending	Language-specific resource mnemonic.
mnemonic			RUSSIAN	Э	RUSSIAN:MENU:dlgMainMenu:2668	prototype to replace	none; resource binding pending	Language-specific resource mnemonic.
mnemonic			RUSSIAN	д	RUSSIAN:MENU:dlgMainMenu:2669	prototype to replace	none; resource binding pending	Language-specific resource mnemonic.
mnemonic			RUSSIAN	е	RUSSIAN:MENU:dlgMainMenu:2670	prototype to replace	none; resource binding pending	Language-specific resource mnemonic.
mnemonic			RUSSIAN	г	RUSSIAN:MENU:dlgMainMenu:2672	prototype to replace	none; resource binding pending	Language-specific resource mnemonic.
mnemonic			RUSSIAN	е	RUSSIAN:MENU:dlgMainMenu:2674	prototype to replace	none; resource binding pending	Language-specific resource mnemonic.
mnemonic			RUSSIAN	Л	RUSSIAN:MENU:dlgMainMenu:2675	prototype to replace	none; resource binding pending	Language-specific resource mnemonic.
mnemonic			RUSSIAN	у	RUSSIAN:MENU:dlgMainMenu:2676	prototype to replace	none; resource binding pending	Language-specific resource mnemonic.
mnemonic			RUSSIAN	а	RUSSIAN:MENU:dlgMainMenu:2677	prototype to replace	none; resource binding pending	Language-specific resource mnemonic.
mnemonic			RUSSIAN	О	RUSSIAN:MENU:dlgMainMenu:2680	prototype to replace	none; resource binding pending	Language-specific resource mnemonic.
mnemonic			RUSSIAN	М	RUSSIAN:MENU:dlgMainMenu:2681	prototype to replace	none; resource binding pending	Language-specific resource mnemonic.
mnemonic			RUSSIAN	я	RUSSIAN:MENU:dlgMainMenu:2683	prototype to replace	none; resource binding pending	Language-specific resource mnemonic.
mnemonic			RUSSIAN	П	RUSSIAN:MENU:dlgMainMenu:2684	prototype to replace	none; resource binding pending	Language-specific resource mnemonic.
mnemonic			RUSSIAN	р	RUSSIAN:MENU:dlgMainMenu:2685	prototype to replace	none; resource binding pending	Language-specific resource mnemonic.
mnemonic			RUSSIAN	ф	RUSSIAN:MENU:dlgMainMenu:2686	prototype to replace	none; resource binding pending	Language-specific resource mnemonic.
mnemonic			RUSSIAN	П	RUSSIAN:MENU:dlgMainMenu:2692	prototype to replace	none; resource binding pending	Language-specific resource mnemonic.
mnemonic			RUSSIAN	С	RUSSIAN:MENU:dlgMainMenu:2693	prototype to replace	none; resource binding pending	Language-specific resource mnemonic.
mnemonic			RUSSIAN	ц	RUSSIAN:MENU:dlgMainMenu:2694	prototype to replace	none; resource binding pending	Language-specific resource mnemonic.
mnemonic			RUSSIAN	а	RUSSIAN:MENU:dlgMainMenu:2695	prototype to replace	none; resource binding pending	Language-specific resource mnemonic.
mnemonic			RUSSIAN	ы	RUSSIAN:MENU:dlgMainMenu:2696	prototype to replace	none; resource binding pending	Language-specific resource mnemonic.
mnemonic			RUSSIAN	В	RUSSIAN:MENU:dlgMainMenu:2697	prototype to replace	none; resource binding pending	Language-specific resource mnemonic.
mnemonic			RUSSIAN	З	RUSSIAN:MENU:dlgMainMenu:2699	prototype to replace	none; resource binding pending	Language-specific resource mnemonic.
mnemonic			RUSSIAN	о	RUSSIAN:MENU:dlgMainMenu:2700	prototype to replace	none; resource binding pending	Language-specific resource mnemonic.
mnemonic			RUSSIAN	т	RUSSIAN:MENU:dlgMainMenu:2702	prototype to replace	none; resource binding pending	Language-specific resource mnemonic.
mnemonic			RUSSIAN	м	RUSSIAN:MENU:dlgMainMenu:2703	prototype to replace	none; resource binding pending	Language-specific resource mnemonic.
mnemonic			RUSSIAN	И	RUSSIAN:MENU:dlgMainMenu:2704	prototype to replace	none; resource binding pending	Language-specific resource mnemonic.
mnemonic			RUSSIAN	д	RUSSIAN:MENU:dlgMainMenu:2706	prototype to replace	none; resource binding pending	Language-specific resource mnemonic.
mnemonic			RUSSIAN	е	RUSSIAN:MENU:dlgMainMenu:2707	prototype to replace	none; resource binding pending	Language-specific resource mnemonic.
mnemonic			RUSSIAN	р	RUSSIAN:MENU:dlgMainMenu:2708	prototype to replace	none; resource binding pending	Language-specific resource mnemonic.
mnemonic			RUSSIAN	Б	RUSSIAN:MENU:dlgMainMenu:2709	prototype to replace	none; resource binding pending	Language-specific resource mnemonic.
mnemonic			RUSSIAN	М	RUSSIAN:MENU:dlgMainMenu:2711	prototype to replace	none; resource binding pending	Language-specific resource mnemonic.
mnemonic			RUSSIAN	Н	RUSSIAN:MENU:dlgMainMenu:2712	prototype to replace	none; resource binding pending	Language-specific resource mnemonic.
mnemonic			RUSSIAN	Д	RUSSIAN:MENU:dlgMainMenu:2713	prototype to replace	none; resource binding pending	Language-specific resource mnemonic.
mnemonic			RUSSIAN	И	RUSSIAN:MENU:dlgMainMenu:2715	prototype to replace	none; resource binding pending	Language-specific resource mnemonic.
mnemonic			RUSSIAN	ф	RUSSIAN:MENU:dlgMainMenu:2717	prototype to replace	none; resource binding pending	Language-specific resource mnemonic.
mnemonic			RUSSIAN	ы	RUSSIAN:MENU:dlgMainMenu:2719	prototype to replace	none; resource binding pending	Language-specific resource mnemonic.
mnemonic			RUSSIAN	м	RUSSIAN:MENU:dlgMainMenu:2722	prototype to replace	none; resource binding pending	Language-specific resource mnemonic.
mnemonic			RUSSIAN	Л	RUSSIAN:MENU:dlgMainMenu:2723	prototype to replace	none; resource binding pending	Language-specific resource mnemonic.
mnemonic			RUSSIAN	П	RUSSIAN:MENU:dlgMainMenu:2724	prototype to replace	none; resource binding pending	Language-specific resource mnemonic.
mnemonic			RUSSIAN	Н	RUSSIAN:MENU:dlgMainMenu:2730	prototype to replace	none; resource binding pending	Language-specific resource mnemonic.
mnemonic			RUSSIAN	К	RUSSIAN:MENU:dlgMainMenu:2731	prototype to replace	none; resource binding pending	Language-specific resource mnemonic.
mnemonic			RUSSIAN	С	RUSSIAN:MENU:dlgMainMenu:2732	prototype to replace	none; resource binding pending	Language-specific resource mnemonic.
mnemonic			RUSSIAN	з	RUSSIAN:MENU:dlgMainMenu:2733	prototype to replace	none; resource binding pending	Language-specific resource mnemonic.
mnemonic			RUSSIAN	И	RUSSIAN:MENU:dlgMainMenu:2734	prototype to replace	none; resource binding pending	Language-specific resource mnemonic.
mnemonic			RUSSIAN	П	RUSSIAN:MENU:dlgMainMenu:2735	prototype to replace	none; resource binding pending	Language-specific resource mnemonic.
mnemonic			RUSSIAN	Э	RUSSIAN:MENU:dlgMainMenu:2737	prototype to replace	none; resource binding pending	Language-specific resource mnemonic.
mnemonic			RUSSIAN	П	RUSSIAN:MENU:dlgMainMenu:2738	prototype to replace	none; resource binding pending	Language-specific resource mnemonic.
mnemonic			RUSSIAN	С	RUSSIAN:MENU:dlgMainMenu:2739	prototype to replace	none; resource binding pending	Language-specific resource mnemonic.
mnemonic			RUSSIAN	М	RUSSIAN:MENU:dlgMainMenu:2740	prototype to replace	none; resource binding pending	Language-specific resource mnemonic.
mnemonic			RUSSIAN	К	RUSSIAN:MENU:dlgMainMenu:2742	prototype to replace	none; resource binding pending	Language-specific resource mnemonic.
mnemonic			RUSSIAN	Р	RUSSIAN:MENU:dlgMainMenu:2745	prototype to replace	none; resource binding pending	Language-specific resource mnemonic.
mnemonic			RUSSIAN	Т	RUSSIAN:MENU:dlgMainMenu:2747	prototype to replace	none; resource binding pending	Language-specific resource mnemonic.
mnemonic			RUSSIAN	М	RUSSIAN:MENU:dlgMainMenu:2750	prototype to replace	none; resource binding pending	Language-specific resource mnemonic.
mnemonic			RUSSIAN	У	RUSSIAN:MENU:dlgMainMenu:2751	prototype to replace	none; resource binding pending	Language-specific resource mnemonic.
mnemonic			RUSSIAN	и	RUSSIAN:MENU:dlgMainMenu:2752	prototype to replace	none; resource binding pending	Language-specific resource mnemonic.
mnemonic			RUSSIAN	Г	RUSSIAN:MENU:dlgMainMenu:2753	prototype to replace	none; resource binding pending	Language-specific resource mnemonic.
mnemonic			RUSSIAN	П	RUSSIAN:MENU:dlgMainMenu:2755	prototype to replace	none; resource binding pending	Language-specific resource mnemonic.
mnemonic			RUSSIAN	Н	RUSSIAN:MENU:dlgMainMenu:2756	prototype to replace	none; resource binding pending	Language-specific resource mnemonic.
mnemonic			RUSSIAN	у	RUSSIAN:MENU:dlgMainMenu:2757	prototype to replace	none; resource binding pending	Language-specific resource mnemonic.
mnemonic			RUSSIAN	ф	RUSSIAN:MENU:dlgMainMenu:2758	prototype to replace	none; resource binding pending	Language-specific resource mnemonic.
mnemonic			RUSSIAN	р	RUSSIAN:MENU:dlgMainMenu:2760	prototype to replace	none; resource binding pending	Language-specific resource mnemonic.
mnemonic			RUSSIAN	E	RUSSIAN:MENU:dlgMainMenu:2764	prototype to replace	none; resource binding pending	Language-specific resource mnemonic.
mnemonic			RUSSIAN	N	RUSSIAN:MENU:dlgMainMenu:2765	prototype to replace	none; resource binding pending	Language-specific resource mnemonic.
mnemonic			RUSSIAN	A	RUSSIAN:MENU:dlgMainMenu:2766	prototype to replace	none; resource binding pending	Language-specific resource mnemonic.
mnemonic			RUSSIAN	J	RUSSIAN:MENU:dlgMainMenu:2767	prototype to replace	none; resource binding pending	Language-specific resource mnemonic.
mnemonic			RUSSIAN	2	RUSSIAN:MENU:dlgMainMenu:2768	prototype to replace	none; resource binding pending	Language-specific resource mnemonic.
mnemonic			RUSSIAN	B	RUSSIAN:MENU:dlgMainMenu:2769	prototype to replace	none; resource binding pending	Language-specific resource mnemonic.
mnemonic			RUSSIAN	C	RUSSIAN:MENU:dlgMainMenu:2771	prototype to replace	none; resource binding pending	Language-specific resource mnemonic.
mnemonic			RUSSIAN	H	RUSSIAN:MENU:dlgMainMenu:2772	prototype to replace	none; resource binding pending	Language-specific resource mnemonic.
mnemonic			RUSSIAN	P	RUSSIAN:MENU:dlgMainMenu:2773	prototype to replace	none; resource binding pending	Language-specific resource mnemonic.
mnemonic			RUSSIAN	K	RUSSIAN:MENU:dlgMainMenu:2774	prototype to replace	none; resource binding pending	Language-specific resource mnemonic.
mnemonic			RUSSIAN	Y	RUSSIAN:MENU:dlgMainMenu:2775	prototype to replace	none; resource binding pending	Language-specific resource mnemonic.
mnemonic			RUSSIAN	3	RUSSIAN:MENU:dlgMainMenu:2776	prototype to replace	none; resource binding pending	Language-specific resource mnemonic.
mnemonic			RUSSIAN	L	RUSSIAN:MENU:dlgMainMenu:2777	prototype to replace	none; resource binding pending	Language-specific resource mnemonic.
mnemonic			RUSSIAN	I	RUSSIAN:MENU:dlgMainMenu:2778	prototype to replace	none; resource binding pending	Language-specific resource mnemonic.
mnemonic			RUSSIAN	R	RUSSIAN:MENU:dlgMainMenu:2780	prototype to replace	none; resource binding pending	Language-specific resource mnemonic.
mnemonic			RUSSIAN	S	RUSSIAN:MENU:dlgMainMenu:2781	prototype to replace	none; resource binding pending	Language-specific resource mnemonic.
mnemonic			RUSSIAN	T	RUSSIAN:MENU:dlgMainMenu:2782	prototype to replace	none; resource binding pending	Language-specific resource mnemonic.
mnemonic			RUSSIAN	G	RUSSIAN:MENU:dlgMainMenu:2783	prototype to replace	none; resource binding pending	Language-specific resource mnemonic.
mnemonic			RUSSIAN	U	RUSSIAN:MENU:dlgMainMenu:2784	prototype to replace	none; resource binding pending	Language-specific resource mnemonic.
mnemonic			RUSSIAN	F	RUSSIAN:MENU:dlgMainMenu:2785	prototype to replace	none; resource binding pending	Language-specific resource mnemonic.
mnemonic			RUSSIAN	Z	RUSSIAN:MENU:dlgMainMenu:2786	prototype to replace	none; resource binding pending	Language-specific resource mnemonic.
mnemonic			RUSSIAN	O	RUSSIAN:MENU:dlgMainMenu:2787	prototype to replace	none; resource binding pending	Language-specific resource mnemonic.
mnemonic			RUSSIAN	X	RUSSIAN:MENU:dlgMainMenu:2788	prototype to replace	none; resource binding pending	Language-specific resource mnemonic.
mnemonic			RUSSIAN	7	RUSSIAN:MENU:dlgMainMenu:2789	prototype to replace	none; resource binding pending	Language-specific resource mnemonic.
mnemonic			RUSSIAN	л	RUSSIAN:MENU:dlgMainMenu:2799	prototype to replace	none; resource binding pending	Language-specific resource mnemonic.
mnemonic			RUSSIAN	м	RUSSIAN:MENU:dlgMainMenu:2800	prototype to replace	none; resource binding pending	Language-specific resource mnemonic.
mnemonic			RUSSIAN	п	RUSSIAN:MENU:dlgMainMenu:2801	prototype to replace	none; resource binding pending	Language-specific resource mnemonic.
mnemonic			RUSSIAN	е	RUSSIAN:MENU:dlgMainMenu:2802	prototype to replace	none; resource binding pending	Language-specific resource mnemonic.
mnemonic			RUSSIAN	З	RUSSIAN:MENU:dlgMainMenu:2804	prototype to replace	none; resource binding pending	Language-specific resource mnemonic.
mnemonic			RUSSIAN	В	RUSSIAN:MENU:dlgMainMenu:2805	prototype to replace	none; resource binding pending	Language-specific resource mnemonic.
mnemonic			RUSSIAN	Ц	RUSSIAN:MENU:dlgMainMenu:2807	prototype to replace	none; resource binding pending	Language-specific resource mnemonic.
mnemonic			RUSSIAN	О	RUSSIAN:MENU:dlgMainMenu:2811	prototype to replace	none; resource binding pending	Language-specific resource mnemonic.
mnemonic			RUSSIAN	Ч	RUSSIAN:MENU:dlgMainMenu:2812	prototype to replace	none; resource binding pending	Language-specific resource mnemonic.
mnemonic			RUSSIAN	К	RUSSIAN:MENU:dlgMainMenu:2813	prototype to replace	none; resource binding pending	Language-specific resource mnemonic.
mnemonic			RUSSIAN	В	RUSSIAN:MENU:dlgMainMenu:2814	prototype to replace	none; resource binding pending	Language-specific resource mnemonic.
mnemonic			RUSSIAN	Р	RUSSIAN:MENU:dlgMainMenu:2816	prototype to replace	none; resource binding pending	Language-specific resource mnemonic.
mnemonic			RUSSIAN	М	RUSSIAN:MENU:dlgMainMenu:2817	prototype to replace	none; resource binding pending	Language-specific resource mnemonic.
mnemonic			RUSSIAN	Р	RUSSIAN:MENU:dlgMainMenu:2818	prototype to replace	none; resource binding pending	Language-specific resource mnemonic.
mnemonic			RUSSIAN	С	RUSSIAN:MENU:dlgMainMenu:2819	prototype to replace	none; resource binding pending	Language-specific resource mnemonic.
mnemonic			RUSSIAN	П	RUSSIAN:MENU:dlgMainMenu:2820	prototype to replace	none; resource binding pending	Language-specific resource mnemonic.
mnemonic			RUSSIAN	л	RUSSIAN:MENU:dlgMainMenu:2821	prototype to replace	none; resource binding pending	Language-specific resource mnemonic.
mnemonic			RUSSIAN	е	RUSSIAN:MENU:dlgMainMenu:2822	prototype to replace	none; resource binding pending	Language-specific resource mnemonic.
mnemonic			RUSSIAN	д	RUSSIAN:MENU:dlgMainMenu:2823	prototype to replace	none; resource binding pending	Language-specific resource mnemonic.
mnemonic			RUSSIAN	г	RUSSIAN:MENU:dlgMainMenu:2824	prototype to replace	none; resource binding pending	Language-specific resource mnemonic.
mnemonic			RUSSIAN	З	RUSSIAN:MENU:dlgMainMenu:2825	prototype to replace	none; resource binding pending	Language-specific resource mnemonic.
mnemonic			RUSSIAN	и	RUSSIAN:MENU:dlgMainMenu:2827	prototype to replace	none; resource binding pending	Language-specific resource mnemonic.
mnemonic			RUSSIAN	Ф	RUSSIAN:Menu:dlgWkzMenuBar:2832	prototype to replace	none; resource binding pending	Language-specific resource mnemonic.
mnemonic			RUSSIAN	Н	RUSSIAN:Menu:dlgWkzMenuBar:2833	prototype to replace	none; resource binding pending	Language-specific resource mnemonic.
mnemonic			RUSSIAN	О	RUSSIAN:Menu:dlgWkzMenuBar:2834	prototype to replace	none; resource binding pending	Language-specific resource mnemonic.
mnemonic			RUSSIAN	З	RUSSIAN:Menu:dlgWkzMenuBar:2835	prototype to replace	none; resource binding pending	Language-specific resource mnemonic.
mnemonic			RUSSIAN	а	RUSSIAN:Menu:dlgWkzMenuBar:2836	prototype to replace	none; resource binding pending	Language-specific resource mnemonic.
mnemonic			RUSSIAN	П	RUSSIAN:Menu:dlgWkzMenuBar:2837	prototype to replace	none; resource binding pending	Language-specific resource mnemonic.
mnemonic			RUSSIAN	И	RUSSIAN:Menu:dlgWkzMenuBar:2838	prototype to replace	none; resource binding pending	Language-specific resource mnemonic.
mnemonic			RUSSIAN	Т	RUSSIAN:Menu:dlgWkzMenuBar:2839	prototype to replace	none; resource binding pending	Language-specific resource mnemonic.
mnemonic			RUSSIAN	C	RUSSIAN:Menu:dlgWkzMenuBar:2839	prototype to replace	none; resource binding pending	Language-specific resource mnemonic.
mnemonic			RUSSIAN	D	RUSSIAN:Menu:dlgWkzMenuBar:2840	prototype to replace	none; resource binding pending	Language-specific resource mnemonic.
mnemonic			RUSSIAN	Э	RUSSIAN:Menu:dlgWkzMenuBar:2842	prototype to replace	none; resource binding pending	Language-specific resource mnemonic.
mnemonic			RUSSIAN	C	RUSSIAN:Menu:dlgWkzMenuBar:2843	prototype to replace	none; resource binding pending	Language-specific resource mnemonic.
mnemonic			RUSSIAN	D	RUSSIAN:Menu:dlgWkzMenuBar:2844	prototype to replace	none; resource binding pending	Language-specific resource mnemonic.
mnemonic			RUSSIAN	X	RUSSIAN:Menu:dlgWkzMenuBar:2845	prototype to replace	none; resource binding pending	Language-specific resource mnemonic.
mnemonic			RUSSIAN	Г	RUSSIAN:Menu:dlgWkzMenuBar:2848	prototype to replace	none; resource binding pending	Language-specific resource mnemonic.
mnemonic			RUSSIAN	В	RUSSIAN:Menu:dlgWkzMenuBar:2850	prototype to replace	none; resource binding pending	Language-specific resource mnemonic.
mnemonic			RUSSIAN	Р	RUSSIAN:Menu:dlgWkzMenuBar:2852	prototype to replace	none; resource binding pending	Language-specific resource mnemonic.
mnemonic			RUSSIAN	В	RUSSIAN:Menu:dlgWkzMenuBar:2853	prototype to replace	none; resource binding pending	Language-specific resource mnemonic.
mnemonic			RUSSIAN	ы	RUSSIAN:Menu:dlgWkzMenuBar:2855	prototype to replace	none; resource binding pending	Language-specific resource mnemonic.
mnemonic			RUSSIAN	К	RUSSIAN:Menu:dlgWkzMenuBar:2856	prototype to replace	none; resource binding pending	Language-specific resource mnemonic.
mnemonic			RUSSIAN	с	RUSSIAN:Menu:dlgWkzMenuBar:2857	prototype to replace	none; resource binding pending	Language-specific resource mnemonic.
mnemonic			RUSSIAN	т	RUSSIAN:Menu:dlgWkzMenuBar:2859	prototype to replace	none; resource binding pending	Language-specific resource mnemonic.
mnemonic			RUSSIAN	П	RUSSIAN:Menu:dlgWkzMenuBar:2861	prototype to replace	none; resource binding pending	Language-specific resource mnemonic.
mnemonic			RUSSIAN	И	RUSSIAN:Menu:dlgWkzMenuBar:2862	prototype to replace	none; resource binding pending	Language-specific resource mnemonic.
mnemonic			RUSSIAN	З	RUSSIAN:Menu:dlgWkzMenuBar:2863	prototype to replace	none; resource binding pending	Language-specific resource mnemonic.
mnemonic			RUSSIAN	П	RUSSIAN:Menu:dlgWkzMenuBar:2864	prototype to replace	none; resource binding pending	Language-specific resource mnemonic.
mnemonic			RUSSIAN	Я	RUSSIAN:Menu:dlgWkzMenuBar:2865	prototype to replace	none; resource binding pending	Language-specific resource mnemonic.
mnemonic			RUSSIAN	о	RUSSIAN:Menu:dlgWkzMenuBar:2866	prototype to replace	none; resource binding pending	Language-specific resource mnemonic.
mnemonic			RUSSIAN	Т	RUSSIAN:Menu:dlgWkzMenuBar:2868	prototype to replace	none; resource binding pending	Language-specific resource mnemonic.
mnemonic			RUSSIAN	Ф	RUSSIAN:Menu:dlgWkzMenuBar:2869	prototype to replace	none; resource binding pending	Language-specific resource mnemonic.
mnemonic			RUSSIAN	и	RUSSIAN:Menu:dlgWkzMenuBar:2870	prototype to replace	none; resource binding pending	Language-specific resource mnemonic.
mnemonic			RUSSIAN	Р	RUSSIAN:Menu:dlgWkzMenuBar:2871	prototype to replace	none; resource binding pending	Language-specific resource mnemonic.
mnemonic			RUSSIAN	В	RUSSIAN:Menu:dlgWkzMenuBar:2873	prototype to replace	none; resource binding pending	Language-specific resource mnemonic.
mnemonic			RUSSIAN	с	RUSSIAN:Menu:dlgWkzMenuBar:2874	prototype to replace	none; resource binding pending	Language-specific resource mnemonic.
mnemonic			RUSSIAN	У	RUSSIAN:Menu:dlgWkzMenuBar:2875	prototype to replace	none; resource binding pending	Language-specific resource mnemonic.
mnemonic			RUSSIAN	д	RUSSIAN:Menu:dlgWkzMenuBar:2876	prototype to replace	none; resource binding pending	Language-specific resource mnemonic.
mnemonic			RUSSIAN	В	RUSSIAN:DIALOG:dlgPhoneBook:2882	prototype to replace	none; resource binding pending	Language-specific resource mnemonic.
mnemonic			RUSSIAN	В	RUSSIAN:DIALOG:dlgPhoneBook:2883	prototype to replace	none; resource binding pending	Language-specific resource mnemonic.
mnemonic			RUSSIAN	Н	RUSSIAN:DIALOG:dlgPhoneBook:2884	prototype to replace	none; resource binding pending	Language-specific resource mnemonic.
mnemonic			RUSSIAN	Д	RUSSIAN:DIALOG:dlgPhoneBook:2885	prototype to replace	none; resource binding pending	Language-specific resource mnemonic.
mnemonic			RUSSIAN	И	RUSSIAN:DIALOG:dlgPhoneBook:2886	prototype to replace	none; resource binding pending	Language-specific resource mnemonic.
mnemonic			RUSSIAN	У	RUSSIAN:DIALOG:dlgPhoneBook:2887	prototype to replace	none; resource binding pending	Language-specific resource mnemonic.
mnemonic			RUSSIAN	С	RUSSIAN:DIALOG:dlgPhoneBook:2888	prototype to replace	none; resource binding pending	Language-specific resource mnemonic.
mnemonic			RUSSIAN	П	RUSSIAN:DIALOG:dlgPhoneBook:2889	prototype to replace	none; resource binding pending	Language-specific resource mnemonic.
mnemonic			RUSSIAN	м	RUSSIAN:DIALOG:dlgPhoneBook:2890	prototype to replace	none; resource binding pending	Language-specific resource mnemonic.
mnemonic			RUSSIAN	К	RUSSIAN:DIALOG:dlgPhoneBook:2891	prototype to replace	none; resource binding pending	Language-specific resource mnemonic.
mnemonic			RUSSIAN	Н	RUSSIAN:DIALOG:dlgManualDial:2898	prototype to replace	none; resource binding pending	Language-specific resource mnemonic.
mnemonic			RUSSIAN	К	RUSSIAN:DIALOG:dlgManualDial:2899	prototype to replace	none; resource binding pending	Language-specific resource mnemonic.
mnemonic			RUSSIAN	щ	RUSSIAN:DIALOG:dlgManualDial:2901	prototype to replace	none; resource binding pending	Language-specific resource mnemonic.
mnemonic			RUSSIAN	D	RUSSIAN:DIALOG:dlgCalculator:2909	prototype to replace	none; resource binding pending	Language-specific resource mnemonic.
mnemonic			RUSSIAN	H	RUSSIAN:DIALOG:dlgCalculator:2910	prototype to replace	none; resource binding pending	Language-specific resource mnemonic.
mnemonic			RUSSIAN	B	RUSSIAN:DIALOG:dlgCalculator:2911	prototype to replace	none; resource binding pending	Language-specific resource mnemonic.
mnemonic			RUSSIAN	O	RUSSIAN:DIALOG:dlgCalculator:2912	prototype to replace	none; resource binding pending	Language-specific resource mnemonic.
mnemonic			RUSSIAN	E	RUSSIAN:DIALOG:dlgCalculator:2913	prototype to replace	none; resource binding pending	Language-specific resource mnemonic.
mnemonic			RUSSIAN	T	RUSSIAN:DIALOG:dlgCalculator:2914	prototype to replace	none; resource binding pending	Language-specific resource mnemonic.
mnemonic			RUSSIAN	Ф	RUSSIAN:DIALOG:dlgCalculator:2916	prototype to replace	none; resource binding pending	Language-specific resource mnemonic.
mnemonic			RUSSIAN	ч	RUSSIAN:DIALOG:dlgCalculator:2917	prototype to replace	none; resource binding pending	Language-specific resource mnemonic.
mnemonic			RUSSIAN	С	RUSSIAN:DIALOG:dlgCalculator:2918	prototype to replace	none; resource binding pending	Language-specific resource mnemonic.
mnemonic			RUSSIAN	щ	RUSSIAN:DIALOG:dlgCalculator:2921	prototype to replace	none; resource binding pending	Language-specific resource mnemonic.
mnemonic			RUSSIAN	D	RUSSIAN:DIALOG:dlgCalcFormat:2926	prototype to replace	none; resource binding pending	Language-specific resource mnemonic.
mnemonic			RUSSIAN	H	RUSSIAN:DIALOG:dlgCalcFormat:2929	prototype to replace	none; resource binding pending	Language-specific resource mnemonic.
mnemonic			RUSSIAN	B	RUSSIAN:DIALOG:dlgCalcFormat:2932	prototype to replace	none; resource binding pending	Language-specific resource mnemonic.
mnemonic			RUSSIAN	O	RUSSIAN:DIALOG:dlgCalcFormat:2935	prototype to replace	none; resource binding pending	Language-specific resource mnemonic.
mnemonic			RUSSIAN	E	RUSSIAN:DIALOG:dlgCalcFormat:2938	prototype to replace	none; resource binding pending	Language-specific resource mnemonic.
mnemonic			RUSSIAN	T	RUSSIAN:DIALOG:dlgCalcFormat:2941	prototype to replace	none; resource binding pending	Language-specific resource mnemonic.
mnemonic			RUSSIAN	К	RUSSIAN:DIALOG:dlgCalcFormat:2943	prototype to replace	none; resource binding pending	Language-specific resource mnemonic.
mnemonic			RUSSIAN	К	RUSSIAN:DIALOG:dlgWindowManager:2949	prototype to replace	none; resource binding pending	Language-specific resource mnemonic.
mnemonic			RUSSIAN	З	RUSSIAN:DIALOG:dlgWindowManager:2950	prototype to replace	none; resource binding pending	Language-specific resource mnemonic.
mnemonic			RUSSIAN	щ	RUSSIAN:DIALOG:dlgWindowManager:2952	prototype to replace	none; resource binding pending	Language-specific resource mnemonic.
mnemonic			RUSSIAN	М	RUSSIAN:DIALOG:dlgVolumeLabel:2958	prototype to replace	none; resource binding pending	Language-specific resource mnemonic.
mnemonic			RUSSIAN	К	RUSSIAN:DIALOG:dlgVolumeLabel:2959	prototype to replace	none; resource binding pending	Language-specific resource mnemonic.
mnemonic			RUSSIAN	З	RUSSIAN:DIALOG:dlgEditEnvironment:2967	prototype to replace	none; resource binding pending	Language-specific resource mnemonic.
mnemonic			RUSSIAN	К	RUSSIAN:DIALOG:dlgEditEnvironment:2968	prototype to replace	none; resource binding pending	Language-specific resource mnemonic.
mnemonic			RUSSIAN	Н	RUSSIAN:DIALOG:dlgEditEnvironment:2969	prototype to replace	none; resource binding pending	Language-specific resource mnemonic.
mnemonic			RUSSIAN	Д	RUSSIAN:DIALOG:dlgEditEnvironment:2970	prototype to replace	none; resource binding pending	Language-specific resource mnemonic.
mnemonic			RUSSIAN	У	RUSSIAN:DIALOG:dlgEditEnvironment:2971	prototype to replace	none; resource binding pending	Language-specific resource mnemonic.
mnemonic			RUSSIAN	щ	RUSSIAN:DIALOG:dlgEditEnvironment:2973	prototype to replace	none; resource binding pending	Language-specific resource mnemonic.
mnemonic			RUSSIAN	К	RUSSIAN:DIALOG:dlgTetrisWinner:2980	prototype to replace	none; resource binding pending	Language-specific resource mnemonic.
mnemonic			RUSSIAN	щ	RUSSIAN:DIALOG:dlgTetrisWinner:2982	prototype to replace	none; resource binding pending	Language-specific resource mnemonic.
mnemonic			RUSSIAN	а	RUSSIAN:DIALOG:dlgSplitFile:2989	prototype to replace	none; resource binding pending	Language-specific resource mnemonic.
mnemonic			RUSSIAN	в	RUSSIAN:DIALOG:dlgSplitFile:2992	prototype to replace	none; resource binding pending	Language-specific resource mnemonic.
mnemonic			RUSSIAN	П	RUSSIAN:DIALOG:dlgSplitFile:2993	prototype to replace	none; resource binding pending	Language-specific resource mnemonic.
mnemonic			RUSSIAN	С	RUSSIAN:DIALOG:dlgSplitFile:2994	prototype to replace	none; resource binding pending	Language-specific resource mnemonic.
mnemonic			RUSSIAN	з	RUSSIAN:DIALOG:dlgSplitFile:2998	prototype to replace	none; resource binding pending	Language-specific resource mnemonic.
mnemonic			RUSSIAN	Ч	RUSSIAN:DIALOG:dlgSplitFile:3001	prototype to replace	none; resource binding pending	Language-specific resource mnemonic.
mnemonic			RUSSIAN	К	RUSSIAN:DIALOG:dlgSplitFile:3003	prototype to replace	none; resource binding pending	Language-specific resource mnemonic.
mnemonic			RUSSIAN	Д	RUSSIAN:DIALOG:dlgSplitFile:3005	prototype to replace	none; resource binding pending	Language-specific resource mnemonic.
mnemonic			RUSSIAN	щ	RUSSIAN:DIALOG:dlgSplitFile:3006	prototype to replace	none; resource binding pending	Language-specific resource mnemonic.
mnemonic			RUSSIAN	а	RUSSIAN:DIALOG:dlgCombineFile:3013	prototype to replace	none; resource binding pending	Language-specific resource mnemonic.
mnemonic			RUSSIAN	К	RUSSIAN:DIALOG:dlgCombineFile:3014	prototype to replace	none; resource binding pending	Language-specific resource mnemonic.
mnemonic			RUSSIAN	Д	RUSSIAN:DIALOG:dlgCombineFile:3016	prototype to replace	none; resource binding pending	Language-specific resource mnemonic.
mnemonic			RUSSIAN	щ	RUSSIAN:DIALOG:dlgCombineFile:3017	prototype to replace	none; resource binding pending	Language-specific resource mnemonic.
mnemonic			RUSSIAN	K	RUSSIAN:DIALOG:dlgNextSection:3024	prototype to replace	none; resource binding pending	Language-specific resource mnemonic.
mnemonic			RUSSIAN	Д	RUSSIAN:DIALOG:dlgNextSection:3026	prototype to replace	none; resource binding pending	Language-specific resource mnemonic.
mnemonic			RUSSIAN	щ	RUSSIAN:DIALOG:dlgNextSection:3027	prototype to replace	none; resource binding pending	Language-specific resource mnemonic.
mnemonic			RUSSIAN	К	RUSSIAN:DIALOG:dlgPentixTop10:3032	prototype to replace	none; resource binding pending	Language-specific resource mnemonic.
mnemonic			RUSSIAN	К	RUSSIAN:DIALOG:dlgTetrisTop10:3038	prototype to replace	none; resource binding pending	Language-specific resource mnemonic.
mnemonic			RUSSIAN	П	RUSSIAN:DIALOG:dlgUUDecode:3045	prototype to replace	none; resource binding pending	Language-specific resource mnemonic.
mnemonic			RUSSIAN	р	RUSSIAN:DIALOG:dlgUUDecode:3047	prototype to replace	none; resource binding pending	Language-specific resource mnemonic.
mnemonic			RUSSIAN	В	RUSSIAN:DIALOG:dlgUUDecode:3048	prototype to replace	none; resource binding pending	Language-specific resource mnemonic.
mnemonic			RUSSIAN	С	RUSSIAN:DIALOG:dlgUUDecode:3049	prototype to replace	none; resource binding pending	Language-specific resource mnemonic.
mnemonic			RUSSIAN	К	RUSSIAN:DIALOG:dlgUUDecode:3051	prototype to replace	none; resource binding pending	Language-specific resource mnemonic.
mnemonic			RUSSIAN	Д	RUSSIAN:DIALOG:dlgUUDecode:3053	prototype to replace	none; resource binding pending	Language-specific resource mnemonic.
mnemonic			RUSSIAN	щ	RUSSIAN:DIALOG:dlgUUDecode:3054	prototype to replace	none; resource binding pending	Language-specific resource mnemonic.
mnemonic			RUSSIAN	К	RUSSIAN:DIALOG:dlgUUEncode:3060	prototype to replace	none; resource binding pending	Language-specific resource mnemonic.
mnemonic			RUSSIAN	з	RUSSIAN:DIALOG:dlgUUEncode:3062	prototype to replace	none; resource binding pending	Language-specific resource mnemonic.
mnemonic			RUSSIAN	ц	RUSSIAN:DIALOG:dlgUUEncode:3063	prototype to replace	none; resource binding pending	Language-specific resource mnemonic.
mnemonic			RUSSIAN	т	RUSSIAN:DIALOG:dlgUUEncode:3064	prototype to replace	none; resource binding pending	Language-specific resource mnemonic.
mnemonic			RUSSIAN	ф	RUSSIAN:DIALOG:dlgUUEncode:3066	prototype to replace	none; resource binding pending	Language-specific resource mnemonic.
mnemonic			RUSSIAN	Н	RUSSIAN:DIALOG:dlgUUEncode:3068	prototype to replace	none; resource binding pending	Language-specific resource mnemonic.
mnemonic			RUSSIAN	г	RUSSIAN:DIALOG:dlgUUEncode:3069	prototype to replace	none; resource binding pending	Language-specific resource mnemonic.
mnemonic			RUSSIAN	ж	RUSSIAN:DIALOG:dlgUUEncode:3070	prototype to replace	none; resource binding pending	Language-specific resource mnemonic.
mnemonic			RUSSIAN	л	RUSSIAN:DIALOG:dlgUUEncode:3071	prototype to replace	none; resource binding pending	Language-specific resource mnemonic.
mnemonic			RUSSIAN	6	RUSSIAN:DIALOG:dlgUUEncode:3072	prototype to replace	none; resource binding pending	Language-specific resource mnemonic.
mnemonic			RUSSIAN	ы	RUSSIAN:DIALOG:dlgUUEncode:3074	prototype to replace	none; resource binding pending	Language-specific resource mnemonic.
mnemonic			RUSSIAN	С	RUSSIAN:DIALOG:dlgUUEncode:3076	prototype to replace	none; resource binding pending	Language-specific resource mnemonic.
mnemonic			RUSSIAN	D	RUSSIAN:DIALOG:dlgUUEncode:3079	prototype to replace	none; resource binding pending	Language-specific resource mnemonic.
mnemonic			RUSSIAN	U	RUSSIAN:DIALOG:dlgUUEncode:3080	prototype to replace	none; resource binding pending	Language-specific resource mnemonic.
mnemonic			RUSSIAN	В	RUSSIAN:DIALOG:dlgUUEncode:3083	prototype to replace	none; resource binding pending	Language-specific resource mnemonic.
mnemonic			RUSSIAN	К	RUSSIAN:DIALOG:dlgUUEncode:3085	prototype to replace	none; resource binding pending	Language-specific resource mnemonic.
mnemonic			RUSSIAN	Д	RUSSIAN:DIALOG:dlgUUEncode:3087	prototype to replace	none; resource binding pending	Language-specific resource mnemonic.
mnemonic			RUSSIAN	щ	RUSSIAN:DIALOG:dlgUUEncode:3088	prototype to replace	none; resource binding pending	Language-specific resource mnemonic.
mnemonic			RUSSIAN	в	RUSSIAN:DIALOG:dlgOverwriteQuery:3094	prototype to replace	none; resource binding pending	Language-specific resource mnemonic.
mnemonic			RUSSIAN	в	RUSSIAN:DIALOG:dlgOverwriteQuery:3094	prototype to replace	none; resource binding pending	Language-specific resource mnemonic.
mnemonic			RUSSIAN	П	RUSSIAN:DIALOG:dlgOverwriteQuery:3096	prototype to replace	none; resource binding pending	Language-specific resource mnemonic.
mnemonic			RUSSIAN	Д	RUSSIAN:DIALOG:dlgOverwriteQuery:3097	prototype to replace	none; resource binding pending	Language-specific resource mnemonic.
mnemonic			RUSSIAN	И	RUSSIAN:DIALOG:dlgOverwriteQuery:3099	prototype to replace	none; resource binding pending	Language-specific resource mnemonic.
mnemonic			RUSSIAN	р	RUSSIAN:DIALOG:dlgOverwriteQuery:3100	prototype to replace	none; resource binding pending	Language-specific resource mnemonic.
mnemonic			RUSSIAN	К	RUSSIAN:DIALOG:dlgAppendQuery:3120	prototype to replace	none; resource binding pending	Language-specific resource mnemonic.
mnemonic			RUSSIAN	С	RUSSIAN:DIALOG:dlgAppendQuery:3121	prototype to replace	none; resource binding pending	Language-specific resource mnemonic.
mnemonic			RUSSIAN	Ф	RUSSIAN:DIALOG:dlgAdvancedFilter:3128	prototype to replace	none; resource binding pending	Language-specific resource mnemonic.
mnemonic			RUSSIAN	Р	RUSSIAN:DIALOG:dlgAdvancedFilter:3131	prototype to replace	none; resource binding pending	Language-specific resource mnemonic.
mnemonic			RUSSIAN	Д	RUSSIAN:DIALOG:dlgAdvancedFilter:3132	prototype to replace	none; resource binding pending	Language-specific resource mnemonic.
mnemonic			RUSSIAN	O	RUSSIAN:DIALOG:dlgAdvancedFilter:3133	prototype to replace	none; resource binding pending	Language-specific resource mnemonic.
mnemonic			RUSSIAN	К	RUSSIAN:DIALOG:dlgAdvancedFilter:3135	prototype to replace	none; resource binding pending	Language-specific resource mnemonic.
mnemonic			RUSSIAN	З	RUSSIAN:DIALOG:dlgAdvancedFilter:3136	prototype to replace	none; resource binding pending	Language-specific resource mnemonic.
mnemonic			RUSSIAN	И	RUSSIAN:DIALOG:dlgViewerFind:3142	prototype to replace	none; resource binding pending	Language-specific resource mnemonic.
mnemonic			RUSSIAN	Ш	RUSSIAN:DIALOG:dlgViewerFind:3144	prototype to replace	none; resource binding pending	Language-specific resource mnemonic.
mnemonic			RUSSIAN	Р	RUSSIAN:DIALOG:dlgViewerFind:3147	prototype to replace	none; resource binding pending	Language-specific resource mnemonic.
mnemonic			RUSSIAN	р	RUSSIAN:DIALOG:dlgViewerFind:3147	prototype to replace	none; resource binding pending	Language-specific resource mnemonic.
mnemonic			RUSSIAN	с	RUSSIAN:DIALOG:dlgViewerFind:3148	prototype to replace	none; resource binding pending	Language-specific resource mnemonic.
mnemonic			RUSSIAN	В	RUSSIAN:DIALOG:dlgViewerFind:3149	prototype to replace	none; resource binding pending	Language-specific resource mnemonic.
mnemonic			RUSSIAN	г	RUSSIAN:DIALOG:dlgViewerFind:3151	prototype to replace	none; resource binding pending	Language-specific resource mnemonic.
mnemonic			RUSSIAN	В	RUSSIAN:DIALOG:dlgViewerFind:3157	prototype to replace	none; resource binding pending	Language-specific resource mnemonic.
mnemonic			RUSSIAN	Н	RUSSIAN:DIALOG:dlgViewerFind:3158	prototype to replace	none; resource binding pending	Language-specific resource mnemonic.
mnemonic			RUSSIAN	O	RUSSIAN:DIALOG:dlgViewerFind:3162	prototype to replace	none; resource binding pending	Language-specific resource mnemonic.
mnemonic			RUSSIAN	щ	RUSSIAN:DIALOG:dlgViewerFind:3164	prototype to replace	none; resource binding pending	Language-specific resource mnemonic.
mnemonic			RUSSIAN	И	RUSSIAN:DIALOG:dlgPanelSortSetup:3170	prototype to replace	none; resource binding pending	Language-specific resource mnemonic.
mnemonic			RUSSIAN	Р	RUSSIAN:DIALOG:dlgPanelSortSetup:3171	prototype to replace	none; resource binding pending	Language-specific resource mnemonic.
mnemonic			RUSSIAN	а	RUSSIAN:DIALOG:dlgPanelSortSetup:3172	prototype to replace	none; resource binding pending	Language-specific resource mnemonic.
mnemonic			RUSSIAN	В	RUSSIAN:DIALOG:dlgPanelSortSetup:3173	prototype to replace	none; resource binding pending	Language-specific resource mnemonic.
mnemonic			RUSSIAN	с	RUSSIAN:DIALOG:dlgPanelSortSetup:3174	prototype to replace	none; resource binding pending	Language-specific resource mnemonic.
mnemonic			RUSSIAN	д	RUSSIAN:DIALOG:dlgPanelSortSetup:3175	prototype to replace	none; resource binding pending	Language-specific resource mnemonic.
mnemonic			RUSSIAN	О	RUSSIAN:DIALOG:dlgPanelSortSetup:3176	prototype to replace	none; resource binding pending	Language-specific resource mnemonic.
mnemonic			RUSSIAN	Н	RUSSIAN:DIALOG:dlgPanelSortSetup:3177	prototype to replace	none; resource binding pending	Language-specific resource mnemonic.
mnemonic			RUSSIAN	п	RUSSIAN:DIALOG:dlgPanelSortSetup:3181	prototype to replace	none; resource binding pending	Language-specific resource mnemonic.
mnemonic			RUSSIAN	г	RUSSIAN:DIALOG:dlgPanelSortSetup:3182	prototype to replace	none; resource binding pending	Language-specific resource mnemonic.
mnemonic			RUSSIAN	б	RUSSIAN:DIALOG:dlgPanelSortSetup:3183	prototype to replace	none; resource binding pending	Language-specific resource mnemonic.
mnemonic			RUSSIAN	т	RUSSIAN:DIALOG:dlgPanelSortSetup:3184	prototype to replace	none; resource binding pending	Language-specific resource mnemonic.
mnemonic			RUSSIAN	1	RUSSIAN:DIALOG:dlgPanelSortSetup:3195	prototype to replace	none; resource binding pending	Language-specific resource mnemonic.
mnemonic			RUSSIAN	2	RUSSIAN:DIALOG:dlgPanelSortSetup:3203	prototype to replace	none; resource binding pending	Language-specific resource mnemonic.
mnemonic			RUSSIAN	3	RUSSIAN:DIALOG:dlgPanelSortSetup:3211	prototype to replace	none; resource binding pending	Language-specific resource mnemonic.
mnemonic			RUSSIAN	4	RUSSIAN:DIALOG:dlgPanelSortSetup:3219	prototype to replace	none; resource binding pending	Language-specific resource mnemonic.
mnemonic			RUSSIAN	З	RUSSIAN:DIALOG:dlgPanelSortSetup:3226	prototype to replace	none; resource binding pending	Language-specific resource mnemonic.
mnemonic			RUSSIAN	К	RUSSIAN:DIALOG:dlgPanelSortSetup:3227	prototype to replace	none; resource binding pending	Language-specific resource mnemonic.
mnemonic			RUSSIAN	щ	RUSSIAN:DIALOG:dlgPanelSortSetup:3229	prototype to replace	none; resource binding pending	Language-specific resource mnemonic.
mnemonic			RUSSIAN	-	RUSSIAN:DIALOG:dlgFMSetup:3236	prototype to replace	none; resource binding pending	Language-specific resource mnemonic.
mnemonic			RUSSIAN	т	RUSSIAN:DIALOG:dlgFMSetup:3237	prototype to replace	none; resource binding pending	Language-specific resource mnemonic.
mnemonic			RUSSIAN	о	RUSSIAN:DIALOG:dlgFMSetup:3238	prototype to replace	none; resource binding pending	Language-specific resource mnemonic.
mnemonic			RUSSIAN	В	RUSSIAN:DIALOG:dlgFMSetup:3239	prototype to replace	none; resource binding pending	Language-specific resource mnemonic.
mnemonic			RUSSIAN	В	RUSSIAN:DIALOG:dlgFMSetup:3239	prototype to replace	none; resource binding pending	Language-specific resource mnemonic.
mnemonic			RUSSIAN	П	RUSSIAN:DIALOG:dlgFMSetup:3240	prototype to replace	none; resource binding pending	Language-specific resource mnemonic.
mnemonic			RUSSIAN	у	RUSSIAN:DIALOG:dlgFMSetup:3241	prototype to replace	none; resource binding pending	Language-specific resource mnemonic.
mnemonic			RUSSIAN	/	RUSSIAN:DIALOG:dlgFMSetup:3242	prototype to replace	none; resource binding pending	Language-specific resource mnemonic.
mnemonic			RUSSIAN	з	RUSSIAN:DIALOG:dlgFMSetup:3243	prototype to replace	none; resource binding pending	Language-specific resource mnemonic.
mnemonic			RUSSIAN	ы	RUSSIAN:DIALOG:dlgFMSetup:3262	prototype to replace	none; resource binding pending	Language-specific resource mnemonic.
mnemonic			RUSSIAN	д	RUSSIAN:DIALOG:dlgFMSetup:3275	prototype to replace	none; resource binding pending	Language-specific resource mnemonic.
mnemonic			RUSSIAN	м	RUSSIAN:DIALOG:dlgFMSetup:3308	prototype to replace	none; resource binding pending	Language-specific resource mnemonic.
mnemonic			RUSSIAN	б	RUSSIAN:DIALOG:dlgFMSetup:3311	prototype to replace	none; resource binding pending	Language-specific resource mnemonic.
mnemonic			RUSSIAN	Ф	RUSSIAN:DIALOG:dlgFMSetup:3315	prototype to replace	none; resource binding pending	Language-specific resource mnemonic.
mnemonic			RUSSIAN	н	RUSSIAN:DIALOG:dlgFMSetup:3330	prototype to replace	none; resource binding pending	Language-specific resource mnemonic.
mnemonic			RUSSIAN	Л	RUSSIAN:DIALOG:dlgFMSetup:3339	prototype to replace	none; resource binding pending	Language-specific resource mnemonic.
mnemonic			RUSSIAN	К	RUSSIAN:DIALOG:dlgFMSetup:3341	prototype to replace	none; resource binding pending	Language-specific resource mnemonic.
mnemonic			RUSSIAN	щ	RUSSIAN:DIALOG:dlgFMSetup:3343	prototype to replace	none; resource binding pending	Language-specific resource mnemonic.
mnemonic			RUSSIAN	О	RUSSIAN:DIALOG:dlgDriveInfoSetup:3349	prototype to replace	none; resource binding pending	Language-specific resource mnemonic.
mnemonic			RUSSIAN	И	RUSSIAN:DIALOG:dlgDriveInfoSetup:3350	prototype to replace	none; resource binding pending	Language-specific resource mnemonic.
mnemonic			RUSSIAN	Р	RUSSIAN:DIALOG:dlgDriveInfoSetup:3351	prototype to replace	none; resource binding pending	Language-specific resource mnemonic.
mnemonic			RUSSIAN	С	RUSSIAN:DIALOG:dlgDriveInfoSetup:3352	prototype to replace	none; resource binding pending	Language-specific resource mnemonic.
mnemonic			RUSSIAN	М	RUSSIAN:DIALOG:dlgDriveInfoSetup:3353	prototype to replace	none; resource binding pending	Language-specific resource mnemonic.
mnemonic			RUSSIAN	р	RUSSIAN:DIALOG:dlgDriveInfoSetup:3355	prototype to replace	none; resource binding pending	Language-specific resource mnemonic.
mnemonic			RUSSIAN	й	RUSSIAN:DIALOG:dlgDriveInfoSetup:3356	prototype to replace	none; resource binding pending	Language-specific resource mnemonic.
mnemonic			RUSSIAN	п	RUSSIAN:DIALOG:dlgDriveInfoSetup:3358	prototype to replace	none; resource binding pending	Language-specific resource mnemonic.
mnemonic			RUSSIAN	В	RUSSIAN:DIALOG:dlgDriveInfoSetup:3360	prototype to replace	none; resource binding pending	Language-specific resource mnemonic.
mnemonic			RUSSIAN	Е	RUSSIAN:DIALOG:dlgDriveInfoSetup:3362	prototype to replace	none; resource binding pending	Language-specific resource mnemonic.
mnemonic			RUSSIAN	Х	RUSSIAN:DIALOG:dlgDriveInfoSetup:3363	prototype to replace	none; resource binding pending	Language-specific resource mnemonic.
mnemonic			RUSSIAN	Ф	RUSSIAN:DIALOG:dlgDriveInfoSetup:3365	prototype to replace	none; resource binding pending	Language-specific resource mnemonic.
mnemonic			RUSSIAN	К	RUSSIAN:DIALOG:dlgDriveInfoSetup:3368	prototype to replace	none; resource binding pending	Language-specific resource mnemonic.
mnemonic			RUSSIAN	щ	RUSSIAN:DIALOG:dlgDriveInfoSetup:3370	prototype to replace	none; resource binding pending	Language-specific resource mnemonic.
mnemonic			RUSSIAN	з	RUSSIAN:DIALOG:dlgStartupSetup:3376	prototype to replace	none; resource binding pending	Language-specific resource mnemonic.
mnemonic			RUSSIAN	В	RUSSIAN:DIALOG:dlgStartupSetup:3377	prototype to replace	none; resource binding pending	Language-specific resource mnemonic.
mnemonic			RUSSIAN	в	RUSSIAN:DIALOG:dlgStartupSetup:3377	prototype to replace	none; resource binding pending	Language-specific resource mnemonic.
mnemonic			RUSSIAN	У	RUSSIAN:DIALOG:dlgStartupSetup:3378	prototype to replace	none; resource binding pending	Language-specific resource mnemonic.
mnemonic			RUSSIAN	п	RUSSIAN:DIALOG:dlgStartupSetup:3380	prototype to replace	none; resource binding pending	Language-specific resource mnemonic.
mnemonic			RUSSIAN	ы	RUSSIAN:DIALOG:dlgStartupSetup:3386	prototype to replace	none; resource binding pending	Language-specific resource mnemonic.
mnemonic			RUSSIAN	с	RUSSIAN:DIALOG:dlgStartupSetup:3387	prototype to replace	none; resource binding pending	Language-specific resource mnemonic.
mnemonic			RUSSIAN	м	RUSSIAN:DIALOG:dlgStartupSetup:3388	prototype to replace	none; resource binding pending	Language-specific resource mnemonic.
mnemonic			RUSSIAN	т	RUSSIAN:DIALOG:dlgStartupSetup:3389	prototype to replace	none; resource binding pending	Language-specific resource mnemonic.
mnemonic			RUSSIAN	В	RUSSIAN:DIALOG:dlgStartupSetup:3390	prototype to replace	none; resource binding pending	Language-specific resource mnemonic.
mnemonic			RUSSIAN	К	RUSSIAN:DIALOG:dlgStartupSetup:3395	prototype to replace	none; resource binding pending	Language-specific resource mnemonic.
mnemonic			RUSSIAN	Ф	RUSSIAN:DIALOG:dlgArvidFileFind:3402	prototype to replace	none; resource binding pending	Language-specific resource mnemonic.
mnemonic			RUSSIAN	О	RUSSIAN:DIALOG:dlgArvidFileFind:3404	prototype to replace	none; resource binding pending	Language-specific resource mnemonic.
mnemonic			RUSSIAN	а	RUSSIAN:DIALOG:dlgArvidFileFind:3406	prototype to replace	none; resource binding pending	Language-specific resource mnemonic.
mnemonic			RUSSIAN	П	RUSSIAN:DIALOG:dlgArvidFileFind:3407	prototype to replace	none; resource binding pending	Language-specific resource mnemonic.
mnemonic			RUSSIAN	К	RUSSIAN:DIALOG:dlgArvidFileFind:3410	prototype to replace	none; resource binding pending	Language-specific resource mnemonic.
mnemonic			RUSSIAN	ш	RUSSIAN:DIALOG:dlgArvidFileFind:3411	prototype to replace	none; resource binding pending	Language-specific resource mnemonic.
mnemonic			RUSSIAN	щ	RUSSIAN:DIALOG:dlgArvidFileFind:3413	prototype to replace	none; resource binding pending	Language-specific resource mnemonic.
mnemonic			RUSSIAN	П	RUSSIAN:Dialog:dlgArvidFindResults:3418	prototype to replace	none; resource binding pending	Language-specific resource mnemonic.
mnemonic			RUSSIAN	С	RUSSIAN:Dialog:dlgArvidFindResults:3419	prototype to replace	none; resource binding pending	Language-specific resource mnemonic.
mnemonic			RUSSIAN	р	RUSSIAN:DIALOG:dlgSystemSetup:3426	prototype to replace	none; resource binding pending	Language-specific resource mnemonic.
mnemonic			RUSSIAN	ф	RUSSIAN:DIALOG:dlgSystemSetup:3427	prototype to replace	none; resource binding pending	Language-specific resource mnemonic.
mnemonic			RUSSIAN	Б	RUSSIAN:DIALOG:dlgSystemSetup:3429	prototype to replace	none; resource binding pending	Language-specific resource mnemonic.
mnemonic			RUSSIAN	О	RUSSIAN:DIALOG:dlgSystemSetup:3430	prototype to replace	none; resource binding pending	Language-specific resource mnemonic.
mnemonic			RUSSIAN	А	RUSSIAN:DIALOG:dlgSystemSetup:3431	prototype to replace	none; resource binding pending	Language-specific resource mnemonic.
mnemonic			RUSSIAN	н	RUSSIAN:DIALOG:dlgSystemSetup:3433	prototype to replace	none; resource binding pending	Language-specific resource mnemonic.
mnemonic			RUSSIAN	ш	RUSSIAN:DIALOG:dlgSystemSetup:3434	prototype to replace	none; resource binding pending	Language-specific resource mnemonic.
mnemonic			RUSSIAN	У	RUSSIAN:DIALOG:dlgSystemSetup:3439	prototype to replace	none; resource binding pending	Language-specific resource mnemonic.
mnemonic			RUSSIAN	1	RUSSIAN:DIALOG:dlgSystemSetup:3442	prototype to replace	none; resource binding pending	Language-specific resource mnemonic.
mnemonic			RUSSIAN	2	RUSSIAN:DIALOG:dlgSystemSetup:3444	prototype to replace	none; resource binding pending	Language-specific resource mnemonic.
mnemonic			RUSSIAN	В	RUSSIAN:DIALOG:dlgSystemSetup:3447	prototype to replace	none; resource binding pending	Language-specific resource mnemonic.
mnemonic			RUSSIAN	Д	RUSSIAN:DIALOG:dlgSystemSetup:3451	prototype to replace	none; resource binding pending	Language-specific resource mnemonic.
mnemonic			RUSSIAN	а	RUSSIAN:DIALOG:dlgSystemSetup:3454	prototype to replace	none; resource binding pending	Language-specific resource mnemonic.
mnemonic			RUSSIAN	м	RUSSIAN:DIALOG:dlgSystemSetup:3455	prototype to replace	none; resource binding pending	Language-specific resource mnemonic.
mnemonic			RUSSIAN	я	RUSSIAN:DIALOG:dlgSystemSetup:3456	prototype to replace	none; resource binding pending	Language-specific resource mnemonic.
mnemonic			RUSSIAN	т	RUSSIAN:DIALOG:dlgSystemSetup:3458	prototype to replace	none; resource binding pending	Language-specific resource mnemonic.
mnemonic			RUSSIAN	К	RUSSIAN:DIALOG:dlgSystemSetup:3466	prototype to replace	none; resource binding pending	Language-specific resource mnemonic.
mnemonic			RUSSIAN	щ	RUSSIAN:DIALOG:dlgSystemSetup:3468	prototype to replace	none; resource binding pending	Language-specific resource mnemonic.
mnemonic			RUSSIAN	8	RUSSIAN:DIALOG:dlgAdvancedCOMSetup:3474	prototype to replace	none; resource binding pending	Language-specific resource mnemonic.
mnemonic			RUSSIAN	7	RUSSIAN:DIALOG:dlgAdvancedCOMSetup:3475	prototype to replace	none; resource binding pending	Language-specific resource mnemonic.
mnemonic			RUSSIAN	6	RUSSIAN:DIALOG:dlgAdvancedCOMSetup:3476	prototype to replace	none; resource binding pending	Language-specific resource mnemonic.
mnemonic			RUSSIAN	5	RUSSIAN:DIALOG:dlgAdvancedCOMSetup:3477	prototype to replace	none; resource binding pending	Language-specific resource mnemonic.
mnemonic			RUSSIAN	1	RUSSIAN:DIALOG:dlgAdvancedCOMSetup:3481	prototype to replace	none; resource binding pending	Language-specific resource mnemonic.
mnemonic			RUSSIAN	2	RUSSIAN:DIALOG:dlgAdvancedCOMSetup:3482	prototype to replace	none; resource binding pending	Language-specific resource mnemonic.
mnemonic			RUSSIAN	N	RUSSIAN:DIALOG:dlgAdvancedCOMSetup:3486	prototype to replace	none; resource binding pending	Language-specific resource mnemonic.
mnemonic			RUSSIAN	O	RUSSIAN:DIALOG:dlgAdvancedCOMSetup:3487	prototype to replace	none; resource binding pending	Language-specific resource mnemonic.
mnemonic			RUSSIAN	E	RUSSIAN:DIALOG:dlgAdvancedCOMSetup:3488	prototype to replace	none; resource binding pending	Language-specific resource mnemonic.
mnemonic			RUSSIAN	M	RUSSIAN:DIALOG:dlgAdvancedCOMSetup:3489	prototype to replace	none; resource binding pending	Language-specific resource mnemonic.
mnemonic			RUSSIAN	S	RUSSIAN:DIALOG:dlgAdvancedCOMSetup:3490	prototype to replace	none; resource binding pending	Language-specific resource mnemonic.
mnemonic			RUSSIAN	C	RUSSIAN:DIALOG:dlgAdvancedCOMSetup:3494	prototype to replace	none; resource binding pending	Language-specific resource mnemonic.
mnemonic			RUSSIAN	D	RUSSIAN:DIALOG:dlgAdvancedCOMSetup:3495	prototype to replace	none; resource binding pending	Language-specific resource mnemonic.
mnemonic			RUSSIAN	X	RUSSIAN:DIALOG:dlgAdvancedCOMSetup:3500	prototype to replace	none; resource binding pending	Language-specific resource mnemonic.
mnemonic			RUSSIAN	К	RUSSIAN:DIALOG:dlgAdvancedCOMSetup:3503	prototype to replace	none; resource binding pending	Language-specific resource mnemonic.
mnemonic			RUSSIAN	щ	RUSSIAN:DIALOG:dlgAdvancedCOMSetup:3505	prototype to replace	none; resource binding pending	Language-specific resource mnemonic.
mnemonic			RUSSIAN	К	RUSSIAN:DIALOG:dlgCpuFlagInfo:3641	prototype to replace	none; resource binding pending	Language-specific resource mnemonic.
mnemonic			RUSSIAN	K	RUSSIAN:DIALOG:dlgFTNInfo:3652	prototype to replace	none; resource binding pending	Language-specific resource mnemonic.
mnemonic			RUSSIAN	K	RUSSIAN:DIALOG:dlgSrchFailed:3665	prototype to replace	none; resource binding pending	Language-specific resource mnemonic.
mnemonic			RUSSIAN	К	RUSSIAN:DIALOG:dlgSetupColumnsDisk:3858	prototype to replace	none; resource binding pending	Language-specific resource mnemonic.
mnemonic			RUSSIAN	щ	RUSSIAN:DIALOG:dlgSetupColumnsDisk:3860	prototype to replace	none; resource binding pending	Language-specific resource mnemonic.
mnemonic			RUSSIAN	К	RUSSIAN:DIALOG:dlgSetupColumnsFind:4039	prototype to replace	none; resource binding pending	Language-specific resource mnemonic.
mnemonic			RUSSIAN	щ	RUSSIAN:DIALOG:dlgSetupColumnsFind:4041	prototype to replace	none; resource binding pending	Language-specific resource mnemonic.
mnemonic			RUSSIAN	К	RUSSIAN:DIALOG:dlgSetupColumnsTemp:4220	prototype to replace	none; resource binding pending	Language-specific resource mnemonic.
mnemonic			RUSSIAN	щ	RUSSIAN:DIALOG:dlgSetupColumnsTemp:4222	prototype to replace	none; resource binding pending	Language-specific resource mnemonic.
mnemonic			RUSSIAN	К	RUSSIAN:DIALOG:dlgSetupColumnsArch:4368	prototype to replace	none; resource binding pending	Language-specific resource mnemonic.
mnemonic			RUSSIAN	щ	RUSSIAN:DIALOG:dlgSetupColumnsArch:4370	prototype to replace	none; resource binding pending	Language-specific resource mnemonic.
mnemonic			RUSSIAN	К	RUSSIAN:DIALOG:dlgSetupColumnsArvd:4505	prototype to replace	none; resource binding pending	Language-specific resource mnemonic.
mnemonic			RUSSIAN	щ	RUSSIAN:DIALOG:dlgSetupColumnsArvd:4507	prototype to replace	none; resource binding pending	Language-specific resource mnemonic.
mnemonic			RUSSIAN	И	RUSSIAN:DIALOG:dlgNameCase:4524	prototype to replace	none; resource binding pending	Language-specific resource mnemonic.
mnemonic			RUSSIAN	Р	RUSSIAN:DIALOG:dlgNameCase:4533	prototype to replace	none; resource binding pending	Language-specific resource mnemonic.
mnemonic			RUSSIAN	К	RUSSIAN:DIALOG:dlgNameCase:4534	prototype to replace	none; resource binding pending	Language-specific resource mnemonic.
mnemonic			RUSSIAN	1	RUSSIAN:DIALOG:dlgChScreenMode:4543	prototype to replace	none; resource binding pending	Language-specific resource mnemonic.
mnemonic			RUSSIAN	2	RUSSIAN:DIALOG:dlgChScreenMode:4544	prototype to replace	none; resource binding pending	Language-specific resource mnemonic.
mnemonic			RUSSIAN	3	RUSSIAN:DIALOG:dlgChScreenMode:4545	prototype to replace	none; resource binding pending	Language-specific resource mnemonic.
mnemonic			RUSSIAN	4	RUSSIAN:DIALOG:dlgChScreenMode:4546	prototype to replace	none; resource binding pending	Language-specific resource mnemonic.
mnemonic			RUSSIAN	5	RUSSIAN:DIALOG:dlgChScreenMode:4547	prototype to replace	none; resource binding pending	Language-specific resource mnemonic.
mnemonic			RUSSIAN	6	RUSSIAN:DIALOG:dlgChScreenMode:4548	prototype to replace	none; resource binding pending	Language-specific resource mnemonic.
mnemonic			RUSSIAN	П	RUSSIAN:DIALOG:dlgChScreenMode:4549	prototype to replace	none; resource binding pending	Language-specific resource mnemonic.
mnemonic			RUSSIAN	К	RUSSIAN:DIALOG:dlgChScreenMode:4560	prototype to replace	none; resource binding pending	Language-specific resource mnemonic.
mnemonic			RUSSIAN	Р	RUSSIAN:DIALOG:dlgSetExportCsvFormat:4569	prototype to replace	none; resource binding pending	Language-specific resource mnemonic.
mnemonic			RUSSIAN	ч	RUSSIAN:DIALOG:dlgSetExportCsvFormat:4574	prototype to replace	none; resource binding pending	Language-specific resource mnemonic.
mnemonic			RUSSIAN	ф	RUSSIAN:DIALOG:dlgSetExportCsvFormat:4579	prototype to replace	none; resource binding pending	Language-specific resource mnemonic.
mnemonic			RUSSIAN	К	RUSSIAN:DIALOG:dlgSetExportCsvFormat:4580	prototype to replace	none; resource binding pending	Language-specific resource mnemonic.
mnemonic			RUSSIAN	Н	RUSSIAN:DIALOG:dlgDBFGoto:4589	prototype to replace	none; resource binding pending	Language-specific resource mnemonic.
mnemonic			RUSSIAN	И	RUSSIAN:DIALOG:dlgDBFGoto:4591	prototype to replace	none; resource binding pending	Language-specific resource mnemonic.
mnemonic			RUSSIAN	К	RUSSIAN:DIALOG:dlgDBFGoto:4592	prototype to replace	none; resource binding pending	Language-specific resource mnemonic.
mnemonic			RUSSIAN	щ	RUSSIAN:DIALOG:dlgDBFGoto:4594	prototype to replace	none; resource binding pending	Language-specific resource mnemonic.
mnemonic			RUSSIAN	т	RUSSIAN:DIALOG:dlgSkipBadFile:4601	prototype to replace	none; resource binding pending	Language-specific resource mnemonic.
mnemonic			RUSSIAN	П	RUSSIAN:DIALOG:dlgSkipBadFile:4602	prototype to replace	none; resource binding pending	Language-specific resource mnemonic.
mnemonic			RUSSIAN	В	RUSSIAN:DIALOG:dlgSkipBadFile:4603	prototype to replace	none; resource binding pending	Language-specific resource mnemonic.
mnemonic			RUSSIAN	О	RUSSIAN:DIALOG:dlgSkipBadFile:4604	prototype to replace	none; resource binding pending	Language-specific resource mnemonic.
mnemonic			UKRAIN	М	UKRAIN:DIALOG:dlgCountrySetup:271	prototype to replace	none; resource binding pending	Language-specific resource mnemonic.
mnemonic			UKRAIN	Д	UKRAIN:DIALOG:dlgCountrySetup:272	prototype to replace	none; resource binding pending	Language-specific resource mnemonic.
mnemonic			UKRAIN	Р	UKRAIN:DIALOG:dlgCountrySetup:273	prototype to replace	none; resource binding pending	Language-specific resource mnemonic.
mnemonic			UKRAIN	1	UKRAIN:DIALOG:dlgCountrySetup:277	prototype to replace	none; resource binding pending	Language-specific resource mnemonic.
mnemonic			UKRAIN	2	UKRAIN:DIALOG:dlgCountrySetup:278	prototype to replace	none; resource binding pending	Language-specific resource mnemonic.
mnemonic			UKRAIN	а	UKRAIN:DIALOG:dlgCountrySetup:282	prototype to replace	none; resource binding pending	Language-specific resource mnemonic.
mnemonic			UKRAIN	ч	UKRAIN:DIALOG:dlgCountrySetup:284	prototype to replace	none; resource binding pending	Language-specific resource mnemonic.
mnemonic			UKRAIN	Т	UKRAIN:DIALOG:dlgCountrySetup:286	prototype to replace	none; resource binding pending	Language-specific resource mnemonic.
mnemonic			UKRAIN	е	UKRAIN:DIALOG:dlgCountrySetup:288	prototype to replace	none; resource binding pending	Language-specific resource mnemonic.
mnemonic			UKRAIN	i	UKRAIN:DIALOG:dlgCountrySetup:290	prototype to replace	none; resource binding pending	Language-specific resource mnemonic.
mnemonic			UKRAIN	Ф	UKRAIN:DIALOG:dlgCountrySetup:298	prototype to replace	none; resource binding pending	Language-specific resource mnemonic.
mnemonic			UKRAIN	В	UKRAIN:DIALOG:dlgCountrySetup:300	prototype to replace	none; resource binding pending	Language-specific resource mnemonic.
mnemonic			UKRAIN	К	UKRAIN:DIALOG:dlgCountrySetup:302	prototype to replace	none; resource binding pending	Language-specific resource mnemonic.
mnemonic			UKRAIN	в	UKRAIN:DIALOG:dlgCountrySetup:308	prototype to replace	none; resource binding pending	Language-specific resource mnemonic.
mnemonic			UKRAIN	С	UKRAIN:DIALOG:dlgCountrySetup:309	prototype to replace	none; resource binding pending	Language-specific resource mnemonic.
mnemonic			UKRAIN	K	UKRAIN:DIALOG:dlgCountrySetup:310	prototype to replace	none; resource binding pending	Language-specific resource mnemonic.
mnemonic			UKRAIN	г	UKRAIN:DIALOG:dlgCountrySetup:312	prototype to replace	none; resource binding pending	Language-specific resource mnemonic.
mnemonic			UKRAIN	о	UKRAIN:DIALOG:dlgConfirmations:318	prototype to replace	none; resource binding pending	Language-specific resource mnemonic.
mnemonic			UKRAIN	е	UKRAIN:DIALOG:dlgConfirmations:319	prototype to replace	none; resource binding pending	Language-specific resource mnemonic.
mnemonic			UKRAIN	н	UKRAIN:DIALOG:dlgConfirmations:320	prototype to replace	none; resource binding pending	Language-specific resource mnemonic.
mnemonic			UKRAIN	ф	UKRAIN:DIALOG:dlgConfirmations:321	prototype to replace	none; resource binding pending	Language-specific resource mnemonic.
mnemonic			UKRAIN	С	UKRAIN:DIALOG:dlgConfirmations:322	prototype to replace	none; resource binding pending	Language-specific resource mnemonic.
mnemonic			UKRAIN	м	UKRAIN:DIALOG:dlgConfirmations:323	prototype to replace	none; resource binding pending	Language-specific resource mnemonic.
mnemonic			UKRAIN	р	UKRAIN:DIALOG:dlgConfirmations:324	prototype to replace	none; resource binding pending	Language-specific resource mnemonic.
mnemonic			UKRAIN	и	UKRAIN:DIALOG:dlgConfirmations:325	prototype to replace	none; resource binding pending	Language-specific resource mnemonic.
mnemonic			UKRAIN	К	UKRAIN:DIALOG:dlgConfirmations:327	prototype to replace	none; resource binding pending	Language-specific resource mnemonic.
mnemonic			UKRAIN	г	UKRAIN:DIALOG:dlgConfirmations:329	prototype to replace	none; resource binding pending	Language-specific resource mnemonic.
mnemonic			UKRAIN	А	UKRAIN:DIALOG:dlgGotoAddress:335	prototype to replace	none; resource binding pending	Language-specific resource mnemonic.
mnemonic			UKRAIN	К	UKRAIN:DIALOG:dlgGotoAddress:336	prototype to replace	none; resource binding pending	Language-specific resource mnemonic.
mnemonic			UKRAIN	г	UKRAIN:DIALOG:dlgGotoAddress:338	prototype to replace	none; resource binding pending	Language-specific resource mnemonic.
mnemonic			UKRAIN	п	UKRAIN:DIALOG:dlgAdvanceSearch:344	prototype to replace	none; resource binding pending	Language-specific resource mnemonic.
mnemonic			UKRAIN	д	UKRAIN:DIALOG:dlgAdvanceSearch:346	prototype to replace	none; resource binding pending	Language-specific resource mnemonic.
mnemonic			UKRAIN	б	UKRAIN:DIALOG:dlgAdvanceSearch:348	prototype to replace	none; resource binding pending	Language-specific resource mnemonic.
mnemonic			UKRAIN	м	UKRAIN:DIALOG:dlgAdvanceSearch:350	prototype to replace	none; resource binding pending	Language-specific resource mnemonic.
mnemonic			UKRAIN	р	UKRAIN:DIALOG:dlgAdvanceSearch:352	prototype to replace	none; resource binding pending	Language-specific resource mnemonic.
mnemonic			UKRAIN	и	UKRAIN:DIALOG:dlgAdvanceSearch:353	prototype to replace	none; resource binding pending	Language-specific resource mnemonic.
mnemonic			UKRAIN	х	UKRAIN:DIALOG:dlgAdvanceSearch:354	prototype to replace	none; resource binding pending	Language-specific resource mnemonic.
mnemonic			UKRAIN	ч	UKRAIN:DIALOG:dlgAdvanceSearch:355	prototype to replace	none; resource binding pending	Language-specific resource mnemonic.
mnemonic			UKRAIN	К	UKRAIN:DIALOG:dlgAdvanceSearch:358	prototype to replace	none; resource binding pending	Language-specific resource mnemonic.
mnemonic			UKRAIN	О	UKRAIN:DIALOG:dlgAdvanceSearch:359	prototype to replace	none; resource binding pending	Language-specific resource mnemonic.
mnemonic			UKRAIN	г	UKRAIN:DIALOG:dlgAdvanceSearch:361	prototype to replace	none; resource binding pending	Language-specific resource mnemonic.
mnemonic			UKRAIN	П	UKRAIN:DIALOG:dlgReenterPassword:367	prototype to replace	none; resource binding pending	Language-specific resource mnemonic.
mnemonic			UKRAIN	К	UKRAIN:DIALOG:dlgReenterPassword:368	prototype to replace	none; resource binding pending	Language-specific resource mnemonic.
mnemonic			UKRAIN	г	UKRAIN:DIALOG:dlgReenterPassword:370	prototype to replace	none; resource binding pending	Language-specific resource mnemonic.
mnemonic			UKRAIN	З	UKRAIN:DIALOG:dlgArchiveFiles:376	prototype to replace	none; resource binding pending	Language-specific resource mnemonic.
mnemonic			UKRAIN	П	UKRAIN:DIALOG:dlgArchiveFiles:378	prototype to replace	none; resource binding pending	Language-specific resource mnemonic.
mnemonic			UKRAIN	а	UKRAIN:DIALOG:dlgArchiveFiles:380	prototype to replace	none; resource binding pending	Language-specific resource mnemonic.
mnemonic			UKRAIN	ш	UKRAIN:DIALOG:dlgArchiveFiles:382	prototype to replace	none; resource binding pending	Language-specific resource mnemonic.
mnemonic			UKRAIN	е	UKRAIN:DIALOG:dlgArchiveFiles:383	prototype to replace	none; resource binding pending	Language-specific resource mnemonic.
mnemonic			UKRAIN	с	UKRAIN:DIALOG:dlgArchiveFiles:384	prototype to replace	none; resource binding pending	Language-specific resource mnemonic.
mnemonic			UKRAIN	Б	UKRAIN:DIALOG:dlgArchiveFiles:385	prototype to replace	none; resource binding pending	Language-specific resource mnemonic.
mnemonic			UKRAIN	E	UKRAIN:DIALOG:dlgArchiveFiles:391	prototype to replace	none; resource binding pending	Language-specific resource mnemonic.
mnemonic			UKRAIN	N	UKRAIN:DIALOG:dlgArchiveFiles:392	prototype to replace	none; resource binding pending	Language-specific resource mnemonic.
mnemonic			UKRAIN	A	UKRAIN:DIALOG:dlgArchiveFiles:393	prototype to replace	none; resource binding pending	Language-specific resource mnemonic.
mnemonic			UKRAIN	J	UKRAIN:DIALOG:dlgArchiveFiles:394	prototype to replace	none; resource binding pending	Language-specific resource mnemonic.
mnemonic			UKRAIN	2	UKRAIN:DIALOG:dlgArchiveFiles:395	prototype to replace	none; resource binding pending	Language-specific resource mnemonic.
mnemonic			UKRAIN	B	UKRAIN:DIALOG:dlgArchiveFiles:396	prototype to replace	none; resource binding pending	Language-specific resource mnemonic.
mnemonic			UKRAIN	C	UKRAIN:DIALOG:dlgArchiveFiles:398	prototype to replace	none; resource binding pending	Language-specific resource mnemonic.
mnemonic			UKRAIN	H	UKRAIN:DIALOG:dlgArchiveFiles:399	prototype to replace	none; resource binding pending	Language-specific resource mnemonic.
mnemonic			UKRAIN	P	UKRAIN:DIALOG:dlgArchiveFiles:401	prototype to replace	none; resource binding pending	Language-specific resource mnemonic.
mnemonic			UKRAIN	Y	UKRAIN:DIALOG:dlgArchiveFiles:402	prototype to replace	none; resource binding pending	Language-specific resource mnemonic.
mnemonic			UKRAIN	3	UKRAIN:DIALOG:dlgArchiveFiles:403	prototype to replace	none; resource binding pending	Language-specific resource mnemonic.
mnemonic			UKRAIN	L	UKRAIN:DIALOG:dlgArchiveFiles:404	prototype to replace	none; resource binding pending	Language-specific resource mnemonic.
mnemonic			UKRAIN	I	UKRAIN:DIALOG:dlgArchiveFiles:405	prototype to replace	none; resource binding pending	Language-specific resource mnemonic.
mnemonic			UKRAIN	Q	UKRAIN:DIALOG:dlgArchiveFiles:406	prototype to replace	none; resource binding pending	Language-specific resource mnemonic.
mnemonic			UKRAIN	R	UKRAIN:DIALOG:dlgArchiveFiles:407	prototype to replace	none; resource binding pending	Language-specific resource mnemonic.
mnemonic			UKRAIN	S	UKRAIN:DIALOG:dlgArchiveFiles:408	prototype to replace	none; resource binding pending	Language-specific resource mnemonic.
mnemonic			UKRAIN	T	UKRAIN:DIALOG:dlgArchiveFiles:409	prototype to replace	none; resource binding pending	Language-specific resource mnemonic.
mnemonic			UKRAIN	G	UKRAIN:DIALOG:dlgArchiveFiles:410	prototype to replace	none; resource binding pending	Language-specific resource mnemonic.
mnemonic			UKRAIN	U	UKRAIN:DIALOG:dlgArchiveFiles:411	prototype to replace	none; resource binding pending	Language-specific resource mnemonic.
mnemonic			UKRAIN	F	UKRAIN:DIALOG:dlgArchiveFiles:412	prototype to replace	none; resource binding pending	Language-specific resource mnemonic.
mnemonic			UKRAIN	Z	UKRAIN:DIALOG:dlgArchiveFiles:413	prototype to replace	none; resource binding pending	Language-specific resource mnemonic.
mnemonic			UKRAIN	O	UKRAIN:DIALOG:dlgArchiveFiles:414	prototype to replace	none; resource binding pending	Language-specific resource mnemonic.
mnemonic			UKRAIN	X	UKRAIN:DIALOG:dlgArchiveFiles:415	prototype to replace	none; resource binding pending	Language-specific resource mnemonic.
mnemonic			UKRAIN	7	UKRAIN:DIALOG:dlgArchiveFiles:416	prototype to replace	none; resource binding pending	Language-specific resource mnemonic.
mnemonic			UKRAIN	Ш	UKRAIN:DIALOG:dlgArchiveFiles:423	prototype to replace	none; resource binding pending	Language-specific resource mnemonic.
mnemonic			UKRAIN	Н	UKRAIN:DIALOG:dlgArchiveFiles:424	prototype to replace	none; resource binding pending	Language-specific resource mnemonic.
mnemonic			UKRAIN	М	UKRAIN:DIALOG:dlgArchiveFiles:426	prototype to replace	none; resource binding pending	Language-specific resource mnemonic.
mnemonic			UKRAIN	К	UKRAIN:DIALOG:dlgArchiveFiles:429	prototype to replace	none; resource binding pending	Language-specific resource mnemonic.
mnemonic			UKRAIN	г	UKRAIN:DIALOG:dlgArchiveFiles:432	prototype to replace	none; resource binding pending	Language-specific resource mnemonic.
mnemonic			UKRAIN	Г	UKRAIN:DIALOG:dlgMouseSetup:438	prototype to replace	none; resource binding pending	Language-specific resource mnemonic.
mnemonic			UKRAIN	В	UKRAIN:DIALOG:dlgMouseSetup:440	prototype to replace	none; resource binding pending	Language-specific resource mnemonic.
mnemonic			UKRAIN	П	UKRAIN:DIALOG:dlgMouseSetup:442	prototype to replace	none; resource binding pending	Language-specific resource mnemonic.
mnemonic			UKRAIN	С	UKRAIN:DIALOG:dlgMouseSetup:443	prototype to replace	none; resource binding pending	Language-specific resource mnemonic.
mnemonic			UKRAIN	О	UKRAIN:DIALOG:dlgMouseSetup:445	prototype to replace	none; resource binding pending	Language-specific resource mnemonic.
mnemonic			UKRAIN	К	UKRAIN:DIALOG:dlgMouseSetup:446	prototype to replace	none; resource binding pending	Language-specific resource mnemonic.
mnemonic			UKRAIN	г	UKRAIN:DIALOG:dlgMouseSetup:448	prototype to replace	none; resource binding pending	Language-specific resource mnemonic.
mnemonic			UKRAIN	Г	UKRAIN:DIALOG:dlgInterfaceSetup:455	prototype to replace	none; resource binding pending	Language-specific resource mnemonic.
mnemonic			UKRAIN	м	UKRAIN:DIALOG:dlgInterfaceSetup:456	prototype to replace	none; resource binding pending	Language-specific resource mnemonic.
mnemonic			UKRAIN	р	UKRAIN:DIALOG:dlgInterfaceSetup:457	prototype to replace	none; resource binding pending	Language-specific resource mnemonic.
mnemonic			UKRAIN	Е	UKRAIN:DIALOG:dlgInterfaceSetup:458	prototype to replace	none; resource binding pending	Language-specific resource mnemonic.
mnemonic			UKRAIN	о	UKRAIN:DIALOG:dlgInterfaceSetup:459	prototype to replace	none; resource binding pending	Language-specific resource mnemonic.
mnemonic			UKRAIN	А	UKRAIN:DIALOG:dlgInterfaceSetup:460	prototype to replace	none; resource binding pending	Language-specific resource mnemonic.
mnemonic			UKRAIN	В	UKRAIN:DIALOG:dlgInterfaceSetup:461	prototype to replace	none; resource binding pending	Language-specific resource mnemonic.
mnemonic			UKRAIN	д	UKRAIN:DIALOG:dlgInterfaceSetup:462	prototype to replace	none; resource binding pending	Language-specific resource mnemonic.
mnemonic			UKRAIN	г	UKRAIN:DIALOG:dlgInterfaceSetup:463	prototype to replace	none; resource binding pending	Language-specific resource mnemonic.
mnemonic			UKRAIN	р	UKRAIN:DIALOG:dlgInterfaceSetup:464	prototype to replace	none; resource binding pending	Language-specific resource mnemonic.
mnemonic			UKRAIN	п	UKRAIN:DIALOG:dlgInterfaceSetup:465	prototype to replace	none; resource binding pending	Language-specific resource mnemonic.
mnemonic			UKRAIN	I	UKRAIN:DIALOG:dlgInterfaceSetup:466	prototype to replace	none; resource binding pending	Language-specific resource mnemonic.
mnemonic			UKRAIN	К	UKRAIN:DIALOG:dlgInterfaceSetup:521	prototype to replace	none; resource binding pending	Language-specific resource mnemonic.
mnemonic			UKRAIN	г	UKRAIN:DIALOG:dlgInterfaceSetup:523	prototype to replace	none; resource binding pending	Language-specific resource mnemonic.
mnemonic			UKRAIN	T	UKRAIN:DIALOG:dlgSetupTerminal:529	prototype to replace	none; resource binding pending	Language-specific resource mnemonic.
mnemonic			UKRAIN	A	UKRAIN:DIALOG:dlgSetupTerminal:530	prototype to replace	none; resource binding pending	Language-specific resource mnemonic.
mnemonic			UKRAIN	I	UKRAIN:DIALOG:dlgSetupTerminal:531	prototype to replace	none; resource binding pending	Language-specific resource mnemonic.
mnemonic			UKRAIN	5	UKRAIN:DIALOG:dlgSetupTerminal:532	prototype to replace	none; resource binding pending	Language-specific resource mnemonic.
mnemonic			UKRAIN	1	UKRAIN:DIALOG:dlgSetupTerminal:533	prototype to replace	none; resource binding pending	Language-specific resource mnemonic.
mnemonic			UKRAIN	E	UKRAIN:DIALOG:dlgSetupTerminal:537	prototype to replace	none; resource binding pending	Language-specific resource mnemonic.
mnemonic			UKRAIN	С	UKRAIN:DIALOG:dlgSetupTerminal:538	prototype to replace	none; resource binding pending	Language-specific resource mnemonic.
mnemonic			UKRAIN	о	UKRAIN:DIALOG:dlgSetupTerminal:539	prototype to replace	none; resource binding pending	Language-specific resource mnemonic.
mnemonic			UKRAIN	Z	UKRAIN:DIALOG:dlgSetupTerminal:540	prototype to replace	none; resource binding pending	Language-specific resource mnemonic.
mnemonic			UKRAIN	в	UKRAIN:DIALOG:dlgSetupTerminal:541	prototype to replace	none; resource binding pending	Language-specific resource mnemonic.
mnemonic			UKRAIN	З	UKRAIN:DIALOG:dlgSetupTerminal:543	prototype to replace	none; resource binding pending	Language-specific resource mnemonic.
mnemonic			UKRAIN	К	UKRAIN:DIALOG:dlgSetupTerminal:547	prototype to replace	none; resource binding pending	Language-specific resource mnemonic.
mnemonic			UKRAIN	г	UKRAIN:DIALOG:dlgSetupTerminal:549	prototype to replace	none; resource binding pending	Language-specific resource mnemonic.
mnemonic			UKRAIN	1	UKRAIN:DIALOG:dlgSetupModem:555	prototype to replace	none; resource binding pending	Language-specific resource mnemonic.
mnemonic			UKRAIN	2	UKRAIN:DIALOG:dlgSetupModem:556	prototype to replace	none; resource binding pending	Language-specific resource mnemonic.
mnemonic			UKRAIN	3	UKRAIN:DIALOG:dlgSetupModem:557	prototype to replace	none; resource binding pending	Language-specific resource mnemonic.
mnemonic			UKRAIN	4	UKRAIN:DIALOG:dlgSetupModem:558	prototype to replace	none; resource binding pending	Language-specific resource mnemonic.
mnemonic			UKRAIN	Ш	UKRAIN:DIALOG:dlgSetupModem:573	prototype to replace	none; resource binding pending	Language-specific resource mnemonic.
mnemonic			UKRAIN	I	UKRAIN:DIALOG:dlgSetupModem:580	prototype to replace	none; resource binding pending	Language-specific resource mnemonic.
mnemonic			UKRAIN	I	UKRAIN:DIALOG:dlgSetupModem:587	prototype to replace	none; resource binding pending	Language-specific resource mnemonic.
mnemonic			UKRAIN	E	UKRAIN:DIALOG:dlgSetupModem:589	prototype to replace	none; resource binding pending	Language-specific resource mnemonic.
mnemonic			UKRAIN	O	UKRAIN:DIALOG:dlgSetupModem:591	prototype to replace	none; resource binding pending	Language-specific resource mnemonic.
mnemonic			UKRAIN	П	UKRAIN:DIALOG:dlgSetupModem:593	prototype to replace	none; resource binding pending	Language-specific resource mnemonic.
mnemonic			UKRAIN	у	UKRAIN:DIALOG:dlgSetupModem:595	prototype to replace	none; resource binding pending	Language-specific resource mnemonic.
mnemonic			UKRAIN	а	UKRAIN:DIALOG:dlgSetupModem:597	prototype to replace	none; resource binding pending	Language-specific resource mnemonic.
mnemonic			UKRAIN	в	UKRAIN:DIALOG:dlgSetupModem:599	prototype to replace	none; resource binding pending	Language-specific resource mnemonic.
mnemonic			UKRAIN	К	UKRAIN:DIALOG:dlgSetupModem:600	prototype to replace	none; resource binding pending	Language-specific resource mnemonic.
mnemonic			UKRAIN	Б	UKRAIN:DIALOG:dlgSetupModem:602	prototype to replace	none; resource binding pending	Language-specific resource mnemonic.
mnemonic			UKRAIN	Р	UKRAIN:DIALOG:dlgEditorDefaults:608	prototype to replace	none; resource binding pending	Language-specific resource mnemonic.
mnemonic			UKRAIN	у	UKRAIN:DIALOG:dlgEditorDefaults:609	prototype to replace	none; resource binding pending	Language-specific resource mnemonic.
mnemonic			UKRAIN	Д	UKRAIN:DIALOG:dlgEditorDefaults:610	prototype to replace	none; resource binding pending	Language-specific resource mnemonic.
mnemonic			UKRAIN	А	UKRAIN:DIALOG:dlgEditorDefaults:611	prototype to replace	none; resource binding pending	Language-specific resource mnemonic.
mnemonic			UKRAIN	т	UKRAIN:DIALOG:dlgEditorDefaults:612	prototype to replace	none; resource binding pending	Language-specific resource mnemonic.
mnemonic			UKRAIN	В	UKRAIN:DIALOG:dlgEditorDefaults:613	prototype to replace	none; resource binding pending	Language-specific resource mnemonic.
mnemonic			UKRAIN	к	UKRAIN:DIALOG:dlgEditorDefaults:614	prototype to replace	none; resource binding pending	Language-specific resource mnemonic.
mnemonic			UKRAIN	О	UKRAIN:DIALOG:dlgEditorDefaults:615	prototype to replace	none; resource binding pending	Language-specific resource mnemonic.
mnemonic			UKRAIN	i	UKRAIN:DIALOG:dlgEditorDefaults:616	prototype to replace	none; resource binding pending	Language-specific resource mnemonic.
mnemonic			UKRAIN	н	UKRAIN:DIALOG:dlgEditorDefaults:617	prototype to replace	none; resource binding pending	Language-specific resource mnemonic.
mnemonic			UKRAIN	П	UKRAIN:DIALOG:dlgEditorDefaults:618	prototype to replace	none; resource binding pending	Language-specific resource mnemonic.
mnemonic			UKRAIN	б	UKRAIN:DIALOG:dlgEditorDefaults:619	prototype to replace	none; resource binding pending	Language-specific resource mnemonic.
mnemonic			UKRAIN	З	UKRAIN:DIALOG:dlgEditorDefaults:620	prototype to replace	none; resource binding pending	Language-specific resource mnemonic.
mnemonic			UKRAIN	м	UKRAIN:DIALOG:dlgEditorDefaults:622	prototype to replace	none; resource binding pending	Language-specific resource mnemonic.
mnemonic			UKRAIN	х	UKRAIN:DIALOG:dlgEditorDefaults:630	prototype to replace	none; resource binding pending	Language-specific resource mnemonic.
mnemonic			UKRAIN	й	UKRAIN:DIALOG:dlgEditorDefaults:631	prototype to replace	none; resource binding pending	Language-specific resource mnemonic.
mnemonic			UKRAIN	ч	UKRAIN:DIALOG:dlgEditorDefaults:635	prototype to replace	none; resource binding pending	Language-specific resource mnemonic.
mnemonic			UKRAIN	Л	UKRAIN:DIALOG:dlgEditorDefaults:640	prototype to replace	none; resource binding pending	Language-specific resource mnemonic.
mnemonic			UKRAIN	и	UKRAIN:DIALOG:dlgEditorDefaults:642	prototype to replace	none; resource binding pending	Language-specific resource mnemonic.
mnemonic			UKRAIN	ф	UKRAIN:DIALOG:dlgEditorDefaults:644	prototype to replace	none; resource binding pending	Language-specific resource mnemonic.
mnemonic			UKRAIN	д	UKRAIN:DIALOG:dlgEditorDefaults:650	prototype to replace	none; resource binding pending	Language-specific resource mnemonic.
mnemonic			UKRAIN	я	UKRAIN:DIALOG:dlgEditorDefaults:652	prototype to replace	none; resource binding pending	Language-specific resource mnemonic.
mnemonic			UKRAIN	К	UKRAIN:DIALOG:dlgEditorDefaults:657	prototype to replace	none; resource binding pending	Language-specific resource mnemonic.
mnemonic			UKRAIN	г	UKRAIN:DIALOG:dlgEditorDefaults:659	prototype to replace	none; resource binding pending	Language-specific resource mnemonic.
mnemonic			UKRAIN	I	UKRAIN:DIALOG:dlgAppendNumber:665	prototype to replace	none; resource binding pending	Language-specific resource mnemonic.
mnemonic			UKRAIN	Т	UKRAIN:DIALOG:dlgAppendNumber:667	prototype to replace	none; resource binding pending	Language-specific resource mnemonic.
mnemonic			UKRAIN	П	UKRAIN:DIALOG:dlgAppendNumber:669	prototype to replace	none; resource binding pending	Language-specific resource mnemonic.
mnemonic			UKRAIN	К	UKRAIN:DIALOG:dlgAppendNumber:671	prototype to replace	none; resource binding pending	Language-specific resource mnemonic.
mnemonic			UKRAIN	г	UKRAIN:DIALOG:dlgAppendNumber:673	prototype to replace	none; resource binding pending	Language-specific resource mnemonic.
mnemonic			UKRAIN	I	UKRAIN:DIALOG:dlgEditNumber:679	prototype to replace	none; resource binding pending	Language-specific resource mnemonic.
mnemonic			UKRAIN	Т	UKRAIN:DIALOG:dlgEditNumber:681	prototype to replace	none; resource binding pending	Language-specific resource mnemonic.
mnemonic			UKRAIN	П	UKRAIN:DIALOG:dlgEditNumber:683	prototype to replace	none; resource binding pending	Language-specific resource mnemonic.
mnemonic			UKRAIN	К	UKRAIN:DIALOG:dlgEditNumber:685	prototype to replace	none; resource binding pending	Language-specific resource mnemonic.
mnemonic			UKRAIN	г	UKRAIN:DIALOG:dlgEditNumber:687	prototype to replace	none; resource binding pending	Language-specific resource mnemonic.
mnemonic			UKRAIN	I	UKRAIN:DIALOG:dlgAppendDirectory:693	prototype to replace	none; resource binding pending	Language-specific resource mnemonic.
mnemonic			UKRAIN	П	UKRAIN:DIALOG:dlgAppendDirectory:695	prototype to replace	none; resource binding pending	Language-specific resource mnemonic.
mnemonic			UKRAIN	а	UKRAIN:DIALOG:dlgAppendDirectory:697	prototype to replace	none; resource binding pending	Language-specific resource mnemonic.
mnemonic			UKRAIN	К	UKRAIN:DIALOG:dlgAppendDirectory:699	prototype to replace	none; resource binding pending	Language-specific resource mnemonic.
mnemonic			UKRAIN	г	UKRAIN:DIALOG:dlgAppendDirectory:701	prototype to replace	none; resource binding pending	Language-specific resource mnemonic.
mnemonic			UKRAIN	I	UKRAIN:DIALOG:dlgEditDirectory:707	prototype to replace	none; resource binding pending	Language-specific resource mnemonic.
mnemonic			UKRAIN	П	UKRAIN:DIALOG:dlgEditDirectory:709	prototype to replace	none; resource binding pending	Language-specific resource mnemonic.
mnemonic			UKRAIN	а	UKRAIN:DIALOG:dlgEditDirectory:711	prototype to replace	none; resource binding pending	Language-specific resource mnemonic.
mnemonic			UKRAIN	К	UKRAIN:DIALOG:dlgEditDirectory:713	prototype to replace	none; resource binding pending	Language-specific resource mnemonic.
mnemonic			UKRAIN	г	UKRAIN:DIALOG:dlgEditDirectory:715	prototype to replace	none; resource binding pending	Language-specific resource mnemonic.
mnemonic			UKRAIN	1	UKRAIN:DIALOG:dlgPrinterSetup:722	prototype to replace	none; resource binding pending	Language-specific resource mnemonic.
mnemonic			UKRAIN	2	UKRAIN:DIALOG:dlgPrinterSetup:723	prototype to replace	none; resource binding pending	Language-specific resource mnemonic.
mnemonic			UKRAIN	3	UKRAIN:DIALOG:dlgPrinterSetup:724	prototype to replace	none; resource binding pending	Language-specific resource mnemonic.
mnemonic			UKRAIN	4	UKRAIN:DIALOG:dlgPrinterSetup:725	prototype to replace	none; resource binding pending	Language-specific resource mnemonic.
mnemonic			UKRAIN	Ф	UKRAIN:DIALOG:dlgPrinterSetup:726	prototype to replace	none; resource binding pending	Language-specific resource mnemonic.
mnemonic			UKRAIN	N	UKRAIN:DIALOG:dlgPrinterSetup:727	prototype to replace	none; resource binding pending	Language-specific resource mnemonic.
mnemonic			UKRAIN	Р	UKRAIN:DIALOG:dlgPrinterSetup:739	prototype to replace	none; resource binding pending	Language-specific resource mnemonic.
mnemonic			UKRAIN	З	UKRAIN:DIALOG:dlgPrinterSetup:741	prototype to replace	none; resource binding pending	Language-specific resource mnemonic.
mnemonic			UKRAIN	К	UKRAIN:DIALOG:dlgPrinterSetup:742	prototype to replace	none; resource binding pending	Language-specific resource mnemonic.
mnemonic			UKRAIN	г	UKRAIN:DIALOG:dlgPrinterSetup:744	prototype to replace	none; resource binding pending	Language-specific resource mnemonic.
mnemonic			UKRAIN	1	UKRAIN:DIALOG:dlgGameSetup:750	prototype to replace	none; resource binding pending	Language-specific resource mnemonic.
mnemonic			UKRAIN	2	UKRAIN:DIALOG:dlgGameSetup:751	prototype to replace	none; resource binding pending	Language-specific resource mnemonic.
mnemonic			UKRAIN	3	UKRAIN:DIALOG:dlgGameSetup:752	prototype to replace	none; resource binding pending	Language-specific resource mnemonic.
mnemonic			UKRAIN	4	UKRAIN:DIALOG:dlgGameSetup:753	prototype to replace	none; resource binding pending	Language-specific resource mnemonic.
mnemonic			UKRAIN	5	UKRAIN:DIALOG:dlgGameSetup:754	prototype to replace	none; resource binding pending	Language-specific resource mnemonic.
mnemonic			UKRAIN	6	UKRAIN:DIALOG:dlgGameSetup:755	prototype to replace	none; resource binding pending	Language-specific resource mnemonic.
mnemonic			UKRAIN	7	UKRAIN:DIALOG:dlgGameSetup:756	prototype to replace	none; resource binding pending	Language-specific resource mnemonic.
mnemonic			UKRAIN	8	UKRAIN:DIALOG:dlgGameSetup:757	prototype to replace	none; resource binding pending	Language-specific resource mnemonic.
mnemonic			UKRAIN	9	UKRAIN:DIALOG:dlgGameSetup:758	prototype to replace	none; resource binding pending	Language-specific resource mnemonic.
mnemonic			UKRAIN	0	UKRAIN:DIALOG:dlgGameSetup:759	prototype to replace	none; resource binding pending	Language-specific resource mnemonic.
mnemonic			UKRAIN	Т	UKRAIN:DIALOG:dlgGameSetup:763	prototype to replace	none; resource binding pending	Language-specific resource mnemonic.
mnemonic			UKRAIN	П	UKRAIN:DIALOG:dlgGameSetup:764	prototype to replace	none; resource binding pending	Language-specific resource mnemonic.
mnemonic			UKRAIN	Г	UKRAIN:DIALOG:dlgGameSetup:766	prototype to replace	none; resource binding pending	Language-specific resource mnemonic.
mnemonic			UKRAIN	Н	UKRAIN:DIALOG:dlgGameSetup:768	prototype to replace	none; resource binding pending	Language-specific resource mnemonic.
mnemonic			UKRAIN	О	UKRAIN:DIALOG:dlgGameSetup:770	prototype to replace	none; resource binding pending	Language-specific resource mnemonic.
mnemonic			UKRAIN	К	UKRAIN:DIALOG:dlgGameSetup:771	prototype to replace	none; resource binding pending	Language-specific resource mnemonic.
mnemonic			UKRAIN	т	UKRAIN:DIALOG:dlgDbFind:778	prototype to replace	none; resource binding pending	Language-specific resource mnemonic.
mnemonic			UKRAIN	Р	UKRAIN:DIALOG:dlgDbFind:780	prototype to replace	none; resource binding pending	Language-specific resource mnemonic.
mnemonic			UKRAIN	т	UKRAIN:DIALOG:dlgDbFind:784	prototype to replace	none; resource binding pending	Language-specific resource mnemonic.
mnemonic			UKRAIN	П	UKRAIN:DIALOG:dlgDbFind:785	prototype to replace	none; resource binding pending	Language-specific resource mnemonic.
mnemonic			UKRAIN	В	UKRAIN:DIALOG:dlgDbFind:789	prototype to replace	none; resource binding pending	Language-specific resource mnemonic.
mnemonic			UKRAIN	Н	UKRAIN:DIALOG:dlgDbFind:790	prototype to replace	none; resource binding pending	Language-specific resource mnemonic.
mnemonic			UKRAIN	С	UKRAIN:DIALOG:dlgDbFind:791	prototype to replace	none; resource binding pending	Language-specific resource mnemonic.
mnemonic			UKRAIN	К	UKRAIN:DIALOG:dlgDbFind:794	prototype to replace	none; resource binding pending	Language-specific resource mnemonic.
mnemonic			UKRAIN	г	UKRAIN:DIALOG:dlgDbFind:796	prototype to replace	none; resource binding pending	Language-specific resource mnemonic.
mnemonic			UKRAIN	З	UKRAIN:DIALOG:dlgReplaceCell:803	prototype to replace	none; resource binding pending	Language-specific resource mnemonic.
mnemonic			UKRAIN	З	UKRAIN:DIALOG:dlgReplaceCell:805	prototype to replace	none; resource binding pending	Language-specific resource mnemonic.
mnemonic			UKRAIN	Р	UKRAIN:DIALOG:dlgReplaceCell:807	prototype to replace	none; resource binding pending	Language-specific resource mnemonic.
mnemonic			UKRAIN	н	UKRAIN:DIALOG:dlgReplaceCell:808	prototype to replace	none; resource binding pending	Language-specific resource mnemonic.
mnemonic			UKRAIN	Р	UKRAIN:DIALOG:dlgReplaceCell:812	prototype to replace	none; resource binding pending	Language-specific resource mnemonic.
mnemonic			UKRAIN	Т	UKRAIN:DIALOG:dlgReplaceCell:813	prototype to replace	none; resource binding pending	Language-specific resource mnemonic.
mnemonic			UKRAIN	З	UKRAIN:DIALOG:dlgReplaceCell:814	prototype to replace	none; resource binding pending	Language-specific resource mnemonic.
mnemonic			UKRAIN	К	UKRAIN:DIALOG:dlgReplaceCell:817	prototype to replace	none; resource binding pending	Language-specific resource mnemonic.
mnemonic			UKRAIN	а	UKRAIN:DIALOG:dlgReplaceCell:818	prototype to replace	none; resource binding pending	Language-specific resource mnemonic.
mnemonic			UKRAIN	г	UKRAIN:DIALOG:dlgReplaceCell:821	prototype to replace	none; resource binding pending	Language-specific resource mnemonic.
mnemonic			UKRAIN	З	UKRAIN:DIALOG:dlgFindCell:827	prototype to replace	none; resource binding pending	Language-specific resource mnemonic.
mnemonic			UKRAIN	Р	UKRAIN:DIALOG:dlgFindCell:829	prototype to replace	none; resource binding pending	Language-specific resource mnemonic.
mnemonic			UKRAIN	н	UKRAIN:DIALOG:dlgFindCell:830	prototype to replace	none; resource binding pending	Language-specific resource mnemonic.
mnemonic			UKRAIN	Р	UKRAIN:DIALOG:dlgFindCell:834	prototype to replace	none; resource binding pending	Language-specific resource mnemonic.
mnemonic			UKRAIN	Т	UKRAIN:DIALOG:dlgFindCell:835	prototype to replace	none; resource binding pending	Language-specific resource mnemonic.
mnemonic			UKRAIN	К	UKRAIN:DIALOG:dlgFindCell:838	prototype to replace	none; resource binding pending	Language-specific resource mnemonic.
mnemonic			UKRAIN	г	UKRAIN:DIALOG:dlgFindCell:840	prototype to replace	none; resource binding pending	Language-specific resource mnemonic.
mnemonic			UKRAIN	Н	UKRAIN:DIALOG:dlgGotoCellNumber:846	prototype to replace	none; resource binding pending	Language-specific resource mnemonic.
mnemonic			UKRAIN	К	UKRAIN:DIALOG:dlgGotoCellNumber:847	prototype to replace	none; resource binding pending	Language-specific resource mnemonic.
mnemonic			UKRAIN	г	UKRAIN:DIALOG:dlgGotoCellNumber:849	prototype to replace	none; resource binding pending	Language-specific resource mnemonic.
mnemonic			UKRAIN	Я	UKRAIN:DIALOG:dlgSetCellFormat:855	prototype to replace	none; resource binding pending	Language-specific resource mnemonic.
mnemonic			UKRAIN	Д	UKRAIN:DIALOG:dlgSetCellFormat:856	prototype to replace	none; resource binding pending	Language-specific resource mnemonic.
mnemonic			UKRAIN	К	UKRAIN:DIALOG:dlgSetCellFormat:857	prototype to replace	none; resource binding pending	Language-specific resource mnemonic.
mnemonic			UKRAIN	к	UKRAIN:DIALOG:dlgSetCellFormat:858	prototype to replace	none; resource binding pending	Language-specific resource mnemonic.
mnemonic			UKRAIN	Л	UKRAIN:DIALOG:dlgSetCellFormat:859	prototype to replace	none; resource binding pending	Language-specific resource mnemonic.
mnemonic			UKRAIN	а	UKRAIN:DIALOG:dlgSetCellFormat:860	prototype to replace	none; resource binding pending	Language-specific resource mnemonic.
mnemonic			UKRAIN	т	UKRAIN:DIALOG:dlgSetCellFormat:861	prototype to replace	none; resource binding pending	Language-specific resource mnemonic.
mnemonic			UKRAIN	х	UKRAIN:DIALOG:dlgSetCellFormat:862	prototype to replace	none; resource binding pending	Language-specific resource mnemonic.
mnemonic			UKRAIN	в	UKRAIN:DIALOG:dlgSetCellFormat:866	prototype to replace	none; resource binding pending	Language-specific resource mnemonic.
mnemonic			UKRAIN	п	UKRAIN:DIALOG:dlgSetCellFormat:867	prototype to replace	none; resource binding pending	Language-specific resource mnemonic.
mnemonic			UKRAIN	т	UKRAIN:DIALOG:dlgSetCellFormat:868	prototype to replace	none; resource binding pending	Language-specific resource mnemonic.
mnemonic			UKRAIN	Д	UKRAIN:DIALOG:dlgSetCellFormat:872	prototype to replace	none; resource binding pending	Language-specific resource mnemonic.
mnemonic			UKRAIN	З	UKRAIN:DIALOG:dlgSetCellFormat:874	prototype to replace	none; resource binding pending	Language-specific resource mnemonic.
mnemonic			UKRAIN	К	UKRAIN:DIALOG:dlgSetCellFormat:876	prototype to replace	none; resource binding pending	Language-specific resource mnemonic.
mnemonic			UKRAIN	1	UKRAIN:DIALOG:dlgHighlightGroups:884	prototype to replace	none; resource binding pending	Language-specific resource mnemonic.
mnemonic			UKRAIN	2	UKRAIN:DIALOG:dlgHighlightGroups:888	prototype to replace	none; resource binding pending	Language-specific resource mnemonic.
mnemonic			UKRAIN	3	UKRAIN:DIALOG:dlgHighlightGroups:892	prototype to replace	none; resource binding pending	Language-specific resource mnemonic.
mnemonic			UKRAIN	4	UKRAIN:DIALOG:dlgHighlightGroups:896	prototype to replace	none; resource binding pending	Language-specific resource mnemonic.
mnemonic			UKRAIN	5	UKRAIN:DIALOG:dlgHighlightGroups:900	prototype to replace	none; resource binding pending	Language-specific resource mnemonic.
mnemonic			UKRAIN	6	UKRAIN:DIALOG:dlgHighlightGroups:904	prototype to replace	none; resource binding pending	Language-specific resource mnemonic.
mnemonic			UKRAIN	7	UKRAIN:DIALOG:dlgHighlightGroups:908	prototype to replace	none; resource binding pending	Language-specific resource mnemonic.
mnemonic			UKRAIN	8	UKRAIN:DIALOG:dlgHighlightGroups:912	prototype to replace	none; resource binding pending	Language-specific resource mnemonic.
mnemonic			UKRAIN	9	UKRAIN:DIALOG:dlgHighlightGroups:916	prototype to replace	none; resource binding pending	Language-specific resource mnemonic.
mnemonic			UKRAIN	0	UKRAIN:DIALOG:dlgHighlightGroups:920	prototype to replace	none; resource binding pending	Language-specific resource mnemonic.
mnemonic			UKRAIN	А	UKRAIN:DIALOG:dlgHighlightGroups:924	prototype to replace	none; resource binding pending	Language-specific resource mnemonic.
mnemonic			UKRAIN	К	UKRAIN:DIALOG:dlgHighlightGroups:927	prototype to replace	none; resource binding pending	Language-specific resource mnemonic.
mnemonic			UKRAIN	г	UKRAIN:DIALOG:dlgHighlightGroups:929	prototype to replace	none; resource binding pending	Language-specific resource mnemonic.
mnemonic			UKRAIN	Н	UKRAIN:DIALOG:dlgGotoLine:935	prototype to replace	none; resource binding pending	Language-specific resource mnemonic.
mnemonic			UKRAIN	К	UKRAIN:DIALOG:dlgGotoLine:936	prototype to replace	none; resource binding pending	Language-specific resource mnemonic.
mnemonic			UKRAIN	г	UKRAIN:DIALOG:dlgGotoLine:938	prototype to replace	none; resource binding pending	Language-specific resource mnemonic.
mnemonic			UKRAIN	Л	UKRAIN:DIALOG:dlgEditorFormat:944	prototype to replace	none; resource binding pending	Language-specific resource mnemonic.
mnemonic			UKRAIN	П	UKRAIN:DIALOG:dlgEditorFormat:946	prototype to replace	none; resource binding pending	Language-specific resource mnemonic.
mnemonic			UKRAIN	а	UKRAIN:DIALOG:dlgEditorFormat:948	prototype to replace	none; resource binding pending	Language-specific resource mnemonic.
mnemonic			UKRAIN	К	UKRAIN:DIALOG:dlgEditorFormat:949	prototype to replace	none; resource binding pending	Language-specific resource mnemonic.
mnemonic			UKRAIN	г	UKRAIN:DIALOG:dlgEditorFormat:952	prototype to replace	none; resource binding pending	Language-specific resource mnemonic.
mnemonic			UKRAIN	Р	UKRAIN:DIALOG:dlgEditorFind:959	prototype to replace	none; resource binding pending	Language-specific resource mnemonic.
mnemonic			UKRAIN	о	UKRAIN:DIALOG:dlgEditorFind:960	prototype to replace	none; resource binding pending	Language-specific resource mnemonic.
mnemonic			UKRAIN	у	UKRAIN:DIALOG:dlgEditorFind:961	prototype to replace	none; resource binding pending	Language-specific resource mnemonic.
mnemonic			UKRAIN	г	UKRAIN:DIALOG:dlgEditorFind:963	prototype to replace	none; resource binding pending	Language-specific resource mnemonic.
mnemonic			UKRAIN	е	UKRAIN:DIALOG:dlgEditorFind:968	prototype to replace	none; resource binding pending	Language-specific resource mnemonic.
mnemonic			UKRAIN	д	UKRAIN:DIALOG:dlgEditorFind:969	prototype to replace	none; resource binding pending	Language-specific resource mnemonic.
mnemonic			UKRAIN	У	UKRAIN:DIALOG:dlgEditorFind:973	prototype to replace	none; resource binding pending	Language-specific resource mnemonic.
mnemonic			UKRAIN	м	UKRAIN:DIALOG:dlgEditorFind:974	prototype to replace	none; resource binding pending	Language-specific resource mnemonic.
mnemonic			UKRAIN	ч	UKRAIN:DIALOG:dlgEditorFind:978	prototype to replace	none; resource binding pending	Language-specific resource mnemonic.
mnemonic			UKRAIN	п	UKRAIN:DIALOG:dlgEditorFind:979	prototype to replace	none; resource binding pending	Language-specific resource mnemonic.
mnemonic			UKRAIN	К	UKRAIN:DIALOG:dlgEditorFind:982	prototype to replace	none; resource binding pending	Language-specific resource mnemonic.
mnemonic			UKRAIN	г	UKRAIN:DIALOG:dlgEditorFind:984	prototype to replace	none; resource binding pending	Language-specific resource mnemonic.
mnemonic			UKRAIN	т	UKRAIN:DIALOG:dlgEditorFind:986	prototype to replace	none; resource binding pending	Language-specific resource mnemonic.
mnemonic			UKRAIN	и	UKRAIN:DIALOG:dlgEditorFind:988	prototype to replace	none; resource binding pending	Language-specific resource mnemonic.
mnemonic			UKRAIN	Р	UKRAIN:DIALOG:dlgEditorReplace:996	prototype to replace	none; resource binding pending	Language-specific resource mnemonic.
mnemonic			UKRAIN	о	UKRAIN:DIALOG:dlgEditorReplace:997	prototype to replace	none; resource binding pending	Language-specific resource mnemonic.
mnemonic			UKRAIN	З	UKRAIN:DIALOG:dlgEditorReplace:998	prototype to replace	none; resource binding pending	Language-specific resource mnemonic.
mnemonic			UKRAIN	г	UKRAIN:DIALOG:dlgEditorReplace:1000	prototype to replace	none; resource binding pending	Language-specific resource mnemonic.
mnemonic			UKRAIN	е	UKRAIN:DIALOG:dlgEditorReplace:1005	prototype to replace	none; resource binding pending	Language-specific resource mnemonic.
mnemonic			UKRAIN	д	UKRAIN:DIALOG:dlgEditorReplace:1006	prototype to replace	none; resource binding pending	Language-specific resource mnemonic.
mnemonic			UKRAIN	в	UKRAIN:DIALOG:dlgEditorReplace:1011	prototype to replace	none; resource binding pending	Language-specific resource mnemonic.
mnemonic			UKRAIN	м	UKRAIN:DIALOG:dlgEditorReplace:1012	prototype to replace	none; resource binding pending	Language-specific resource mnemonic.
mnemonic			UKRAIN	ч	UKRAIN:DIALOG:dlgEditorReplace:1016	prototype to replace	none; resource binding pending	Language-specific resource mnemonic.
mnemonic			UKRAIN	п	UKRAIN:DIALOG:dlgEditorReplace:1017	prototype to replace	none; resource binding pending	Language-specific resource mnemonic.
mnemonic			UKRAIN	К	UKRAIN:DIALOG:dlgEditorReplace:1020	prototype to replace	none; resource binding pending	Language-specific resource mnemonic.
mnemonic			UKRAIN	в	UKRAIN:DIALOG:dlgEditorReplace:1021	prototype to replace	none; resource binding pending	Language-specific resource mnemonic.
mnemonic			UKRAIN	г	UKRAIN:DIALOG:dlgEditorReplace:1023	prototype to replace	none; resource binding pending	Language-specific resource mnemonic.
mnemonic			UKRAIN	т	UKRAIN:DIALOG:dlgEditorReplace:1025	prototype to replace	none; resource binding pending	Language-specific resource mnemonic.
mnemonic			UKRAIN	и	UKRAIN:DIALOG:dlgEditorReplace:1027	prototype to replace	none; resource binding pending	Language-specific resource mnemonic.
mnemonic			UKRAIN	Н	UKRAIN:DIALOG:dlgEditorReplace:1029	prototype to replace	none; resource binding pending	Language-specific resource mnemonic.
mnemonic			UKRAIN	Ф	UKRAIN:DIALOG:dlgFileFind:1042	prototype to replace	none; resource binding pending	Language-specific resource mnemonic.
mnemonic			UKRAIN	Ш	UKRAIN:DIALOG:dlgFileFind:1044	prototype to replace	none; resource binding pending	Language-specific resource mnemonic.
mnemonic			UKRAIN	и	UKRAIN:DIALOG:dlgFileFind:1046	prototype to replace	none; resource binding pending	Language-specific resource mnemonic.
mnemonic			UKRAIN	о	UKRAIN:DIALOG:dlgFileFind:1048	prototype to replace	none; resource binding pending	Language-specific resource mnemonic.
mnemonic			UKRAIN	Н	UKRAIN:DIALOG:dlgFileFind:1049	prototype to replace	none; resource binding pending	Language-specific resource mnemonic.
mnemonic			UKRAIN	е	UKRAIN:DIALOG:dlgFileFind:1050	prototype to replace	none; resource binding pending	Language-specific resource mnemonic.
mnemonic			UKRAIN	П	UKRAIN:DIALOG:dlgFileFind:1051	prototype to replace	none; resource binding pending	Language-specific resource mnemonic.
mnemonic			UKRAIN	Р	UKRAIN:DIALOG:dlgFileFind:1052	prototype to replace	none; resource binding pending	Language-specific resource mnemonic.
mnemonic			UKRAIN	с	UKRAIN:DIALOG:dlgFileFind:1053	prototype to replace	none; resource binding pending	Language-specific resource mnemonic.
mnemonic			UKRAIN	о	UKRAIN:DIALOG:dlgFileFind:1054	prototype to replace	none; resource binding pending	Language-specific resource mnemonic.
mnemonic			UKRAIN	г	UKRAIN:DIALOG:dlgFileFind:1056	prototype to replace	none; resource binding pending	Language-specific resource mnemonic.
mnemonic			UKRAIN	т	UKRAIN:DIALOG:dlgFileFind:1061	prototype to replace	none; resource binding pending	Language-specific resource mnemonic.
mnemonic			UKRAIN	л	UKRAIN:DIALOG:dlgFileFind:1062	prototype to replace	none; resource binding pending	Language-specific resource mnemonic.
mnemonic			UKRAIN	Д	UKRAIN:DIALOG:dlgFileFind:1063	prototype to replace	none; resource binding pending	Language-specific resource mnemonic.
mnemonic			UKRAIN	В	UKRAIN:DIALOG:dlgFileFind:1064	prototype to replace	none; resource binding pending	Language-specific resource mnemonic.
mnemonic			UKRAIN	К	UKRAIN:DIALOG:dlgFileFind:1067	prototype to replace	none; resource binding pending	Language-specific resource mnemonic.
mnemonic			UKRAIN	ш	UKRAIN:DIALOG:dlgFileFind:1068	prototype to replace	none; resource binding pending	Language-specific resource mnemonic.
mnemonic			UKRAIN	г	UKRAIN:DIALOG:dlgFileFind:1070	prototype to replace	none; resource binding pending	Language-specific resource mnemonic.
mnemonic			UKRAIN	Ф	UKRAIN:DIALOG:dlgArcFileFind:1077	prototype to replace	none; resource binding pending	Language-specific resource mnemonic.
mnemonic			UKRAIN	о	UKRAIN:DIALOG:dlgArcFileFind:1080	prototype to replace	none; resource binding pending	Language-specific resource mnemonic.
mnemonic			UKRAIN	Н	UKRAIN:DIALOG:dlgArcFileFind:1081	prototype to replace	none; resource binding pending	Language-specific resource mnemonic.
mnemonic			UKRAIN	е	UKRAIN:DIALOG:dlgArcFileFind:1082	prototype to replace	none; resource binding pending	Language-specific resource mnemonic.
mnemonic			UKRAIN	К	UKRAIN:DIALOG:dlgArcFileFind:1085	prototype to replace	none; resource binding pending	Language-specific resource mnemonic.
mnemonic			UKRAIN	ш	UKRAIN:DIALOG:dlgArcFileFind:1086	prototype to replace	none; resource binding pending	Language-specific resource mnemonic.
mnemonic			UKRAIN	г	UKRAIN:DIALOG:dlgArcFileFind:1088	prototype to replace	none; resource binding pending	Language-specific resource mnemonic.
mnemonic			UKRAIN	Ф	UKRAIN:DIALOG:dlgFoundFileFind:1094	prototype to replace	none; resource binding pending	Language-specific resource mnemonic.
mnemonic			UKRAIN	Ш	UKRAIN:DIALOG:dlgFoundFileFind:1096	prototype to replace	none; resource binding pending	Language-specific resource mnemonic.
mnemonic			UKRAIN	и	UKRAIN:DIALOG:dlgFoundFileFind:1098	prototype to replace	none; resource binding pending	Language-specific resource mnemonic.
mnemonic			UKRAIN	о	UKRAIN:DIALOG:dlgFoundFileFind:1100	prototype to replace	none; resource binding pending	Language-specific resource mnemonic.
mnemonic			UKRAIN	Н	UKRAIN:DIALOG:dlgFoundFileFind:1101	prototype to replace	none; resource binding pending	Language-specific resource mnemonic.
mnemonic			UKRAIN	г	UKRAIN:DIALOG:dlgFoundFileFind:1102	prototype to replace	none; resource binding pending	Language-specific resource mnemonic.
mnemonic			UKRAIN	П	UKRAIN:DIALOG:dlgFoundFileFind:1103	prototype to replace	none; resource binding pending	Language-specific resource mnemonic.
mnemonic			UKRAIN	Р	UKRAIN:DIALOG:dlgFoundFileFind:1104	prototype to replace	none; resource binding pending	Language-specific resource mnemonic.
mnemonic			UKRAIN	с	UKRAIN:DIALOG:dlgFoundFileFind:1105	prototype to replace	none; resource binding pending	Language-specific resource mnemonic.
mnemonic			UKRAIN	о	UKRAIN:DIALOG:dlgFoundFileFind:1106	prototype to replace	none; resource binding pending	Language-specific resource mnemonic.
mnemonic			UKRAIN	г	UKRAIN:DIALOG:dlgFoundFileFind:1108	prototype to replace	none; resource binding pending	Language-specific resource mnemonic.
mnemonic			UKRAIN	я	UKRAIN:DIALOG:dlgFoundFileFind:1113	prototype to replace	none; resource binding pending	Language-specific resource mnemonic.
mnemonic			UKRAIN	л	UKRAIN:DIALOG:dlgFoundFileFind:1114	prototype to replace	none; resource binding pending	Language-specific resource mnemonic.
mnemonic			UKRAIN	К	UKRAIN:DIALOG:dlgFoundFileFind:1117	prototype to replace	none; resource binding pending	Language-specific resource mnemonic.
mnemonic			UKRAIN	ш	UKRAIN:DIALOG:dlgFoundFileFind:1118	prototype to replace	none; resource binding pending	Language-specific resource mnemonic.
mnemonic			UKRAIN	г	UKRAIN:DIALOG:dlgFoundFileFind:1120	prototype to replace	none; resource binding pending	Language-specific resource mnemonic.
mnemonic			UKRAIN	Ф	UKRAIN:DIALOG:dlgFoundArcFileFind:1128	prototype to replace	none; resource binding pending	Language-specific resource mnemonic.
mnemonic			UKRAIN	о	UKRAIN:DIALOG:dlgFoundArcFileFind:1131	prototype to replace	none; resource binding pending	Language-specific resource mnemonic.
mnemonic			UKRAIN	Н	UKRAIN:DIALOG:dlgFoundArcFileFind:1132	prototype to replace	none; resource binding pending	Language-specific resource mnemonic.
mnemonic			UKRAIN	К	UKRAIN:DIALOG:dlgFoundArcFileFind:1135	prototype to replace	none; resource binding pending	Language-specific resource mnemonic.
mnemonic			UKRAIN	ш	UKRAIN:DIALOG:dlgFoundArcFileFind:1136	prototype to replace	none; resource binding pending	Language-specific resource mnemonic.
mnemonic			UKRAIN	г	UKRAIN:DIALOG:dlgFoundArcFileFind:1138	prototype to replace	none; resource binding pending	Language-specific resource mnemonic.
mnemonic			UKRAIN	I	UKRAIN:DIALOG:dlgMkDir:1144	prototype to replace	none; resource binding pending	Language-specific resource mnemonic.
mnemonic			UKRAIN	В	UKRAIN:DIALOG:dlgMkDir:1146	prototype to replace	none; resource binding pending	Language-specific resource mnemonic.
mnemonic			UKRAIN	М	UKRAIN:DIALOG:dlgMkDir:1147	prototype to replace	none; resource binding pending	Language-specific resource mnemonic.
mnemonic			UKRAIN	К	UKRAIN:DIALOG:dlgMkDir:1149	prototype to replace	none; resource binding pending	Language-specific resource mnemonic.
mnemonic			UKRAIN	г	UKRAIN:DIALOG:dlgMkDir:1151	prototype to replace	none; resource binding pending	Language-specific resource mnemonic.
mnemonic			UKRAIN	I	UKRAIN:DIALOG:dlgRenFl:1158	prototype to replace	none; resource binding pending	Language-specific resource mnemonic.
mnemonic			UKRAIN	В	UKRAIN:DIALOG:dlgRenFl:1160	prototype to replace	none; resource binding pending	Language-specific resource mnemonic.
mnemonic			UKRAIN	М	UKRAIN:DIALOG:dlgRenFl:1161	prototype to replace	none; resource binding pending	Language-specific resource mnemonic.
mnemonic			UKRAIN	К	UKRAIN:DIALOG:dlgRenFl:1163	prototype to replace	none; resource binding pending	Language-specific resource mnemonic.
mnemonic			UKRAIN	г	UKRAIN:DIALOG:dlgRenFl:1165	prototype to replace	none; resource binding pending	Language-specific resource mnemonic.
mnemonic			UKRAIN	р	UKRAIN:DIALOG:dlgCopyDialog:1175	prototype to replace	none; resource binding pending	Language-specific resource mnemonic.
mnemonic			UKRAIN	м	UKRAIN:DIALOG:dlgCopyDialog:1181	prototype to replace	none; resource binding pending	Language-specific resource mnemonic.
mnemonic			UKRAIN	з	UKRAIN:DIALOG:dlgCopyDialog:1182	prototype to replace	none; resource binding pending	Language-specific resource mnemonic.
mnemonic			UKRAIN	о	UKRAIN:DIALOG:dlgCopyDialog:1183	prototype to replace	none; resource binding pending	Language-specific resource mnemonic.
mnemonic			UKRAIN	л	UKRAIN:DIALOG:dlgCopyDialog:1186	prototype to replace	none; resource binding pending	Language-specific resource mnemonic.
mnemonic			UKRAIN	д	UKRAIN:DIALOG:dlgCopyDialog:1189	prototype to replace	none; resource binding pending	Language-specific resource mnemonic.
mnemonic			UKRAIN	и	UKRAIN:DIALOG:dlgCopyDialog:1192	prototype to replace	none; resource binding pending	Language-specific resource mnemonic.
mnemonic			UKRAIN	г	UKRAIN:DIALOG:dlgCopyDialog:1197	prototype to replace	none; resource binding pending	Language-specific resource mnemonic.
mnemonic			UKRAIN	ф	UKRAIN:DIALOG:dlgMakeList:1204	prototype to replace	none; resource binding pending	Language-specific resource mnemonic.
mnemonic			UKRAIN	ч	UKRAIN:DIALOG:dlgMakeList:1206	prototype to replace	none; resource binding pending	Language-specific resource mnemonic.
mnemonic			UKRAIN	в	UKRAIN:DIALOG:dlgMakeList:1208	prototype to replace	none; resource binding pending	Language-specific resource mnemonic.
mnemonic			UKRAIN	и	UKRAIN:DIALOG:dlgMakeList:1209	prototype to replace	none; resource binding pending	Language-specific resource mnemonic.
mnemonic			UKRAIN	й	UKRAIN:DIALOG:dlgMakeList:1210	prototype to replace	none; resource binding pending	Language-specific resource mnemonic.
mnemonic			UKRAIN	Д	UKRAIN:DIALOG:dlgMakeList:1213	prototype to replace	none; resource binding pending	Language-specific resource mnemonic.
mnemonic			UKRAIN	ц	UKRAIN:DIALOG:dlgMakeList:1221	prototype to replace	none; resource binding pending	Language-specific resource mnemonic.
mnemonic			UKRAIN	т	UKRAIN:DIALOG:dlgMakeList:1223	prototype to replace	none; resource binding pending	Language-specific resource mnemonic.
mnemonic			UKRAIN	е	UKRAIN:DIALOG:dlgMakeList:1224	prototype to replace	none; resource binding pending	Language-specific resource mnemonic.
mnemonic			UKRAIN	л	UKRAIN:DIALOG:dlgMakeList:1225	prototype to replace	none; resource binding pending	Language-specific resource mnemonic.
mnemonic			UKRAIN	К	UKRAIN:DIALOG:dlgMakeList:1227	prototype to replace	none; resource binding pending	Language-specific resource mnemonic.
mnemonic			UKRAIN	г	UKRAIN:DIALOG:dlgMakeList:1229	prototype to replace	none; resource binding pending	Language-specific resource mnemonic.
mnemonic			UKRAIN	К	UKRAIN:DIALOG:dlgDiskError:1237	prototype to replace	none; resource binding pending	Language-specific resource mnemonic.
mnemonic			UKRAIN	Р	UKRAIN:DIALOG:dlgPanelShowSetup:1243	prototype to replace	none; resource binding pending	Language-specific resource mnemonic.
mnemonic			UKRAIN	Д	UKRAIN:DIALOG:dlgPanelShowSetup:1246	prototype to replace	none; resource binding pending	Language-specific resource mnemonic.
mnemonic			UKRAIN	Ч	UKRAIN:DIALOG:dlgPanelShowSetup:1247	prototype to replace	none; resource binding pending	Language-specific resource mnemonic.
mnemonic			UKRAIN	О	UKRAIN:DIALOG:dlgPanelShowSetup:1252	prototype to replace	none; resource binding pending	Language-specific resource mnemonic.
mnemonic			UKRAIN	К	UKRAIN:DIALOG:dlgPanelShowSetup:1266	prototype to replace	none; resource binding pending	Language-specific resource mnemonic.
mnemonic			UKRAIN	Ф	UKRAIN:DIALOG:dlgPanelShowSetup:1274	prototype to replace	none; resource binding pending	Language-specific resource mnemonic.
mnemonic			UKRAIN	Ш	UKRAIN:DIALOG:dlgPanelShowSetup:1276	prototype to replace	none; resource binding pending	Language-specific resource mnemonic.
mnemonic			UKRAIN	У	UKRAIN:DIALOG:dlgPanelShowSetup:1278	prototype to replace	none; resource binding pending	Language-specific resource mnemonic.
mnemonic			UKRAIN	а	UKRAIN:DIALOG:dlgPanelShowSetup:1286	prototype to replace	none; resource binding pending	Language-specific resource mnemonic.
mnemonic			UKRAIN	М	UKRAIN:DIALOG:dlgPanelShowSetup:1389	prototype to replace	none; resource binding pending	Language-specific resource mnemonic.
mnemonic			UKRAIN	З	UKRAIN:DIALOG:dlgPanelShowSetup:1390	prototype to replace	none; resource binding pending	Language-specific resource mnemonic.
mnemonic			UKRAIN	З	UKRAIN:DIALOG:dlgPanelShowSetup:1394	prototype to replace	none; resource binding pending	Language-specific resource mnemonic.
mnemonic			UKRAIN	О	UKRAIN:DIALOG:dlgPanelShowSetup:1395	prototype to replace	none; resource binding pending	Language-specific resource mnemonic.
mnemonic			UKRAIN	Д	UKRAIN:DIALOG:dlgSavePanelSetup:1403	prototype to replace	none; resource binding pending	Language-specific resource mnemonic.
mnemonic			UKRAIN	С	UKRAIN:DIALOG:dlgSavePanelSetup:1404	prototype to replace	none; resource binding pending	Language-specific resource mnemonic.
mnemonic			UKRAIN	А	UKRAIN:DIALOG:dlgSavePanelSetup:1405	prototype to replace	none; resource binding pending	Language-specific resource mnemonic.
mnemonic			UKRAIN	В	UKRAIN:DIALOG:dlgSavePanelSetup:1407	prototype to replace	none; resource binding pending	Language-specific resource mnemonic.
mnemonic			UKRAIN	Ц	UKRAIN:DIALOG:dlgSavePanelSetup:1412	prototype to replace	none; resource binding pending	Language-specific resource mnemonic.
mnemonic			UKRAIN	ш	UKRAIN:DIALOG:dlgSavePanelSetup:1413	prototype to replace	none; resource binding pending	Language-specific resource mnemonic.
mnemonic			UKRAIN	с	UKRAIN:DIALOG:dlgSavePanelSetup:1416	prototype to replace	none; resource binding pending	Language-specific resource mnemonic.
mnemonic			UKRAIN	K	UKRAIN:DIALOG:dlgSavePanelSetup:1418	prototype to replace	none; resource binding pending	Language-specific resource mnemonic.
mnemonic			UKRAIN	Ч	UKRAIN:DIALOG:dlgFileAttr:1427	prototype to replace	none; resource binding pending	Language-specific resource mnemonic.
mnemonic			UKRAIN	Д	UKRAIN:DIALOG:dlgFileAttr:1429	prototype to replace	none; resource binding pending	Language-specific resource mnemonic.
mnemonic			UKRAIN	К	UKRAIN:DIALOG:dlgFileAttr:1443	prototype to replace	none; resource binding pending	Language-specific resource mnemonic.
mnemonic			UKRAIN	Т	UKRAIN:DIALOG:dlgFileAttr:1448	prototype to replace	none; resource binding pending	Language-specific resource mnemonic.
mnemonic			UKRAIN	С	UKRAIN:DIALOG:dlgFileAttr:1449	prototype to replace	none; resource binding pending	Language-specific resource mnemonic.
mnemonic			UKRAIN	и	UKRAIN:DIALOG:dlgFileAttr:1450	prototype to replace	none; resource binding pending	Language-specific resource mnemonic.
mnemonic			UKRAIN	М	UKRAIN:DIALOG:dlgFileAttr:1451	prototype to replace	none; resource binding pending	Language-specific resource mnemonic.
mnemonic			UKRAIN	г	UKRAIN:DIALOG:dlgFileAttr:1452	prototype to replace	none; resource binding pending	Language-specific resource mnemonic.
mnemonic			UKRAIN	А	UKRAIN:DIALOG:dlgFileAttr:1453	prototype to replace	none; resource binding pending	Language-specific resource mnemonic.
mnemonic			UKRAIN	е	UKRAIN:DIALOG:dlgFilesAttr:1460	prototype to replace	none; resource binding pending	Language-specific resource mnemonic.
mnemonic			UKRAIN	Ч	UKRAIN:DIALOG:dlgFilesAttr:1463	prototype to replace	none; resource binding pending	Language-specific resource mnemonic.
mnemonic			UKRAIN	Д	UKRAIN:DIALOG:dlgFilesAttr:1465	prototype to replace	none; resource binding pending	Language-specific resource mnemonic.
mnemonic			UKRAIN	К	UKRAIN:DIALOG:dlgFilesAttr:1479	prototype to replace	none; resource binding pending	Language-specific resource mnemonic.
mnemonic			UKRAIN	Т	UKRAIN:DIALOG:dlgFilesAttr:1484	prototype to replace	none; resource binding pending	Language-specific resource mnemonic.
mnemonic			UKRAIN	С	UKRAIN:DIALOG:dlgFilesAttr:1485	prototype to replace	none; resource binding pending	Language-specific resource mnemonic.
mnemonic			UKRAIN	и	UKRAIN:DIALOG:dlgFilesAttr:1486	prototype to replace	none; resource binding pending	Language-specific resource mnemonic.
mnemonic			UKRAIN	М	UKRAIN:DIALOG:dlgFilesAttr:1487	prototype to replace	none; resource binding pending	Language-specific resource mnemonic.
mnemonic			UKRAIN	г	UKRAIN:DIALOG:dlgFilesAttr:1488	prototype to replace	none; resource binding pending	Language-specific resource mnemonic.
mnemonic			UKRAIN	А	UKRAIN:DIALOG:dlgFilesAttr:1489	prototype to replace	none; resource binding pending	Language-specific resource mnemonic.
mnemonic			UKRAIN	Т	UKRAIN:DIALOG:dlgFilesAttr:1492	prototype to replace	none; resource binding pending	Language-specific resource mnemonic.
mnemonic			UKRAIN	С	UKRAIN:DIALOG:dlgFilesAttr:1493	prototype to replace	none; resource binding pending	Language-specific resource mnemonic.
mnemonic			UKRAIN	и	UKRAIN:DIALOG:dlgFilesAttr:1494	prototype to replace	none; resource binding pending	Language-specific resource mnemonic.
mnemonic			UKRAIN	М	UKRAIN:DIALOG:dlgFilesAttr:1495	prototype to replace	none; resource binding pending	Language-specific resource mnemonic.
mnemonic			UKRAIN	г	UKRAIN:DIALOG:dlgFilesAttr:1496	prototype to replace	none; resource binding pending	Language-specific resource mnemonic.
mnemonic			UKRAIN	А	UKRAIN:DIALOG:dlgFilesAttr:1497	prototype to replace	none; resource binding pending	Language-specific resource mnemonic.
mnemonic			UKRAIN	У	UKRAIN:DIALOG:dlgFilesAttr:1501	prototype to replace	none; resource binding pending	Language-specific resource mnemonic.
mnemonic			UKRAIN	р	UKRAIN:DIALOG:dlgCompareDirs:1507	prototype to replace	none; resource binding pending	Language-specific resource mnemonic.
mnemonic			UKRAIN	ч	UKRAIN:DIALOG:dlgCompareDirs:1508	prototype to replace	none; resource binding pending	Language-specific resource mnemonic.
mnemonic			UKRAIN	а	UKRAIN:DIALOG:dlgCompareDirs:1509	prototype to replace	none; resource binding pending	Language-specific resource mnemonic.
mnemonic			UKRAIN	в	UKRAIN:DIALOG:dlgCompareDirs:1510	prototype to replace	none; resource binding pending	Language-specific resource mnemonic.
mnemonic			UKRAIN	т	UKRAIN:DIALOG:dlgCompareDirs:1511	prototype to replace	none; resource binding pending	Language-specific resource mnemonic.
mnemonic			UKRAIN	Ф	UKRAIN:DIALOG:dlgCompareDirs:1516	prototype to replace	none; resource binding pending	Language-specific resource mnemonic.
mnemonic			UKRAIN	В	UKRAIN:DIALOG:dlgCompareDirs:1519	prototype to replace	none; resource binding pending	Language-specific resource mnemonic.
mnemonic			UKRAIN	з	UKRAIN:DIALOG:dlgCompareDirs:1520	prototype to replace	none; resource binding pending	Language-specific resource mnemonic.
mnemonic			UKRAIN	К	UKRAIN:DIALOG:dlgCompareDirs:1523	prototype to replace	none; resource binding pending	Language-specific resource mnemonic.
mnemonic			UKRAIN	м	UKRAIN:DIALOG:dlgCompareDirs:1524	prototype to replace	none; resource binding pending	Language-specific resource mnemonic.
mnemonic			UKRAIN	г	UKRAIN:DIALOG:dlgCompareDirs:1526	prototype to replace	none; resource binding pending	Language-specific resource mnemonic.
mnemonic			UKRAIN	П	UKRAIN:DIALOG:dlgSetPassword:1532	prototype to replace	none; resource binding pending	Language-specific resource mnemonic.
mnemonic			UKRAIN	К	UKRAIN:DIALOG:dlgSetPassword:1533	prototype to replace	none; resource binding pending	Language-specific resource mnemonic.
mnemonic			UKRAIN	г	UKRAIN:DIALOG:dlgSetPassword:1535	prototype to replace	none; resource binding pending	Language-specific resource mnemonic.
mnemonic			UKRAIN	м	UKRAIN:DIALOG:dlgLoginPassword:1541	prototype to replace	none; resource binding pending	Language-specific resource mnemonic.
mnemonic			UKRAIN	П	UKRAIN:DIALOG:dlgLoginPassword:1543	prototype to replace	none; resource binding pending	Language-specific resource mnemonic.
mnemonic			UKRAIN	К	UKRAIN:DIALOG:dlgLoginPassword:1545	prototype to replace	none; resource binding pending	Language-specific resource mnemonic.
mnemonic			UKRAIN	г	UKRAIN:DIALOG:dlgLoginPassword:1547	prototype to replace	none; resource binding pending	Language-specific resource mnemonic.
mnemonic			UKRAIN	Д	UKRAIN:DIALOG:dlgExtract:1553	prototype to replace	none; resource binding pending	Language-specific resource mnemonic.
mnemonic			UKRAIN	ш	UKRAIN:DIALOG:dlgExtract:1555	prototype to replace	none; resource binding pending	Language-specific resource mnemonic.
mnemonic			UKRAIN	т	UKRAIN:DIALOG:dlgExtract:1556	prototype to replace	none; resource binding pending	Language-specific resource mnemonic.
mnemonic			UKRAIN	р	UKRAIN:DIALOG:dlgExtract:1557	prototype to replace	none; resource binding pending	Language-specific resource mnemonic.
mnemonic			UKRAIN	в	UKRAIN:DIALOG:dlgExtract:1558	prototype to replace	none; resource binding pending	Language-specific resource mnemonic.
mnemonic			UKRAIN	П	UKRAIN:DIALOG:dlgExtract:1561	prototype to replace	none; resource binding pending	Language-specific resource mnemonic.
mnemonic			UKRAIN	К	UKRAIN:DIALOG:dlgExtract:1562	prototype to replace	none; resource binding pending	Language-specific resource mnemonic.
mnemonic			UKRAIN	Д	UKRAIN:DIALOG:dlgExtract:1564	prototype to replace	none; resource binding pending	Language-specific resource mnemonic.
mnemonic			UKRAIN	г	UKRAIN:DIALOG:dlgExtract:1565	prototype to replace	none; resource binding pending	Language-specific resource mnemonic.
mnemonic			UKRAIN	В	UKRAIN:DIALOG:dlgCommandsHistory:1570	prototype to replace	none; resource binding pending	Language-specific resource mnemonic.
mnemonic			UKRAIN	К	UKRAIN:DIALOG:dlgCommandsHistory:1571	prototype to replace	none; resource binding pending	Language-specific resource mnemonic.
mnemonic			UKRAIN	P	UKRAIN:DIALOG:dlgCommandsHistory:1572	prototype to replace	none; resource binding pending	Language-specific resource mnemonic.
mnemonic			UKRAIN	и	UKRAIN:DIALOG:dlgCommandsHistory:1573	prototype to replace	none; resource binding pending	Language-specific resource mnemonic.
mnemonic			UKRAIN	П	UKRAIN:DIALOG:dlgDirectoryHistory:1579	prototype to replace	none; resource binding pending	Language-specific resource mnemonic.
mnemonic			UKRAIN	и	UKRAIN:DIALOG:dlgDirectoryHistory:1580	prototype to replace	none; resource binding pending	Language-specific resource mnemonic.
mnemonic			UKRAIN	с	UKRAIN:DIALOG:dlgDirectoryHistory:1581	prototype to replace	none; resource binding pending	Language-specific resource mnemonic.
mnemonic			UKRAIN	В	UKRAIN:DIALOG:dlgEditHistory:1587	prototype to replace	none; resource binding pending	Language-specific resource mnemonic.
mnemonic			UKRAIN	и	UKRAIN:DIALOG:dlgEditHistory:1588	prototype to replace	none; resource binding pending	Language-specific resource mnemonic.
mnemonic			UKRAIN	с	UKRAIN:DIALOG:dlgEditHistory:1589	prototype to replace	none; resource binding pending	Language-specific resource mnemonic.
mnemonic			UKRAIN	В	UKRAIN:DIALOG:dlgViewHistory:1595	prototype to replace	none; resource binding pending	Language-specific resource mnemonic.
mnemonic			UKRAIN	и	UKRAIN:DIALOG:dlgViewHistory:1596	prototype to replace	none; resource binding pending	Language-specific resource mnemonic.
mnemonic			UKRAIN	с	UKRAIN:DIALOG:dlgViewHistory:1597	prototype to replace	none; resource binding pending	Language-specific resource mnemonic.
mnemonic			UKRAIN	П	UKRAIN:DIALOG:dlgSetupArc:1604	prototype to replace	none; resource binding pending	Language-specific resource mnemonic.
mnemonic			UKRAIN	Р	UKRAIN:DIALOG:dlgSetupArc:1606	prototype to replace	none; resource binding pending	Language-specific resource mnemonic.
mnemonic			UKRAIN	Д	UKRAIN:DIALOG:dlgSetupArc:1608	prototype to replace	none; resource binding pending	Language-specific resource mnemonic.
mnemonic			UKRAIN	о	UKRAIN:DIALOG:dlgSetupArc:1610	prototype to replace	none; resource binding pending	Language-specific resource mnemonic.
mnemonic			UKRAIN	Д	UKRAIN:DIALOG:dlgSetupArc:1612	prototype to replace	none; resource binding pending	Language-specific resource mnemonic.
mnemonic			UKRAIN	е	UKRAIN:DIALOG:dlgSetupArc:1614	prototype to replace	none; resource binding pending	Language-specific resource mnemonic.
mnemonic			UKRAIN	В	UKRAIN:DIALOG:dlgSetupArc:1616	prototype to replace	none; resource binding pending	Language-specific resource mnemonic.
mnemonic			UKRAIN	Т	UKRAIN:DIALOG:dlgSetupArc:1618	prototype to replace	none; resource binding pending	Language-specific resource mnemonic.
mnemonic			UKRAIN	о	UKRAIN:DIALOG:dlgSetupArc:1620	prototype to replace	none; resource binding pending	Language-specific resource mnemonic.
mnemonic			UKRAIN	В	UKRAIN:DIALOG:dlgSetupArc:1622	prototype to replace	none; resource binding pending	Language-specific resource mnemonic.
mnemonic			UKRAIN	ч	UKRAIN:DIALOG:dlgSetupArc:1624	prototype to replace	none; resource binding pending	Language-specific resource mnemonic.
mnemonic			UKRAIN	а	UKRAIN:DIALOG:dlgSetupArc:1626	prototype to replace	none; resource binding pending	Language-specific resource mnemonic.
mnemonic			UKRAIN	й	UKRAIN:DIALOG:dlgSetupArc:1630	prototype to replace	none; resource binding pending	Language-specific resource mnemonic.
mnemonic			UKRAIN	з	UKRAIN:DIALOG:dlgSetupArc:1632	prototype to replace	none; resource binding pending	Language-specific resource mnemonic.
mnemonic			UKRAIN	т	UKRAIN:DIALOG:dlgSetupArc:1639	prototype to replace	none; resource binding pending	Language-specific resource mnemonic.
mnemonic			UKRAIN	ш	UKRAIN:DIALOG:dlgSetupArc:1641	prototype to replace	none; resource binding pending	Language-specific resource mnemonic.
mnemonic			UKRAIN	Ш	UKRAIN:DIALOG:dlgSetupArc:1643	prototype to replace	none; resource binding pending	Language-specific resource mnemonic.
mnemonic			UKRAIN	Н	UKRAIN:DIALOG:dlgSetupArc:1645	prototype to replace	none; resource binding pending	Language-specific resource mnemonic.
mnemonic			UKRAIN	Д	UKRAIN:DIALOG:dlgSetupArc:1647	prototype to replace	none; resource binding pending	Language-specific resource mnemonic.
mnemonic			UKRAIN	К	UKRAIN:DIALOG:dlgSetupArc:1675	prototype to replace	none; resource binding pending	Language-specific resource mnemonic.
mnemonic			UKRAIN	г	UKRAIN:DIALOG:dlgSetupArc:1677	prototype to replace	none; resource binding pending	Language-specific resource mnemonic.
mnemonic			UKRAIN	М	UKRAIN:DIALOG:dlgSelect:1683	prototype to replace	none; resource binding pending	Language-specific resource mnemonic.
mnemonic			UKRAIN	и	UKRAIN:DIALOG:dlgSelect:1685	prototype to replace	none; resource binding pending	Language-specific resource mnemonic.
mnemonic			UKRAIN	К	UKRAIN:DIALOG:dlgSelect:1687	prototype to replace	none; resource binding pending	Language-specific resource mnemonic.
mnemonic			UKRAIN	М	UKRAIN:DIALOG:dlgUnselect:1694	prototype to replace	none; resource binding pending	Language-specific resource mnemonic.
mnemonic			UKRAIN	и	UKRAIN:DIALOG:dlgUnselect:1696	prototype to replace	none; resource binding pending	Language-specific resource mnemonic.
mnemonic			UKRAIN	К	UKRAIN:DIALOG:dlgUnselect:1698	prototype to replace	none; resource binding pending	Language-specific resource mnemonic.
mnemonic			UKRAIN	Z	UKRAIN:DIALOG:dlgUnselect:1723	prototype to replace	none; resource binding pending	Language-specific resource mnemonic.
mnemonic			UKRAIN	X	UKRAIN:DIALOG:dlgUnselect:1731	prototype to replace	none; resource binding pending	Language-specific resource mnemonic.
mnemonic			UKRAIN	и	UKRAIN:DIALOG:dlgUnselect:1757	prototype to replace	none; resource binding pending	Language-specific resource mnemonic.
mnemonic			UKRAIN	-	UKRAIN:DIALOG:dlgUnselect:1758	prototype to replace	none; resource binding pending	Language-specific resource mnemonic.
mnemonic			UKRAIN	с	UKRAIN:DIALOG:dlgUnselect:1759	prototype to replace	none; resource binding pending	Language-specific resource mnemonic.
mnemonic			UKRAIN	S	UKRAIN:DIALOG:dlgUnselect:1760	prototype to replace	none; resource binding pending	Language-specific resource mnemonic.
mnemonic			UKRAIN	W	UKRAIN:DIALOG:dlgUnselect:1761	prototype to replace	none; resource binding pending	Language-specific resource mnemonic.
mnemonic			UKRAIN	;	UKRAIN:DIALOG:dlgUnselect:1762	prototype to replace	none; resource binding pending	Language-specific resource mnemonic.
mnemonic			UKRAIN	L	UKRAIN:DIALOG:dlgUnselect:1763	prototype to replace	none; resource binding pending	Language-specific resource mnemonic.
mnemonic			UKRAIN	N	UKRAIN:DIALOG:dlgUnselect:1765	prototype to replace	none; resource binding pending	Language-specific resource mnemonic.
mnemonic			UKRAIN	N	UKRAIN:DIALOG:dlgUnselect:1767	prototype to replace	none; resource binding pending	Language-specific resource mnemonic.
mnemonic			UKRAIN	а	UKRAIN:DIALOG:dlgUnselect:1769	prototype to replace	none; resource binding pending	Language-specific resource mnemonic.
mnemonic			UKRAIN	О	UKRAIN:DIALOG:dlgUnselect:1771	prototype to replace	none; resource binding pending	Language-specific resource mnemonic.
mnemonic			UKRAIN	ж	UKRAIN:DIALOG:dlgUnselect:1775	prototype to replace	none; resource binding pending	Language-specific resource mnemonic.
mnemonic			UKRAIN	е	UKRAIN:DIALOG:dlgUnselect:1777	prototype to replace	none; resource binding pending	Language-specific resource mnemonic.
mnemonic			UKRAIN	K	UKRAIN:DIALOG:dlgUnselect:1778	prototype to replace	none; resource binding pending	Language-specific resource mnemonic.
mnemonic			UKRAIN	R	UKRAIN:DIALOG:dlgUnselect:1779	prototype to replace	none; resource binding pending	Language-specific resource mnemonic.
mnemonic			UKRAIN	H	UKRAIN:DIALOG:dlgUnselect:1780	prototype to replace	none; resource binding pending	Language-specific resource mnemonic.
mnemonic			UKRAIN	Y	UKRAIN:DIALOG:dlgUnselect:1781	prototype to replace	none; resource binding pending	Language-specific resource mnemonic.
mnemonic			UKRAIN	X	UKRAIN:DIALOG:dlgUnselect:1788	prototype to replace	none; resource binding pending	Language-specific resource mnemonic.
mnemonic			UKRAIN	Z	UKRAIN:DIALOG:dlgUnselect:1790	prototype to replace	none; resource binding pending	Language-specific resource mnemonic.
mnemonic			UKRAIN	H	UKRAIN:DIALOG:dlgUnselect:1791	prototype to replace	none; resource binding pending	Language-specific resource mnemonic.
mnemonic			UKRAIN	и	UKRAIN:DIALOG:dlgUnselect:1806	prototype to replace	none; resource binding pending	Language-specific resource mnemonic.
mnemonic			UKRAIN	-	UKRAIN:DIALOG:dlgUnselect:1807	prototype to replace	none; resource binding pending	Language-specific resource mnemonic.
mnemonic			UKRAIN	с	UKRAIN:DIALOG:dlgUnselect:1808	prototype to replace	none; resource binding pending	Language-specific resource mnemonic.
mnemonic			UKRAIN	S	UKRAIN:DIALOG:dlgUnselect:1809	prototype to replace	none; resource binding pending	Language-specific resource mnemonic.
mnemonic			UKRAIN	L	UKRAIN:DIALOG:dlgUnselect:1810	prototype to replace	none; resource binding pending	Language-specific resource mnemonic.
mnemonic			UKRAIN	ж	UKRAIN:DIALOG:dlgUnselect:1813	prototype to replace	none; resource binding pending	Language-specific resource mnemonic.
mnemonic			UKRAIN	R	UKRAIN:DIALOG:dlgUnselect:1815	prototype to replace	none; resource binding pending	Language-specific resource mnemonic.
mnemonic			UKRAIN	Y	UKRAIN:DIALOG:dlgUnselect:1816	prototype to replace	none; resource binding pending	Language-specific resource mnemonic.
mnemonic			UKRAIN	X	UKRAIN:DIALOG:dlgUnselect:1823	prototype to replace	none; resource binding pending	Language-specific resource mnemonic.
mnemonic			UKRAIN	Z	UKRAIN:DIALOG:dlgUnselect:1825	prototype to replace	none; resource binding pending	Language-specific resource mnemonic.
mnemonic			UKRAIN	и	UKRAIN:DIALOG:dlgUnselect:1846	prototype to replace	none; resource binding pending	Language-specific resource mnemonic.
mnemonic			UKRAIN	-	UKRAIN:DIALOG:dlgUnselect:1847	prototype to replace	none; resource binding pending	Language-specific resource mnemonic.
mnemonic			UKRAIN	с	UKRAIN:DIALOG:dlgUnselect:1848	prototype to replace	none; resource binding pending	Language-specific resource mnemonic.
mnemonic			UKRAIN	S	UKRAIN:DIALOG:dlgUnselect:1849	prototype to replace	none; resource binding pending	Language-specific resource mnemonic.
mnemonic			UKRAIN	W	UKRAIN:DIALOG:dlgUnselect:1850	prototype to replace	none; resource binding pending	Language-specific resource mnemonic.
mnemonic			UKRAIN	е	UKRAIN:DIALOG:dlgUnselect:1851	prototype to replace	none; resource binding pending	Language-specific resource mnemonic.
mnemonic			UKRAIN	Y	UKRAIN:DIALOG:dlgUnselect:1853	prototype to replace	none; resource binding pending	Language-specific resource mnemonic.
mnemonic			UKRAIN	X	UKRAIN:DIALOG:dlgUnselect:1863	prototype to replace	none; resource binding pending	Language-specific resource mnemonic.
mnemonic			UKRAIN	Z	UKRAIN:DIALOG:dlgUnselect:1865	prototype to replace	none; resource binding pending	Language-specific resource mnemonic.
mnemonic			UKRAIN	H	UKRAIN:DIALOG:dlgUnselect:1866	prototype to replace	none; resource binding pending	Language-specific resource mnemonic.
mnemonic			UKRAIN	X	UKRAIN:DIALOG:dlgUnselect:1896	prototype to replace	none; resource binding pending	Language-specific resource mnemonic.
mnemonic			UKRAIN	Z	UKRAIN:DIALOG:dlgUnselect:1898	prototype to replace	none; resource binding pending	Language-specific resource mnemonic.
mnemonic			UKRAIN	Z	UKRAIN:DIALOG:dlgUnselect:1925	prototype to replace	none; resource binding pending	Language-specific resource mnemonic.
mnemonic			UKRAIN	E	UKRAIN:DIALOG:dlgUnselect:1926	prototype to replace	none; resource binding pending	Language-specific resource mnemonic.
mnemonic			UKRAIN	X	UKRAIN:DIALOG:dlgUnselect:1934	prototype to replace	none; resource binding pending	Language-specific resource mnemonic.
mnemonic			UKRAIN	Z	UKRAIN:DIALOG:dlgUnselect:1936	prototype to replace	none; resource binding pending	Language-specific resource mnemonic.
mnemonic			UKRAIN	C	UKRAIN:DIALOG:dlgUnselect:1945	prototype to replace	none; resource binding pending	Language-specific resource mnemonic.
mnemonic			UKRAIN	D	UKRAIN:DIALOG:dlgUnselect:1946	prototype to replace	none; resource binding pending	Language-specific resource mnemonic.
mnemonic			UKRAIN	F	UKRAIN:DIALOG:dlgUnselect:1947	prototype to replace	none; resource binding pending	Language-specific resource mnemonic.
mnemonic			UKRAIN	R	UKRAIN:DIALOG:dlgUnselect:1948	prototype to replace	none; resource binding pending	Language-specific resource mnemonic.
mnemonic			UKRAIN	S	UKRAIN:DIALOG:dlgUnselect:1949	prototype to replace	none; resource binding pending	Language-specific resource mnemonic.
mnemonic			UKRAIN	J	UKRAIN:DIALOG:dlgUnselect:1953	prototype to replace	none; resource binding pending	Language-specific resource mnemonic.
mnemonic			UKRAIN	Z	UKRAIN:DIALOG:dlgUnselect:1962	prototype to replace	none; resource binding pending	Language-specific resource mnemonic.
mnemonic			UKRAIN	X	UKRAIN:DIALOG:dlgUnselect:1969	prototype to replace	none; resource binding pending	Language-specific resource mnemonic.
mnemonic			UKRAIN	Z	UKRAIN:DIALOG:dlgUnselect:1971	prototype to replace	none; resource binding pending	Language-specific resource mnemonic.
mnemonic			UKRAIN	Z	UKRAIN:DIALOG:dlgUnselect:1983	prototype to replace	none; resource binding pending	Language-specific resource mnemonic.
mnemonic			UKRAIN	I	UKRAIN:DIALOG:dlgUnselect:1987	prototype to replace	none; resource binding pending	Language-specific resource mnemonic.
mnemonic			UKRAIN	D	UKRAIN:DIALOG:dlgUnselect:1988	prototype to replace	none; resource binding pending	Language-specific resource mnemonic.
mnemonic			UKRAIN		UKRAIN:DIALOG:dlgUnselect:2000	prototype to replace	none; resource binding pending	Language-specific resource mnemonic.
mnemonic			UKRAIN		UKRAIN:DIALOG:dlgUnselect:2001	prototype to replace	none; resource binding pending	Language-specific resource mnemonic.
mnemonic			UKRAIN	X	UKRAIN:DIALOG:dlgUnselect:2003	prototype to replace	none; resource binding pending	Language-specific resource mnemonic.
mnemonic			UKRAIN	Z	UKRAIN:DIALOG:dlgUnselect:2005	prototype to replace	none; resource binding pending	Language-specific resource mnemonic.
mnemonic			UKRAIN	J	UKRAIN:DIALOG:dlgUnselect:2027	prototype to replace	none; resource binding pending	Language-specific resource mnemonic.
mnemonic			UKRAIN	C	UKRAIN:DIALOG:dlgUnselect:2028	prototype to replace	none; resource binding pending	Language-specific resource mnemonic.
mnemonic			UKRAIN	L	UKRAIN:DIALOG:dlgUnselect:2029	prototype to replace	none; resource binding pending	Language-specific resource mnemonic.
mnemonic			UKRAIN	R	UKRAIN:DIALOG:dlgUnselect:2030	prototype to replace	none; resource binding pending	Language-specific resource mnemonic.
mnemonic			UKRAIN	V	UKRAIN:DIALOG:dlgUnselect:2031	prototype to replace	none; resource binding pending	Language-specific resource mnemonic.
mnemonic			UKRAIN	`	UKRAIN:DIALOG:dlgUnselect:2045	prototype to replace	none; resource binding pending	Language-specific resource mnemonic.
mnemonic			UKRAIN	Z	UKRAIN:DIALOG:dlgUnselect:2048	prototype to replace	none; resource binding pending	Language-specific resource mnemonic.
mnemonic			UKRAIN	X	UKRAIN:DIALOG:dlgUnselect:2057	prototype to replace	none; resource binding pending	Language-specific resource mnemonic.
mnemonic			UKRAIN	Z	UKRAIN:DIALOG:dlgUnselect:2059	prototype to replace	none; resource binding pending	Language-specific resource mnemonic.
mnemonic			UKRAIN	X	UKRAIN:DIALOG:dlgUnselect:2071	prototype to replace	none; resource binding pending	Language-specific resource mnemonic.
mnemonic			UKRAIN	B	UKRAIN:DIALOG:dlgUnselect:2080	prototype to replace	none; resource binding pending	Language-specific resource mnemonic.
mnemonic			UKRAIN	I	UKRAIN:DIALOG:dlgUnselect:2081	prototype to replace	none; resource binding pending	Language-specific resource mnemonic.
mnemonic			UKRAIN	V	UKRAIN:DIALOG:dlgUnselect:2082	prototype to replace	none; resource binding pending	Language-specific resource mnemonic.
mnemonic			UKRAIN	Z	UKRAIN:DIALOG:dlgUnselect:2089	prototype to replace	none; resource binding pending	Language-specific resource mnemonic.
mnemonic			UKRAIN	Z	UKRAIN:DIALOG:dlgUnselect:2097	prototype to replace	none; resource binding pending	Language-specific resource mnemonic.
mnemonic			UKRAIN	X	UKRAIN:DIALOG:dlgUnselect:2103	prototype to replace	none; resource binding pending	Language-specific resource mnemonic.
mnemonic			UKRAIN	Z	UKRAIN:DIALOG:dlgUnselect:2105	prototype to replace	none; resource binding pending	Language-specific resource mnemonic.
mnemonic			UKRAIN	+	UKRAIN:DIALOG:dlgUnselect:2123	prototype to replace	none; resource binding pending	Language-specific resource mnemonic.
mnemonic			UKRAIN	*	UKRAIN:DIALOG:dlgUnselect:2124	prototype to replace	none; resource binding pending	Language-specific resource mnemonic.
mnemonic			UKRAIN	N	UKRAIN:DIALOG:dlgUnselect:2127	prototype to replace	none; resource binding pending	Language-specific resource mnemonic.
mnemonic			UKRAIN	Р	UKRAIN:DIALOG:dlgUnselect:2128	prototype to replace	none; resource binding pending	Language-specific resource mnemonic.
mnemonic			UKRAIN	T	UKRAIN:DIALOG:dlgUnselect:2129	prototype to replace	none; resource binding pending	Language-specific resource mnemonic.
mnemonic			UKRAIN	S	UKRAIN:DIALOG:dlgUnselect:2130	prototype to replace	none; resource binding pending	Language-specific resource mnemonic.
mnemonic			UKRAIN	X	UKRAIN:DIALOG:dlgUnselect:2147	prototype to replace	none; resource binding pending	Language-specific resource mnemonic.
mnemonic			UKRAIN	C	UKRAIN:DIALOG:dlgUnselect:2152	prototype to replace	none; resource binding pending	Language-specific resource mnemonic.
mnemonic			UKRAIN	I	UKRAIN:DIALOG:dlgUnselect:2167	prototype to replace	none; resource binding pending	Language-specific resource mnemonic.
mnemonic			UKRAIN	C	UKRAIN:DIALOG:dlgUnselect:2168	prototype to replace	none; resource binding pending	Language-specific resource mnemonic.
mnemonic			UKRAIN	L	UKRAIN:DIALOG:dlgUnselect:2169	prototype to replace	none; resource binding pending	Language-specific resource mnemonic.
mnemonic			UKRAIN	D	UKRAIN:DIALOG:dlgUnselect:2170	prototype to replace	none; resource binding pending	Language-specific resource mnemonic.
mnemonic			UKRAIN	O	UKRAIN:DIALOG:dlgUnselect:2173	prototype to replace	none; resource binding pending	Language-specific resource mnemonic.
mnemonic			UKRAIN	S	UKRAIN:DIALOG:dlgUnselect:2174	prototype to replace	none; resource binding pending	Language-specific resource mnemonic.
mnemonic			UKRAIN	X	UKRAIN:DIALOG:dlgUnselect:2191	prototype to replace	none; resource binding pending	Language-specific resource mnemonic.
mnemonic			UKRAIN	X	UKRAIN:DIALOG:dlgUnselect:2216	prototype to replace	none; resource binding pending	Language-specific resource mnemonic.
mnemonic			UKRAIN	Z	UKRAIN:DIALOG:dlgUnselect:2218	prototype to replace	none; resource binding pending	Language-specific resource mnemonic.
mnemonic			UKRAIN	X	UKRAIN:DIALOG:dlgUnselect:2233	prototype to replace	none; resource binding pending	Language-specific resource mnemonic.
mnemonic			UKRAIN	Z	UKRAIN:DIALOG:dlgUnselect:2235	prototype to replace	none; resource binding pending	Language-specific resource mnemonic.
mnemonic			UKRAIN	X	UKRAIN:DIALOG:dlgUnselect:2256	prototype to replace	none; resource binding pending	Language-specific resource mnemonic.
mnemonic			UKRAIN	I	UKRAIN:DIALOG:dlgUnselect:2269	prototype to replace	none; resource binding pending	Language-specific resource mnemonic.
mnemonic			UKRAIN	P	UKRAIN:DIALOG:dlgUnselect:2281	prototype to replace	none; resource binding pending	Language-specific resource mnemonic.
mnemonic			UKRAIN	S	UKRAIN:DIALOG:dlgUnselect:2282	prototype to replace	none; resource binding pending	Language-specific resource mnemonic.
mnemonic			UKRAIN	U	UKRAIN:DIALOG:dlgUnselect:2283	prototype to replace	none; resource binding pending	Language-specific resource mnemonic.
mnemonic			UKRAIN	N	UKRAIN:DIALOG:dlgUnselect:2284	prototype to replace	none; resource binding pending	Language-specific resource mnemonic.
mnemonic			UKRAIN	V	UKRAIN:DIALOG:dlgUnselect:2285	prototype to replace	none; resource binding pending	Language-specific resource mnemonic.
mnemonic			UKRAIN	F	UKRAIN:DIALOG:dlgUnselect:2286	prototype to replace	none; resource binding pending	Language-specific resource mnemonic.
mnemonic			UKRAIN	B	UKRAIN:DIALOG:dlgUnselect:2287	prototype to replace	none; resource binding pending	Language-specific resource mnemonic.
mnemonic			UKRAIN	J	UKRAIN:DIALOG:dlgUnselect:2288	prototype to replace	none; resource binding pending	Language-specific resource mnemonic.
mnemonic			UKRAIN	Z	UKRAIN:DIALOG:dlgUnselect:2289	prototype to replace	none; resource binding pending	Language-specific resource mnemonic.
mnemonic			UKRAIN	X	UKRAIN:DIALOG:dlgUnselect:2290	prototype to replace	none; resource binding pending	Language-specific resource mnemonic.
mnemonic			UKRAIN	X	UKRAIN:DIALOG:dlgUnselect:2296	prototype to replace	none; resource binding pending	Language-specific resource mnemonic.
mnemonic			UKRAIN	X	UKRAIN:DIALOG:dlgUnselect:2306	prototype to replace	none; resource binding pending	Language-specific resource mnemonic.
mnemonic			UKRAIN	X	UKRAIN:DIALOG:dlgUnselect:2325	prototype to replace	none; resource binding pending	Language-specific resource mnemonic.
mnemonic			UKRAIN	S	UKRAIN:DIALOG:dlgUnselect:2398	prototype to replace	none; resource binding pending	Language-specific resource mnemonic.
mnemonic			UKRAIN	A	UKRAIN:DIALOG:dlgUnselect:2400	prototype to replace	none; resource binding pending	Language-specific resource mnemonic.
mnemonic			UKRAIN	Ф	UKRAIN:Menu:dlgEditorMenu:2412	prototype to replace	none; resource binding pending	Language-specific resource mnemonic.
mnemonic			UKRAIN	В	UKRAIN:Menu:dlgEditorMenu:2413	prototype to replace	none; resource binding pending	Language-specific resource mnemonic.
mnemonic			UKRAIN	i	UKRAIN:Menu:dlgEditorMenu:2414	prototype to replace	none; resource binding pending	Language-specific resource mnemonic.
mnemonic			UKRAIN	З	UKRAIN:Menu:dlgEditorMenu:2415	prototype to replace	none; resource binding pending	Language-specific resource mnemonic.
mnemonic			UKRAIN	я	UKRAIN:Menu:dlgEditorMenu:2416	prototype to replace	none; resource binding pending	Language-specific resource mnemonic.
mnemonic			UKRAIN	в	UKRAIN:Menu:dlgEditorMenu:2417	prototype to replace	none; resource binding pending	Language-specific resource mnemonic.
mnemonic			UKRAIN	Д	UKRAIN:Menu:dlgEditorMenu:2420	prototype to replace	none; resource binding pending	Language-specific resource mnemonic.
mnemonic			UKRAIN	б	UKRAIN:Menu:dlgEditorMenu:2421	prototype to replace	none; resource binding pending	Language-specific resource mnemonic.
mnemonic			UKRAIN	Г	UKRAIN:Menu:dlgEditorMenu:2423	prototype to replace	none; resource binding pending	Language-specific resource mnemonic.
mnemonic			UKRAIN	и	UKRAIN:Menu:dlgEditorMenu:2424	prototype to replace	none; resource binding pending	Language-specific resource mnemonic.
mnemonic			UKRAIN	Р	UKRAIN:Menu:dlgEditorMenu:2426	prototype to replace	none; resource binding pending	Language-specific resource mnemonic.
mnemonic			UKRAIN	А	UKRAIN:Menu:dlgEditorMenu:2427	prototype to replace	none; resource binding pending	Language-specific resource mnemonic.
mnemonic			UKRAIN	Н	UKRAIN:Menu:dlgEditorMenu:2428	prototype to replace	none; resource binding pending	Language-specific resource mnemonic.
mnemonic			UKRAIN	и	UKRAIN:Menu:dlgEditorMenu:2430	prototype to replace	none; resource binding pending	Language-specific resource mnemonic.
mnemonic			UKRAIN	К	UKRAIN:Menu:dlgEditorMenu:2431	prototype to replace	none; resource binding pending	Language-specific resource mnemonic.
mnemonic			UKRAIN	В	UKRAIN:Menu:dlgEditorMenu:2432	prototype to replace	none; resource binding pending	Language-specific resource mnemonic.
mnemonic			UKRAIN	о	UKRAIN:Menu:dlgEditorMenu:2433	prototype to replace	none; resource binding pending	Language-specific resource mnemonic.
mnemonic			UKRAIN	с	UKRAIN:Menu:dlgEditorMenu:2434	prototype to replace	none; resource binding pending	Language-specific resource mnemonic.
mnemonic			UKRAIN	д	UKRAIN:Menu:dlgEditorMenu:2446	prototype to replace	none; resource binding pending	Language-specific resource mnemonic.
mnemonic			UKRAIN	П	UKRAIN:Menu:dlgEditorMenu:2448	prototype to replace	none; resource binding pending	Language-specific resource mnemonic.
mnemonic			UKRAIN	Ш	UKRAIN:Menu:dlgEditorMenu:2449	prototype to replace	none; resource binding pending	Language-specific resource mnemonic.
mnemonic			UKRAIN	З	UKRAIN:Menu:dlgEditorMenu:2450	prototype to replace	none; resource binding pending	Language-specific resource mnemonic.
mnemonic			UKRAIN	р	UKRAIN:Menu:dlgEditorMenu:2451	prototype to replace	none; resource binding pending	Language-specific resource mnemonic.
mnemonic			UKRAIN	в	UKRAIN:Menu:dlgEditorMenu:2452	prototype to replace	none; resource binding pending	Language-specific resource mnemonic.
mnemonic			UKRAIN	р	UKRAIN:Menu:dlgEditorMenu:2453	prototype to replace	none; resource binding pending	Language-specific resource mnemonic.
mnemonic			UKRAIN	а	UKRAIN:Menu:dlgEditorMenu:2455	prototype to replace	none; resource binding pending	Language-specific resource mnemonic.
mnemonic			UKRAIN	i	UKRAIN:Menu:dlgEditorMenu:2456	prototype to replace	none; resource binding pending	Language-specific resource mnemonic.
mnemonic			UKRAIN	А	UKRAIN:Menu:dlgEditorMenu:2459	prototype to replace	none; resource binding pending	Language-specific resource mnemonic.
mnemonic			UKRAIN	В	UKRAIN:Menu:dlgEditorMenu:2460	prototype to replace	none; resource binding pending	Language-specific resource mnemonic.
mnemonic			UKRAIN	В	UKRAIN:Menu:dlgEditorMenu:2461	prototype to replace	none; resource binding pending	Language-specific resource mnemonic.
mnemonic			UKRAIN	л	UKRAIN:Menu:dlgEditorMenu:2462	prototype to replace	none; resource binding pending	Language-specific resource mnemonic.
mnemonic			UKRAIN	Ц	UKRAIN:Menu:dlgEditorMenu:2463	prototype to replace	none; resource binding pending	Language-specific resource mnemonic.
mnemonic			UKRAIN	i	UKRAIN:Menu:dlgEditorMenu:2465	prototype to replace	none; resource binding pending	Language-specific resource mnemonic.
mnemonic			UKRAIN	л	UKRAIN:Menu:dlgEditorMenu:2467	prototype to replace	none; resource binding pending	Language-specific resource mnemonic.
mnemonic			UKRAIN	П	UKRAIN:Menu:dlgEditorMenu:2468	prototype to replace	none; resource binding pending	Language-specific resource mnemonic.
mnemonic			UKRAIN	К	UKRAIN:Menu:dlgEditorMenu:2469	prototype to replace	none; resource binding pending	Language-specific resource mnemonic.
mnemonic			UKRAIN	р	UKRAIN:Menu:dlgEditorMenu:2470	prototype to replace	none; resource binding pending	Language-specific resource mnemonic.
mnemonic			UKRAIN	л	UKRAIN:Menu:dlgEditorMenu:2471	prototype to replace	none; resource binding pending	Language-specific resource mnemonic.
mnemonic			UKRAIN	о	UKRAIN:Menu:dlgEditorMenu:2476	prototype to replace	none; resource binding pending	Language-specific resource mnemonic.
mnemonic			UKRAIN	ч	UKRAIN:Menu:dlgEditorMenu:2477	prototype to replace	none; resource binding pending	Language-specific resource mnemonic.
mnemonic			UKRAIN	з	UKRAIN:Menu:dlgEditorMenu:2479	prototype to replace	none; resource binding pending	Language-specific resource mnemonic.
mnemonic			UKRAIN	ч	UKRAIN:Menu:dlgEditorMenu:2480	prototype to replace	none; resource binding pending	Language-specific resource mnemonic.
mnemonic			UKRAIN	о	UKRAIN:Menu:dlgEditorMenu:2481	prototype to replace	none; resource binding pending	Language-specific resource mnemonic.
mnemonic			UKRAIN	т	UKRAIN:Menu:dlgEditorMenu:2482	prototype to replace	none; resource binding pending	Language-specific resource mnemonic.
mnemonic			UKRAIN	К	UKRAIN:Menu:dlgEditorMenu:2483	prototype to replace	none; resource binding pending	Language-specific resource mnemonic.
mnemonic			UKRAIN	у	UKRAIN:Menu:dlgEditorMenu:2485	prototype to replace	none; resource binding pending	Language-specific resource mnemonic.
mnemonic			UKRAIN	а	UKRAIN:Menu:dlgEditorMenu:2487	prototype to replace	none; resource binding pending	Language-specific resource mnemonic.
mnemonic			UKRAIN	С	UKRAIN:Menu:dlgEditorMenu:2488	prototype to replace	none; resource binding pending	Language-specific resource mnemonic.
mnemonic			UKRAIN	Р	UKRAIN:Menu:dlgEditorMenu:2489	prototype to replace	none; resource binding pending	Language-specific resource mnemonic.
mnemonic			UKRAIN	В	UKRAIN:Menu:dlgEditorMenu:2491	prototype to replace	none; resource binding pending	Language-specific resource mnemonic.
mnemonic			UKRAIN	С	UKRAIN:Menu:dlgEditorMenu:2492	prototype to replace	none; resource binding pending	Language-specific resource mnemonic.
mnemonic			UKRAIN	Р	UKRAIN:Menu:dlgEditorMenu:2493	prototype to replace	none; resource binding pending	Language-specific resource mnemonic.
mnemonic			UKRAIN	З	UKRAIN:Menu:dlgEditorMenu:2495	prototype to replace	none; resource binding pending	Language-specific resource mnemonic.
mnemonic			UKRAIN	С	UKRAIN:Menu:dlgEditorMenu:2496	prototype to replace	none; resource binding pending	Language-specific resource mnemonic.
mnemonic			UKRAIN	Р	UKRAIN:Menu:dlgEditorMenu:2497	prototype to replace	none; resource binding pending	Language-specific resource mnemonic.
mnemonic			UKRAIN	С	UKRAIN:Menu:dlgEditorMenu:2500	prototype to replace	none; resource binding pending	Language-specific resource mnemonic.
mnemonic			UKRAIN	Р	UKRAIN:Menu:dlgEditorMenu:2501	prototype to replace	none; resource binding pending	Language-specific resource mnemonic.
mnemonic			UKRAIN	м	UKRAIN:Menu:dlgEditorMenu:2503	prototype to replace	none; resource binding pending	Language-specific resource mnemonic.
mnemonic			UKRAIN	С	UKRAIN:Menu:dlgEditorMenu:2504	prototype to replace	none; resource binding pending	Language-specific resource mnemonic.
mnemonic			UKRAIN	Р	UKRAIN:Menu:dlgEditorMenu:2505	prototype to replace	none; resource binding pending	Language-specific resource mnemonic.
mnemonic			UKRAIN	+	UKRAIN:Menu:dlgEditorMenu:2508	prototype to replace	none; resource binding pending	Language-specific resource mnemonic.
mnemonic			UKRAIN	L	UKRAIN:Menu:dlgEditorMenu:2509	prototype to replace	none; resource binding pending	Language-specific resource mnemonic.
mnemonic			UKRAIN	C	UKRAIN:Menu:dlgEditorMenu:2510	prototype to replace	none; resource binding pending	Language-specific resource mnemonic.
mnemonic			UKRAIN	ц	UKRAIN:Menu:dlgEditorMenu:2513	prototype to replace	none; resource binding pending	Language-specific resource mnemonic.
mnemonic			UKRAIN	з	UKRAIN:Menu:dlgEditorMenu:2514	prototype to replace	none; resource binding pending	Language-specific resource mnemonic.
mnemonic			UKRAIN	Д	UKRAIN:Menu:dlgEditorMenu:2515	prototype to replace	none; resource binding pending	Language-specific resource mnemonic.
mnemonic			UKRAIN	В	UKRAIN:Menu:dlgEditorMenu:2516	prototype to replace	none; resource binding pending	Language-specific resource mnemonic.
mnemonic			UKRAIN	А	UKRAIN:Menu:dlgEditorMenu:2517	prototype to replace	none; resource binding pending	Language-specific resource mnemonic.
mnemonic			UKRAIN	В	UKRAIN:Menu:dlgEditorMenu:2518	prototype to replace	none; resource binding pending	Language-specific resource mnemonic.
mnemonic			UKRAIN	е	UKRAIN:Menu:dlgEditorMenu:2519	prototype to replace	none; resource binding pending	Language-specific resource mnemonic.
mnemonic			UKRAIN	О	UKRAIN:Menu:dlgEditorMenu:2520	prototype to replace	none; resource binding pending	Language-specific resource mnemonic.
mnemonic			UKRAIN	т	UKRAIN:Menu:dlgEditorMenu:2521	prototype to replace	none; resource binding pending	Language-specific resource mnemonic.
mnemonic			UKRAIN	д	UKRAIN:Menu:dlgEditorMenu:2522	prototype to replace	none; resource binding pending	Language-specific resource mnemonic.
mnemonic			UKRAIN	П	UKRAIN:Menu:dlgEditorMenu:2523	prototype to replace	none; resource binding pending	Language-specific resource mnemonic.
mnemonic			UKRAIN	м	UKRAIN:Menu:dlgEditorMenu:2525	prototype to replace	none; resource binding pending	Language-specific resource mnemonic.
mnemonic			UKRAIN	S	UKRAIN:Menu:dlgEditorMenu:2527	prototype to replace	none; resource binding pending	Language-specific resource mnemonic.
mnemonic			UKRAIN	Р	UKRAIN:Menu:dlgFixerMenu:2532	prototype to replace	none; resource binding pending	Language-specific resource mnemonic.
mnemonic			UKRAIN	Ф	UKRAIN:Menu:dlgFixerMenu:2533	prototype to replace	none; resource binding pending	Language-specific resource mnemonic.
mnemonic			UKRAIN	а	UKRAIN:Menu:dlgFixerMenu:2534	prototype to replace	none; resource binding pending	Language-specific resource mnemonic.
mnemonic			UKRAIN	и	UKRAIN:Menu:dlgFixerMenu:2535	prototype to replace	none; resource binding pending	Language-specific resource mnemonic.
mnemonic			UKRAIN	К	UKRAIN:Menu:dlgFixerMenu:2536	prototype to replace	none; resource binding pending	Language-specific resource mnemonic.
mnemonic			UKRAIN	С	UKRAIN:Menu:dlgFixerMenu:2537	prototype to replace	none; resource binding pending	Language-specific resource mnemonic.
mnemonic			UKRAIN	В	UKRAIN:Menu:dlgFixerMenu:2539	prototype to replace	none; resource binding pending	Language-specific resource mnemonic.
mnemonic			UKRAIN	е	UKRAIN:Menu:dlgFixerMenu:2541	prototype to replace	none; resource binding pending	Language-specific resource mnemonic.
mnemonic			UKRAIN	А	UKRAIN:Menu:dlgFixerMenu:2542	prototype to replace	none; resource binding pending	Language-specific resource mnemonic.
mnemonic			UKRAIN	К	UKRAIN:Menu:dlgFixerMenu:2544	prototype to replace	none; resource binding pending	Language-specific resource mnemonic.
mnemonic			UKRAIN	В	UKRAIN:Menu:dlgFixerMenu:2545	prototype to replace	none; resource binding pending	Language-specific resource mnemonic.
mnemonic			UKRAIN	ю	UKRAIN:Menu:dlgFixerMenu:2546	prototype to replace	none; resource binding pending	Language-specific resource mnemonic.
mnemonic			UKRAIN	З	UKRAIN:Menu:dlgFixerMenu:2547	prototype to replace	none; resource binding pending	Language-specific resource mnemonic.
mnemonic			UKRAIN	Ш	UKRAIN:Menu:dlgFixerMenu:2549	prototype to replace	none; resource binding pending	Language-specific resource mnemonic.
mnemonic			UKRAIN	П	UKRAIN:Menu:dlgFixerMenu:2550	prototype to replace	none; resource binding pending	Language-specific resource mnemonic.
mnemonic			UKRAIN	П	UKRAIN:Menu:dlgFixerMenu:2552	prototype to replace	none; resource binding pending	Language-specific resource mnemonic.
mnemonic			UKRAIN	Н	UKRAIN:Menu:dlgFixerMenu:2553	prototype to replace	none; resource binding pending	Language-specific resource mnemonic.
mnemonic			UKRAIN	К	UKRAIN:Menu:dlgFixerMenu:2554	prototype to replace	none; resource binding pending	Language-specific resource mnemonic.
mnemonic			UKRAIN	Т	UKRAIN:Menu:dlgFixerMenu:2555	prototype to replace	none; resource binding pending	Language-specific resource mnemonic.
mnemonic			UKRAIN	F	UKRAIN:Menu:dlgFixerMenu:2556	prototype to replace	none; resource binding pending	Language-specific resource mnemonic.
mnemonic			UKRAIN	р	UKRAIN:MENU:dlgMainMenu:2562	prototype to replace	none; resource binding pending	Language-specific resource mnemonic.
mnemonic			UKRAIN	П	UKRAIN:MENU:dlgMainMenu:2563	prototype to replace	none; resource binding pending	Language-specific resource mnemonic.
mnemonic			UKRAIN	З	UKRAIN:MENU:dlgMainMenu:2565	prototype to replace	none; resource binding pending	Language-specific resource mnemonic.
mnemonic			UKRAIN	В	UKRAIN:MENU:dlgMainMenu:2567	prototype to replace	none; resource binding pending	Language-specific resource mnemonic.
mnemonic			UKRAIN	Е	UKRAIN:MENU:dlgMainMenu:2568	prototype to replace	none; resource binding pending	Language-specific resource mnemonic.
mnemonic			UKRAIN	и	UKRAIN:MENU:dlgMainMenu:2569	prototype to replace	none; resource binding pending	Language-specific resource mnemonic.
mnemonic			UKRAIN	к	UKRAIN:MENU:dlgMainMenu:2570	prototype to replace	none; resource binding pending	Language-specific resource mnemonic.
mnemonic			UKRAIN	ф	UKRAIN:MENU:dlgMainMenu:2572	prototype to replace	none; resource binding pending	Language-specific resource mnemonic.
mnemonic			UKRAIN	з	UKRAIN:MENU:dlgMainMenu:2573	prototype to replace	none; resource binding pending	Language-specific resource mnemonic.
mnemonic			UKRAIN	н	UKRAIN:MENU:dlgMainMenu:2574	prototype to replace	none; resource binding pending	Language-specific resource mnemonic.
mnemonic			UKRAIN	E	UKRAIN:MENU:dlgMainMenu:2576	prototype to replace	none; resource binding pending	Language-specific resource mnemonic.
mnemonic			UKRAIN	1	UKRAIN:MENU:dlgMainMenu:2577	prototype to replace	none; resource binding pending	Language-specific resource mnemonic.
mnemonic			UKRAIN	2	UKRAIN:MENU:dlgMainMenu:2578	prototype to replace	none; resource binding pending	Language-specific resource mnemonic.
mnemonic			UKRAIN	i	UKRAIN:MENU:dlgMainMenu:2579	prototype to replace	none; resource binding pending	Language-specific resource mnemonic.
mnemonic			UKRAIN	Г	UKRAIN:MENU:dlgMainMenu:2582	prototype to replace	none; resource binding pending	Language-specific resource mnemonic.
mnemonic			UKRAIN	Ф	UKRAIN:MENU:dlgMainMenu:2585	prototype to replace	none; resource binding pending	Language-specific resource mnemonic.
mnemonic			UKRAIN	Д	UKRAIN:MENU:dlgMainMenu:2586	prototype to replace	none; resource binding pending	Language-specific resource mnemonic.
mnemonic			UKRAIN	О	UKRAIN:MENU:dlgMainMenu:2587	prototype to replace	none; resource binding pending	Language-specific resource mnemonic.
mnemonic			UKRAIN	А	UKRAIN:MENU:dlgMainMenu:2588	prototype to replace	none; resource binding pending	Language-specific resource mnemonic.
mnemonic			UKRAIN	Т	UKRAIN:MENU:dlgMainMenu:2589	prototype to replace	none; resource binding pending	Language-specific resource mnemonic.
mnemonic			UKRAIN	Д	UKRAIN:MENU:dlgMainMenu:2590	prototype to replace	none; resource binding pending	Language-specific resource mnemonic.
mnemonic			UKRAIN	Б	UKRAIN:MENU:dlgMainMenu:2591	prototype to replace	none; resource binding pending	Language-specific resource mnemonic.
mnemonic			UKRAIN	Е	UKRAIN:MENU:dlgMainMenu:2592	prototype to replace	none; resource binding pending	Language-specific resource mnemonic.
mnemonic			UKRAIN	Р	UKRAIN:MENU:dlgMainMenu:2594	prototype to replace	none; resource binding pending	Language-specific resource mnemonic.
mnemonic			UKRAIN	Р	UKRAIN:MENU:dlgMainMenu:2595	prototype to replace	none; resource binding pending	Language-specific resource mnemonic.
mnemonic			UKRAIN	В	UKRAIN:MENU:dlgMainMenu:2596	prototype to replace	none; resource binding pending	Language-specific resource mnemonic.
mnemonic			UKRAIN	Н	UKRAIN:MENU:dlgMainMenu:2598	prototype to replace	none; resource binding pending	Language-specific resource mnemonic.
mnemonic			UKRAIN	Ш	UKRAIN:MENU:dlgMainMenu:2600	prototype to replace	none; resource binding pending	Language-specific resource mnemonic.
mnemonic			UKRAIN	К	UKRAIN:MENU:dlgMainMenu:2601	prototype to replace	none; resource binding pending	Language-specific resource mnemonic.
mnemonic			UKRAIN	П	UKRAIN:MENU:dlgMainMenu:2602	prototype to replace	none; resource binding pending	Language-specific resource mnemonic.
mnemonic			UKRAIN	г	UKRAIN:MENU:dlgMainMenu:2603	prototype to replace	none; resource binding pending	Language-specific resource mnemonic.
mnemonic			UKRAIN	о	UKRAIN:MENU:dlgMainMenu:2604	prototype to replace	none; resource binding pending	Language-specific resource mnemonic.
mnemonic			UKRAIN	б	UKRAIN:MENU:dlgMainMenu:2605	prototype to replace	none; resource binding pending	Language-specific resource mnemonic.
mnemonic			UKRAIN	з	UKRAIN:MENU:dlgMainMenu:2606	prototype to replace	none; resource binding pending	Language-specific resource mnemonic.
mnemonic			UKRAIN	Н	UKRAIN:MENU:dlgMainMenu:2607	prototype to replace	none; resource binding pending	Language-specific resource mnemonic.
mnemonic			UKRAIN	т	UKRAIN:MENU:dlgMainMenu:2608	prototype to replace	none; resource binding pending	Language-specific resource mnemonic.
mnemonic			UKRAIN	В	UKRAIN:MENU:dlgMainMenu:2609	prototype to replace	none; resource binding pending	Language-specific resource mnemonic.
mnemonic			UKRAIN	А	UKRAIN:MENU:dlgMainMenu:2610	prototype to replace	none; resource binding pending	Language-specific resource mnemonic.
mnemonic			UKRAIN	з	UKRAIN:MENU:dlgMainMenu:2622	prototype to replace	none; resource binding pending	Language-specific resource mnemonic.
mnemonic			UKRAIN	и	UKRAIN:MENU:dlgMainMenu:2624	prototype to replace	none; resource binding pending	Language-specific resource mnemonic.
mnemonic			UKRAIN	Д	UKRAIN:MENU:dlgMainMenu:2626	prototype to replace	none; resource binding pending	Language-specific resource mnemonic.
mnemonic			UKRAIN	Ф	UKRAIN:MENU:dlgMainMenu:2628	prototype to replace	none; resource binding pending	Language-specific resource mnemonic.
mnemonic			UKRAIN	М	UKRAIN:MENU:dlgMainMenu:2631	prototype to replace	none; resource binding pending	Language-specific resource mnemonic.
mnemonic			UKRAIN	и	UKRAIN:MENU:dlgMainMenu:2633	prototype to replace	none; resource binding pending	Language-specific resource mnemonic.
mnemonic			UKRAIN	Р	UKRAIN:MENU:dlgMainMenu:2635	prototype to replace	none; resource binding pending	Language-specific resource mnemonic.
mnemonic			UKRAIN	е	UKRAIN:MENU:dlgMainMenu:2636	prototype to replace	none; resource binding pending	Language-specific resource mnemonic.
mnemonic			UKRAIN	Д	UKRAIN:MENU:dlgMainMenu:2639	prototype to replace	none; resource binding pending	Language-specific resource mnemonic.
mnemonic			UKRAIN	У	UKRAIN:MENU:dlgMainMenu:2641	prototype to replace	none; resource binding pending	Language-specific resource mnemonic.
mnemonic			UKRAIN	I	UKRAIN:MENU:dlgMainMenu:2643	prototype to replace	none; resource binding pending	Language-specific resource mnemonic.
mnemonic			UKRAIN	С	UKRAIN:MENU:dlgMainMenu:2644	prototype to replace	none; resource binding pending	Language-specific resource mnemonic.
mnemonic			UKRAIN	С	UKRAIN:MENU:dlgMainMenu:2648	prototype to replace	none; resource binding pending	Language-specific resource mnemonic.
mnemonic			UKRAIN	К	UKRAIN:MENU:dlgMainMenu:2650	prototype to replace	none; resource binding pending	Language-specific resource mnemonic.
mnemonic			UKRAIN	д	UKRAIN:MENU:dlgMainMenu:2651	prototype to replace	none; resource binding pending	Language-specific resource mnemonic.
mnemonic			UKRAIN	б	UKRAIN:MENU:dlgMainMenu:2652	prototype to replace	none; resource binding pending	Language-specific resource mnemonic.
mnemonic			UKRAIN	Т	UKRAIN:MENU:dlgMainMenu:2653	prototype to replace	none; resource binding pending	Language-specific resource mnemonic.
mnemonic			UKRAIN	Е	UKRAIN:MENU:dlgMainMenu:2654	prototype to replace	none; resource binding pending	Language-specific resource mnemonic.
mnemonic			UKRAIN	д	UKRAIN:MENU:dlgMainMenu:2655	prototype to replace	none; resource binding pending	Language-specific resource mnemonic.
mnemonic			UKRAIN	з	UKRAIN:MENU:dlgMainMenu:2656	prototype to replace	none; resource binding pending	Language-specific resource mnemonic.
mnemonic			UKRAIN	г	UKRAIN:MENU:dlgMainMenu:2658	prototype to replace	none; resource binding pending	Language-specific resource mnemonic.
mnemonic			UKRAIN	е	UKRAIN:MENU:dlgMainMenu:2660	prototype to replace	none; resource binding pending	Language-specific resource mnemonic.
mnemonic			UKRAIN	Л	UKRAIN:MENU:dlgMainMenu:2661	prototype to replace	none; resource binding pending	Language-specific resource mnemonic.
mnemonic			UKRAIN	у	UKRAIN:MENU:dlgMainMenu:2662	prototype to replace	none; resource binding pending	Language-specific resource mnemonic.
mnemonic			UKRAIN	о	UKRAIN:MENU:dlgMainMenu:2663	prototype to replace	none; resource binding pending	Language-specific resource mnemonic.
mnemonic			UKRAIN	О	UKRAIN:MENU:dlgMainMenu:2666	prototype to replace	none; resource binding pending	Language-specific resource mnemonic.
mnemonic			UKRAIN	М	UKRAIN:MENU:dlgMainMenu:2667	prototype to replace	none; resource binding pending	Language-specific resource mnemonic.
mnemonic			UKRAIN	я	UKRAIN:MENU:dlgMainMenu:2669	prototype to replace	none; resource binding pending	Language-specific resource mnemonic.
mnemonic			UKRAIN	П	UKRAIN:MENU:dlgMainMenu:2670	prototype to replace	none; resource binding pending	Language-specific resource mnemonic.
mnemonic			UKRAIN	р	UKRAIN:MENU:dlgMainMenu:2671	prototype to replace	none; resource binding pending	Language-specific resource mnemonic.
mnemonic			UKRAIN	ф	UKRAIN:MENU:dlgMainMenu:2672	prototype to replace	none; resource binding pending	Language-specific resource mnemonic.
mnemonic			UKRAIN	П	UKRAIN:MENU:dlgMainMenu:2678	prototype to replace	none; resource binding pending	Language-specific resource mnemonic.
mnemonic			UKRAIN	С	UKRAIN:MENU:dlgMainMenu:2679	prototype to replace	none; resource binding pending	Language-specific resource mnemonic.
mnemonic			UKRAIN	ц	UKRAIN:MENU:dlgMainMenu:2680	prototype to replace	none; resource binding pending	Language-specific resource mnemonic.
mnemonic			UKRAIN	р	UKRAIN:MENU:dlgMainMenu:2681	prototype to replace	none; resource binding pending	Language-specific resource mnemonic.
mnemonic			UKRAIN	ч	UKRAIN:MENU:dlgMainMenu:2682	prototype to replace	none; resource binding pending	Language-specific resource mnemonic.
mnemonic			UKRAIN	Г	UKRAIN:MENU:dlgMainMenu:2683	prototype to replace	none; resource binding pending	Language-specific resource mnemonic.
mnemonic			UKRAIN	З	UKRAIN:MENU:dlgMainMenu:2685	prototype to replace	none; resource binding pending	Language-specific resource mnemonic.
mnemonic			UKRAIN	о	UKRAIN:MENU:dlgMainMenu:2686	prototype to replace	none; resource binding pending	Language-specific resource mnemonic.
mnemonic			UKRAIN	i	UKRAIN:MENU:dlgMainMenu:2688	prototype to replace	none; resource binding pending	Language-specific resource mnemonic.
mnemonic			UKRAIN	к	UKRAIN:MENU:dlgMainMenu:2689	prototype to replace	none; resource binding pending	Language-specific resource mnemonic.
mnemonic			UKRAIN	I	UKRAIN:MENU:dlgMainMenu:2690	prototype to replace	none; resource binding pending	Language-specific resource mnemonic.
mnemonic			UKRAIN	д	UKRAIN:MENU:dlgMainMenu:2692	prototype to replace	none; resource binding pending	Language-specific resource mnemonic.
mnemonic			UKRAIN	i	UKRAIN:MENU:dlgMainMenu:2693	prototype to replace	none; resource binding pending	Language-specific resource mnemonic.
mnemonic			UKRAIN	р	UKRAIN:MENU:dlgMainMenu:2694	prototype to replace	none; resource binding pending	Language-specific resource mnemonic.
mnemonic			UKRAIN	Ш	UKRAIN:MENU:dlgMainMenu:2695	prototype to replace	none; resource binding pending	Language-specific resource mnemonic.
mnemonic			UKRAIN	М	UKRAIN:MENU:dlgMainMenu:2697	prototype to replace	none; resource binding pending	Language-specific resource mnemonic.
mnemonic			UKRAIN	Н	UKRAIN:MENU:dlgMainMenu:2698	prototype to replace	none; resource binding pending	Language-specific resource mnemonic.
mnemonic			UKRAIN	Д	UKRAIN:MENU:dlgMainMenu:2699	prototype to replace	none; resource binding pending	Language-specific resource mnemonic.
mnemonic			UKRAIN	I	UKRAIN:MENU:dlgMainMenu:2701	prototype to replace	none; resource binding pending	Language-specific resource mnemonic.
mnemonic			UKRAIN	ф	UKRAIN:MENU:dlgMainMenu:2703	prototype to replace	none; resource binding pending	Language-specific resource mnemonic.
mnemonic			UKRAIN	и	UKRAIN:MENU:dlgMainMenu:2705	prototype to replace	none; resource binding pending	Language-specific resource mnemonic.
mnemonic			UKRAIN	м	UKRAIN:MENU:dlgMainMenu:2708	prototype to replace	none; resource binding pending	Language-specific resource mnemonic.
mnemonic			UKRAIN	Л	UKRAIN:MENU:dlgMainMenu:2709	prototype to replace	none; resource binding pending	Language-specific resource mnemonic.
mnemonic			UKRAIN	П	UKRAIN:MENU:dlgMainMenu:2710	prototype to replace	none; resource binding pending	Language-specific resource mnemonic.
mnemonic			UKRAIN	Н	UKRAIN:MENU:dlgMainMenu:2716	prototype to replace	none; resource binding pending	Language-specific resource mnemonic.
mnemonic			UKRAIN	К	UKRAIN:MENU:dlgMainMenu:2717	prototype to replace	none; resource binding pending	Language-specific resource mnemonic.
mnemonic			UKRAIN	С	UKRAIN:MENU:dlgMainMenu:2718	prototype to replace	none; resource binding pending	Language-specific resource mnemonic.
mnemonic			UKRAIN	з	UKRAIN:MENU:dlgMainMenu:2719	prototype to replace	none; resource binding pending	Language-specific resource mnemonic.
mnemonic			UKRAIN	I	UKRAIN:MENU:dlgMainMenu:2720	prototype to replace	none; resource binding pending	Language-specific resource mnemonic.
mnemonic			UKRAIN	П	UKRAIN:MENU:dlgMainMenu:2721	prototype to replace	none; resource binding pending	Language-specific resource mnemonic.
mnemonic			UKRAIN	Е	UKRAIN:MENU:dlgMainMenu:2723	prototype to replace	none; resource binding pending	Language-specific resource mnemonic.
mnemonic			UKRAIN	П	UKRAIN:MENU:dlgMainMenu:2724	prototype to replace	none; resource binding pending	Language-specific resource mnemonic.
mnemonic			UKRAIN	К	UKRAIN:MENU:dlgMainMenu:2725	prototype to replace	none; resource binding pending	Language-specific resource mnemonic.
mnemonic			UKRAIN	М	UKRAIN:MENU:dlgMainMenu:2726	prototype to replace	none; resource binding pending	Language-specific resource mnemonic.
mnemonic			UKRAIN	К	UKRAIN:MENU:dlgMainMenu:2728	prototype to replace	none; resource binding pending	Language-specific resource mnemonic.
mnemonic			UKRAIN	Р	UKRAIN:MENU:dlgMainMenu:2731	prototype to replace	none; resource binding pending	Language-specific resource mnemonic.
mnemonic			UKRAIN	Т	UKRAIN:MENU:dlgMainMenu:2733	prototype to replace	none; resource binding pending	Language-specific resource mnemonic.
mnemonic			UKRAIN	М	UKRAIN:MENU:dlgMainMenu:2736	prototype to replace	none; resource binding pending	Language-specific resource mnemonic.
mnemonic			UKRAIN	У	UKRAIN:MENU:dlgMainMenu:2737	prototype to replace	none; resource binding pending	Language-specific resource mnemonic.
mnemonic			UKRAIN	i	UKRAIN:MENU:dlgMainMenu:2738	prototype to replace	none; resource binding pending	Language-specific resource mnemonic.
mnemonic			UKRAIN	Г	UKRAIN:MENU:dlgMainMenu:2739	prototype to replace	none; resource binding pending	Language-specific resource mnemonic.
mnemonic			UKRAIN	П	UKRAIN:MENU:dlgMainMenu:2741	prototype to replace	none; resource binding pending	Language-specific resource mnemonic.
mnemonic			UKRAIN	Н	UKRAIN:MENU:dlgMainMenu:2742	prototype to replace	none; resource binding pending	Language-specific resource mnemonic.
mnemonic			UKRAIN	у	UKRAIN:MENU:dlgMainMenu:2743	prototype to replace	none; resource binding pending	Language-specific resource mnemonic.
mnemonic			UKRAIN	Ф	UKRAIN:MENU:dlgMainMenu:2744	prototype to replace	none; resource binding pending	Language-specific resource mnemonic.
mnemonic			UKRAIN	р	UKRAIN:MENU:dlgMainMenu:2746	prototype to replace	none; resource binding pending	Language-specific resource mnemonic.
mnemonic			UKRAIN	E	UKRAIN:MENU:dlgMainMenu:2750	prototype to replace	none; resource binding pending	Language-specific resource mnemonic.
mnemonic			UKRAIN	N	UKRAIN:MENU:dlgMainMenu:2751	prototype to replace	none; resource binding pending	Language-specific resource mnemonic.
mnemonic			UKRAIN	A	UKRAIN:MENU:dlgMainMenu:2752	prototype to replace	none; resource binding pending	Language-specific resource mnemonic.
mnemonic			UKRAIN	J	UKRAIN:MENU:dlgMainMenu:2753	prototype to replace	none; resource binding pending	Language-specific resource mnemonic.
mnemonic			UKRAIN	2	UKRAIN:MENU:dlgMainMenu:2754	prototype to replace	none; resource binding pending	Language-specific resource mnemonic.
mnemonic			UKRAIN	B	UKRAIN:MENU:dlgMainMenu:2755	prototype to replace	none; resource binding pending	Language-specific resource mnemonic.
mnemonic			UKRAIN	C	UKRAIN:MENU:dlgMainMenu:2757	prototype to replace	none; resource binding pending	Language-specific resource mnemonic.
mnemonic			UKRAIN	H	UKRAIN:MENU:dlgMainMenu:2758	prototype to replace	none; resource binding pending	Language-specific resource mnemonic.
mnemonic			UKRAIN	P	UKRAIN:MENU:dlgMainMenu:2759	prototype to replace	none; resource binding pending	Language-specific resource mnemonic.
mnemonic			UKRAIN	K	UKRAIN:MENU:dlgMainMenu:2760	prototype to replace	none; resource binding pending	Language-specific resource mnemonic.
mnemonic			UKRAIN	Y	UKRAIN:MENU:dlgMainMenu:2761	prototype to replace	none; resource binding pending	Language-specific resource mnemonic.
mnemonic			UKRAIN	3	UKRAIN:MENU:dlgMainMenu:2762	prototype to replace	none; resource binding pending	Language-specific resource mnemonic.
mnemonic			UKRAIN	L	UKRAIN:MENU:dlgMainMenu:2763	prototype to replace	none; resource binding pending	Language-specific resource mnemonic.
mnemonic			UKRAIN	I	UKRAIN:MENU:dlgMainMenu:2764	prototype to replace	none; resource binding pending	Language-specific resource mnemonic.
mnemonic			UKRAIN	R	UKRAIN:MENU:dlgMainMenu:2766	prototype to replace	none; resource binding pending	Language-specific resource mnemonic.
mnemonic			UKRAIN	S	UKRAIN:MENU:dlgMainMenu:2767	prototype to replace	none; resource binding pending	Language-specific resource mnemonic.
mnemonic			UKRAIN	T	UKRAIN:MENU:dlgMainMenu:2768	prototype to replace	none; resource binding pending	Language-specific resource mnemonic.
mnemonic			UKRAIN	G	UKRAIN:MENU:dlgMainMenu:2769	prototype to replace	none; resource binding pending	Language-specific resource mnemonic.
mnemonic			UKRAIN	U	UKRAIN:MENU:dlgMainMenu:2770	prototype to replace	none; resource binding pending	Language-specific resource mnemonic.
mnemonic			UKRAIN	F	UKRAIN:MENU:dlgMainMenu:2771	prototype to replace	none; resource binding pending	Language-specific resource mnemonic.
mnemonic			UKRAIN	Z	UKRAIN:MENU:dlgMainMenu:2772	prototype to replace	none; resource binding pending	Language-specific resource mnemonic.
mnemonic			UKRAIN	O	UKRAIN:MENU:dlgMainMenu:2773	prototype to replace	none; resource binding pending	Language-specific resource mnemonic.
mnemonic			UKRAIN	X	UKRAIN:MENU:dlgMainMenu:2774	prototype to replace	none; resource binding pending	Language-specific resource mnemonic.
mnemonic			UKRAIN	7	UKRAIN:MENU:dlgMainMenu:2775	prototype to replace	none; resource binding pending	Language-specific resource mnemonic.
mnemonic			UKRAIN	л	UKRAIN:MENU:dlgMainMenu:2785	prototype to replace	none; resource binding pending	Language-specific resource mnemonic.
mnemonic			UKRAIN	м	UKRAIN:MENU:dlgMainMenu:2786	prototype to replace	none; resource binding pending	Language-specific resource mnemonic.
mnemonic			UKRAIN	п	UKRAIN:MENU:dlgMainMenu:2787	prototype to replace	none; resource binding pending	Language-specific resource mnemonic.
mnemonic			UKRAIN	е	UKRAIN:MENU:dlgMainMenu:2788	prototype to replace	none; resource binding pending	Language-specific resource mnemonic.
mnemonic			UKRAIN	З	UKRAIN:MENU:dlgMainMenu:2790	prototype to replace	none; resource binding pending	Language-specific resource mnemonic.
mnemonic			UKRAIN	В	UKRAIN:MENU:dlgMainMenu:2791	prototype to replace	none; resource binding pending	Language-specific resource mnemonic.
mnemonic			UKRAIN	К	UKRAIN:MENU:dlgMainMenu:2793	prototype to replace	none; resource binding pending	Language-specific resource mnemonic.
mnemonic			UKRAIN	В	UKRAIN:MENU:dlgMainMenu:2797	prototype to replace	none; resource binding pending	Language-specific resource mnemonic.
mnemonic			UKRAIN	Ч	UKRAIN:MENU:dlgMainMenu:2798	prototype to replace	none; resource binding pending	Language-specific resource mnemonic.
mnemonic			UKRAIN	К	UKRAIN:MENU:dlgMainMenu:2799	prototype to replace	none; resource binding pending	Language-specific resource mnemonic.
mnemonic			UKRAIN	В	UKRAIN:MENU:dlgMainMenu:2800	prototype to replace	none; resource binding pending	Language-specific resource mnemonic.
mnemonic			UKRAIN	Р	UKRAIN:MENU:dlgMainMenu:2802	prototype to replace	none; resource binding pending	Language-specific resource mnemonic.
mnemonic			UKRAIN	М	UKRAIN:MENU:dlgMainMenu:2803	prototype to replace	none; resource binding pending	Language-specific resource mnemonic.
mnemonic			UKRAIN	Р	UKRAIN:MENU:dlgMainMenu:2804	prototype to replace	none; resource binding pending	Language-specific resource mnemonic.
mnemonic			UKRAIN	Н	UKRAIN:MENU:dlgMainMenu:2805	prototype to replace	none; resource binding pending	Language-specific resource mnemonic.
mnemonic			UKRAIN	П	UKRAIN:MENU:dlgMainMenu:2806	prototype to replace	none; resource binding pending	Language-specific resource mnemonic.
mnemonic			UKRAIN	а	UKRAIN:MENU:dlgMainMenu:2807	prototype to replace	none; resource binding pending	Language-specific resource mnemonic.
mnemonic			UKRAIN	е	UKRAIN:MENU:dlgMainMenu:2808	prototype to replace	none; resource binding pending	Language-specific resource mnemonic.
mnemonic			UKRAIN	i	UKRAIN:MENU:dlgMainMenu:2809	prototype to replace	none; resource binding pending	Language-specific resource mnemonic.
mnemonic			UKRAIN	ш	UKRAIN:MENU:dlgMainMenu:2810	prototype to replace	none; resource binding pending	Language-specific resource mnemonic.
mnemonic			UKRAIN	З	UKRAIN:MENU:dlgMainMenu:2811	prototype to replace	none; resource binding pending	Language-specific resource mnemonic.
mnemonic			UKRAIN	и	UKRAIN:MENU:dlgMainMenu:2813	prototype to replace	none; resource binding pending	Language-specific resource mnemonic.
mnemonic			UKRAIN	Ф	UKRAIN:Menu:dlgWkzMenuBar:2818	prototype to replace	none; resource binding pending	Language-specific resource mnemonic.
mnemonic			UKRAIN	Н	UKRAIN:Menu:dlgWkzMenuBar:2819	prototype to replace	none; resource binding pending	Language-specific resource mnemonic.
mnemonic			UKRAIN	В	UKRAIN:Menu:dlgWkzMenuBar:2820	prototype to replace	none; resource binding pending	Language-specific resource mnemonic.
mnemonic			UKRAIN	З	UKRAIN:Menu:dlgWkzMenuBar:2821	prototype to replace	none; resource binding pending	Language-specific resource mnemonic.
mnemonic			UKRAIN	а	UKRAIN:Menu:dlgWkzMenuBar:2822	prototype to replace	none; resource binding pending	Language-specific resource mnemonic.
mnemonic			UKRAIN	П	UKRAIN:Menu:dlgWkzMenuBar:2823	prototype to replace	none; resource binding pending	Language-specific resource mnemonic.
mnemonic			UKRAIN	I	UKRAIN:Menu:dlgWkzMenuBar:2824	prototype to replace	none; resource binding pending	Language-specific resource mnemonic.
mnemonic			UKRAIN	Т	UKRAIN:Menu:dlgWkzMenuBar:2825	prototype to replace	none; resource binding pending	Language-specific resource mnemonic.
mnemonic			UKRAIN	C	UKRAIN:Menu:dlgWkzMenuBar:2825	prototype to replace	none; resource binding pending	Language-specific resource mnemonic.
mnemonic			UKRAIN	D	UKRAIN:Menu:dlgWkzMenuBar:2826	prototype to replace	none; resource binding pending	Language-specific resource mnemonic.
mnemonic			UKRAIN	Е	UKRAIN:Menu:dlgWkzMenuBar:2828	prototype to replace	none; resource binding pending	Language-specific resource mnemonic.
mnemonic			UKRAIN	C	UKRAIN:Menu:dlgWkzMenuBar:2829	prototype to replace	none; resource binding pending	Language-specific resource mnemonic.
mnemonic			UKRAIN	D	UKRAIN:Menu:dlgWkzMenuBar:2830	prototype to replace	none; resource binding pending	Language-specific resource mnemonic.
mnemonic			UKRAIN	X	UKRAIN:Menu:dlgWkzMenuBar:2831	prototype to replace	none; resource binding pending	Language-specific resource mnemonic.
mnemonic			UKRAIN	Г	UKRAIN:Menu:dlgWkzMenuBar:2834	prototype to replace	none; resource binding pending	Language-specific resource mnemonic.
mnemonic			UKRAIN	В	UKRAIN:Menu:dlgWkzMenuBar:2836	prototype to replace	none; resource binding pending	Language-specific resource mnemonic.
mnemonic			UKRAIN	Р	UKRAIN:Menu:dlgWkzMenuBar:2838	prototype to replace	none; resource binding pending	Language-specific resource mnemonic.
mnemonic			UKRAIN	В	UKRAIN:Menu:dlgWkzMenuBar:2839	prototype to replace	none; resource binding pending	Language-specific resource mnemonic.
mnemonic			UKRAIN	и	UKRAIN:Menu:dlgWkzMenuBar:2841	prototype to replace	none; resource binding pending	Language-specific resource mnemonic.
mnemonic			UKRAIN	К	UKRAIN:Menu:dlgWkzMenuBar:2842	prototype to replace	none; resource binding pending	Language-specific resource mnemonic.
mnemonic			UKRAIN	с	UKRAIN:Menu:dlgWkzMenuBar:2843	prototype to replace	none; resource binding pending	Language-specific resource mnemonic.
mnemonic			UKRAIN	т	UKRAIN:Menu:dlgWkzMenuBar:2845	prototype to replace	none; resource binding pending	Language-specific resource mnemonic.
mnemonic			UKRAIN	П	UKRAIN:Menu:dlgWkzMenuBar:2847	prototype to replace	none; resource binding pending	Language-specific resource mnemonic.
mnemonic			UKRAIN	Ш	UKRAIN:Menu:dlgWkzMenuBar:2848	prototype to replace	none; resource binding pending	Language-specific resource mnemonic.
mnemonic			UKRAIN	З	UKRAIN:Menu:dlgWkzMenuBar:2849	prototype to replace	none; resource binding pending	Language-specific resource mnemonic.
mnemonic			UKRAIN	П	UKRAIN:Menu:dlgWkzMenuBar:2850	prototype to replace	none; resource binding pending	Language-specific resource mnemonic.
mnemonic			UKRAIN	К	UKRAIN:Menu:dlgWkzMenuBar:2851	prototype to replace	none; resource binding pending	Language-specific resource mnemonic.
mnemonic			UKRAIN	о	UKRAIN:Menu:dlgWkzMenuBar:2852	prototype to replace	none; resource binding pending	Language-specific resource mnemonic.
mnemonic			UKRAIN	Т	UKRAIN:Menu:dlgWkzMenuBar:2854	prototype to replace	none; resource binding pending	Language-specific resource mnemonic.
mnemonic			UKRAIN	Ф	UKRAIN:Menu:dlgWkzMenuBar:2855	prototype to replace	none; resource binding pending	Language-specific resource mnemonic.
mnemonic			UKRAIN	и	UKRAIN:Menu:dlgWkzMenuBar:2856	prototype to replace	none; resource binding pending	Language-specific resource mnemonic.
mnemonic			UKRAIN	Р	UKRAIN:Menu:dlgWkzMenuBar:2857	prototype to replace	none; resource binding pending	Language-specific resource mnemonic.
mnemonic			UKRAIN	В	UKRAIN:Menu:dlgWkzMenuBar:2859	prototype to replace	none; resource binding pending	Language-specific resource mnemonic.
mnemonic			UKRAIN	с	UKRAIN:Menu:dlgWkzMenuBar:2860	prototype to replace	none; resource binding pending	Language-specific resource mnemonic.
mnemonic			UKRAIN	и	UKRAIN:Menu:dlgWkzMenuBar:2861	prototype to replace	none; resource binding pending	Language-specific resource mnemonic.
mnemonic			UKRAIN	д	UKRAIN:Menu:dlgWkzMenuBar:2862	prototype to replace	none; resource binding pending	Language-specific resource mnemonic.
mnemonic			UKRAIN	В	UKRAIN:DIALOG:dlgPhoneBook:2868	prototype to replace	none; resource binding pending	Language-specific resource mnemonic.
mnemonic			UKRAIN	а	UKRAIN:DIALOG:dlgPhoneBook:2869	prototype to replace	none; resource binding pending	Language-specific resource mnemonic.
mnemonic			UKRAIN	Н	UKRAIN:DIALOG:dlgPhoneBook:2870	prototype to replace	none; resource binding pending	Language-specific resource mnemonic.
mnemonic			UKRAIN	Д	UKRAIN:DIALOG:dlgPhoneBook:2871	prototype to replace	none; resource binding pending	Language-specific resource mnemonic.
mnemonic			UKRAIN	З	UKRAIN:DIALOG:dlgPhoneBook:2872	prototype to replace	none; resource binding pending	Language-specific resource mnemonic.
mnemonic			UKRAIN	и	UKRAIN:DIALOG:dlgPhoneBook:2873	prototype to replace	none; resource binding pending	Language-specific resource mnemonic.
mnemonic			UKRAIN	С	UKRAIN:DIALOG:dlgPhoneBook:2874	prototype to replace	none; resource binding pending	Language-specific resource mnemonic.
mnemonic			UKRAIN	П	UKRAIN:DIALOG:dlgPhoneBook:2875	prototype to replace	none; resource binding pending	Language-specific resource mnemonic.
mnemonic			UKRAIN	м	UKRAIN:DIALOG:dlgPhoneBook:2876	prototype to replace	none; resource binding pending	Language-specific resource mnemonic.
mnemonic			UKRAIN	К	UKRAIN:DIALOG:dlgPhoneBook:2877	prototype to replace	none; resource binding pending	Language-specific resource mnemonic.
mnemonic			UKRAIN	Н	UKRAIN:DIALOG:dlgManualDial:2884	prototype to replace	none; resource binding pending	Language-specific resource mnemonic.
mnemonic			UKRAIN	К	UKRAIN:DIALOG:dlgManualDial:2885	prototype to replace	none; resource binding pending	Language-specific resource mnemonic.
mnemonic			UKRAIN	г	UKRAIN:DIALOG:dlgManualDial:2887	prototype to replace	none; resource binding pending	Language-specific resource mnemonic.
mnemonic			UKRAIN	В	UKRAIN:DIALOG:dlgCalculator:2893	prototype to replace	none; resource binding pending	Language-specific resource mnemonic.
mnemonic			UKRAIN	D	UKRAIN:DIALOG:dlgCalculator:2895	prototype to replace	none; resource binding pending	Language-specific resource mnemonic.
mnemonic			UKRAIN	H	UKRAIN:DIALOG:dlgCalculator:2896	prototype to replace	none; resource binding pending	Language-specific resource mnemonic.
mnemonic			UKRAIN	B	UKRAIN:DIALOG:dlgCalculator:2897	prototype to replace	none; resource binding pending	Language-specific resource mnemonic.
mnemonic			UKRAIN	O	UKRAIN:DIALOG:dlgCalculator:2898	prototype to replace	none; resource binding pending	Language-specific resource mnemonic.
mnemonic			UKRAIN	E	UKRAIN:DIALOG:dlgCalculator:2899	prototype to replace	none; resource binding pending	Language-specific resource mnemonic.
mnemonic			UKRAIN	T	UKRAIN:DIALOG:dlgCalculator:2900	prototype to replace	none; resource binding pending	Language-specific resource mnemonic.
mnemonic			UKRAIN	Ф	UKRAIN:DIALOG:dlgCalculator:2902	prototype to replace	none; resource binding pending	Language-specific resource mnemonic.
mnemonic			UKRAIN	ч	UKRAIN:DIALOG:dlgCalculator:2903	prototype to replace	none; resource binding pending	Language-specific resource mnemonic.
mnemonic			UKRAIN	С	UKRAIN:DIALOG:dlgCalculator:2904	prototype to replace	none; resource binding pending	Language-specific resource mnemonic.
mnemonic			UKRAIN	г	UKRAIN:DIALOG:dlgCalculator:2907	prototype to replace	none; resource binding pending	Language-specific resource mnemonic.
mnemonic			UKRAIN	D	UKRAIN:DIALOG:dlgCalcFormat:2913	prototype to replace	none; resource binding pending	Language-specific resource mnemonic.
mnemonic			UKRAIN	H	UKRAIN:DIALOG:dlgCalcFormat:2916	prototype to replace	none; resource binding pending	Language-specific resource mnemonic.
mnemonic			UKRAIN	B	UKRAIN:DIALOG:dlgCalcFormat:2919	prototype to replace	none; resource binding pending	Language-specific resource mnemonic.
mnemonic			UKRAIN	O	UKRAIN:DIALOG:dlgCalcFormat:2922	prototype to replace	none; resource binding pending	Language-specific resource mnemonic.
mnemonic			UKRAIN	E	UKRAIN:DIALOG:dlgCalcFormat:2925	prototype to replace	none; resource binding pending	Language-specific resource mnemonic.
mnemonic			UKRAIN	T	UKRAIN:DIALOG:dlgCalcFormat:2928	prototype to replace	none; resource binding pending	Language-specific resource mnemonic.
mnemonic			UKRAIN	К	UKRAIN:DIALOG:dlgCalcFormat:2930	prototype to replace	none; resource binding pending	Language-specific resource mnemonic.
mnemonic			UKRAIN	К	UKRAIN:DIALOG:dlgWindowManager:2936	prototype to replace	none; resource binding pending	Language-specific resource mnemonic.
mnemonic			UKRAIN	З	UKRAIN:DIALOG:dlgWindowManager:2937	prototype to replace	none; resource binding pending	Language-specific resource mnemonic.
mnemonic			UKRAIN	г	UKRAIN:DIALOG:dlgWindowManager:2939	prototype to replace	none; resource binding pending	Language-specific resource mnemonic.
mnemonic			UKRAIN	М	UKRAIN:DIALOG:dlgVolumeLabel:2945	prototype to replace	none; resource binding pending	Language-specific resource mnemonic.
mnemonic			UKRAIN	К	UKRAIN:DIALOG:dlgVolumeLabel:2946	prototype to replace	none; resource binding pending	Language-specific resource mnemonic.
mnemonic			UKRAIN	З	UKRAIN:DIALOG:dlgEditEnvironment:2954	prototype to replace	none; resource binding pending	Language-specific resource mnemonic.
mnemonic			UKRAIN	К	UKRAIN:DIALOG:dlgEditEnvironment:2955	prototype to replace	none; resource binding pending	Language-specific resource mnemonic.
mnemonic			UKRAIN	Н	UKRAIN:DIALOG:dlgEditEnvironment:2956	prototype to replace	none; resource binding pending	Language-specific resource mnemonic.
mnemonic			UKRAIN	Д	UKRAIN:DIALOG:dlgEditEnvironment:2957	prototype to replace	none; resource binding pending	Language-specific resource mnemonic.
mnemonic			UKRAIN	и	UKRAIN:DIALOG:dlgEditEnvironment:2958	prototype to replace	none; resource binding pending	Language-specific resource mnemonic.
mnemonic			UKRAIN	г	UKRAIN:DIALOG:dlgEditEnvironment:2960	prototype to replace	none; resource binding pending	Language-specific resource mnemonic.
mnemonic			UKRAIN	К	UKRAIN:DIALOG:dlgTetrisWinner:2967	prototype to replace	none; resource binding pending	Language-specific resource mnemonic.
mnemonic			UKRAIN	г	UKRAIN:DIALOG:dlgTetrisWinner:2969	prototype to replace	none; resource binding pending	Language-specific resource mnemonic.
mnemonic			UKRAIN	а	UKRAIN:DIALOG:dlgSplitFile:2975	prototype to replace	none; resource binding pending	Language-specific resource mnemonic.
mnemonic			UKRAIN	в	UKRAIN:DIALOG:dlgSplitFile:2978	prototype to replace	none; resource binding pending	Language-specific resource mnemonic.
mnemonic			UKRAIN	П	UKRAIN:DIALOG:dlgSplitFile:2979	prototype to replace	none; resource binding pending	Language-specific resource mnemonic.
mnemonic			UKRAIN	З	UKRAIN:DIALOG:dlgSplitFile:2980	prototype to replace	none; resource binding pending	Language-specific resource mnemonic.
mnemonic			UKRAIN	з	UKRAIN:DIALOG:dlgSplitFile:2984	prototype to replace	none; resource binding pending	Language-specific resource mnemonic.
mnemonic			UKRAIN	Ч	UKRAIN:DIALOG:dlgSplitFile:2987	prototype to replace	none; resource binding pending	Language-specific resource mnemonic.
mnemonic			UKRAIN	К	UKRAIN:DIALOG:dlgSplitFile:2989	prototype to replace	none; resource binding pending	Language-specific resource mnemonic.
mnemonic			UKRAIN	Д	UKRAIN:DIALOG:dlgSplitFile:2991	prototype to replace	none; resource binding pending	Language-specific resource mnemonic.
mnemonic			UKRAIN	г	UKRAIN:DIALOG:dlgSplitFile:2992	prototype to replace	none; resource binding pending	Language-specific resource mnemonic.
mnemonic			UKRAIN	а	UKRAIN:DIALOG:dlgCombineFile:2998	prototype to replace	none; resource binding pending	Language-specific resource mnemonic.
mnemonic			UKRAIN	К	UKRAIN:DIALOG:dlgCombineFile:2999	prototype to replace	none; resource binding pending	Language-specific resource mnemonic.
mnemonic			UKRAIN	Д	UKRAIN:DIALOG:dlgCombineFile:3001	prototype to replace	none; resource binding pending	Language-specific resource mnemonic.
mnemonic			UKRAIN	г	UKRAIN:DIALOG:dlgCombineFile:3002	prototype to replace	none; resource binding pending	Language-specific resource mnemonic.
mnemonic			UKRAIN	K	UKRAIN:DIALOG:dlgNextSection:3009	prototype to replace	none; resource binding pending	Language-specific resource mnemonic.
mnemonic			UKRAIN	Д	UKRAIN:DIALOG:dlgNextSection:3011	prototype to replace	none; resource binding pending	Language-specific resource mnemonic.
mnemonic			UKRAIN	г	UKRAIN:DIALOG:dlgNextSection:3012	prototype to replace	none; resource binding pending	Language-specific resource mnemonic.
mnemonic			UKRAIN	К	UKRAIN:DIALOG:dlgPentixTop10:3017	prototype to replace	none; resource binding pending	Language-specific resource mnemonic.
mnemonic			UKRAIN	К	UKRAIN:DIALOG:dlgTetrisTop10:3023	prototype to replace	none; resource binding pending	Language-specific resource mnemonic.
mnemonic			UKRAIN	П	UKRAIN:DIALOG:dlgUUDecode:3030	prototype to replace	none; resource binding pending	Language-specific resource mnemonic.
mnemonic			UKRAIN	р	UKRAIN:DIALOG:dlgUUDecode:3032	prototype to replace	none; resource binding pending	Language-specific resource mnemonic.
mnemonic			UKRAIN	В	UKRAIN:DIALOG:dlgUUDecode:3033	prototype to replace	none; resource binding pending	Language-specific resource mnemonic.
mnemonic			UKRAIN	З	UKRAIN:DIALOG:dlgUUDecode:3034	prototype to replace	none; resource binding pending	Language-specific resource mnemonic.
mnemonic			UKRAIN	К	UKRAIN:DIALOG:dlgUUDecode:3036	prototype to replace	none; resource binding pending	Language-specific resource mnemonic.
mnemonic			UKRAIN	Д	UKRAIN:DIALOG:dlgUUDecode:3038	prototype to replace	none; resource binding pending	Language-specific resource mnemonic.
mnemonic			UKRAIN	г	UKRAIN:DIALOG:dlgUUDecode:3039	prototype to replace	none; resource binding pending	Language-specific resource mnemonic.
mnemonic			UKRAIN	К	UKRAIN:DIALOG:dlgUUEncode:3045	prototype to replace	none; resource binding pending	Language-specific resource mnemonic.
mnemonic			UKRAIN	р	UKRAIN:DIALOG:dlgUUEncode:3047	prototype to replace	none; resource binding pending	Language-specific resource mnemonic.
mnemonic			UKRAIN	ц	UKRAIN:DIALOG:dlgUUEncode:3048	prototype to replace	none; resource binding pending	Language-specific resource mnemonic.
mnemonic			UKRAIN	т	UKRAIN:DIALOG:dlgUUEncode:3049	prototype to replace	none; resource binding pending	Language-specific resource mnemonic.
mnemonic			UKRAIN	ф	UKRAIN:DIALOG:dlgUUEncode:3051	prototype to replace	none; resource binding pending	Language-specific resource mnemonic.
mnemonic			UKRAIN	Н	UKRAIN:DIALOG:dlgUUEncode:3053	prototype to replace	none; resource binding pending	Language-specific resource mnemonic.
mnemonic			UKRAIN	г	UKRAIN:DIALOG:dlgUUEncode:3054	prototype to replace	none; resource binding pending	Language-specific resource mnemonic.
mnemonic			UKRAIN	ж	UKRAIN:DIALOG:dlgUUEncode:3055	prototype to replace	none; resource binding pending	Language-specific resource mnemonic.
mnemonic			UKRAIN	л	UKRAIN:DIALOG:dlgUUEncode:3056	prototype to replace	none; resource binding pending	Language-specific resource mnemonic.
mnemonic			UKRAIN	6	UKRAIN:DIALOG:dlgUUEncode:3057	prototype to replace	none; resource binding pending	Language-specific resource mnemonic.
mnemonic			UKRAIN	и	UKRAIN:DIALOG:dlgUUEncode:3059	prototype to replace	none; resource binding pending	Language-specific resource mnemonic.
mnemonic			UKRAIN	Р	UKRAIN:DIALOG:dlgUUEncode:3061	prototype to replace	none; resource binding pending	Language-specific resource mnemonic.
mnemonic			UKRAIN	D	UKRAIN:DIALOG:dlgUUEncode:3064	prototype to replace	none; resource binding pending	Language-specific resource mnemonic.
mnemonic			UKRAIN	U	UKRAIN:DIALOG:dlgUUEncode:3065	prototype to replace	none; resource binding pending	Language-specific resource mnemonic.
mnemonic			UKRAIN	В	UKRAIN:DIALOG:dlgUUEncode:3068	prototype to replace	none; resource binding pending	Language-specific resource mnemonic.
mnemonic			UKRAIN	К	UKRAIN:DIALOG:dlgUUEncode:3070	prototype to replace	none; resource binding pending	Language-specific resource mnemonic.
mnemonic			UKRAIN	Д	UKRAIN:DIALOG:dlgUUEncode:3072	prototype to replace	none; resource binding pending	Language-specific resource mnemonic.
mnemonic			UKRAIN	г	UKRAIN:DIALOG:dlgUUEncode:3073	prototype to replace	none; resource binding pending	Language-specific resource mnemonic.
mnemonic			UKRAIN	в	UKRAIN:DIALOG:dlgOverwriteQuery:3079	prototype to replace	none; resource binding pending	Language-specific resource mnemonic.
mnemonic			UKRAIN	в	UKRAIN:DIALOG:dlgOverwriteQuery:3079	prototype to replace	none; resource binding pending	Language-specific resource mnemonic.
mnemonic			UKRAIN	П	UKRAIN:DIALOG:dlgOverwriteQuery:3081	prototype to replace	none; resource binding pending	Language-specific resource mnemonic.
mnemonic			UKRAIN	Д	UKRAIN:DIALOG:dlgOverwriteQuery:3082	prototype to replace	none; resource binding pending	Language-specific resource mnemonic.
mnemonic			UKRAIN	I	UKRAIN:DIALOG:dlgOverwriteQuery:3084	prototype to replace	none; resource binding pending	Language-specific resource mnemonic.
mnemonic			UKRAIN	р	UKRAIN:DIALOG:dlgOverwriteQuery:3085	prototype to replace	none; resource binding pending	Language-specific resource mnemonic.
mnemonic			UKRAIN	К	UKRAIN:DIALOG:dlgAppendQuery:3105	prototype to replace	none; resource binding pending	Language-specific resource mnemonic.
mnemonic			UKRAIN	С	UKRAIN:DIALOG:dlgAppendQuery:3106	prototype to replace	none; resource binding pending	Language-specific resource mnemonic.
mnemonic			UKRAIN	Ф	UKRAIN:DIALOG:dlgAdvancedFilter:3113	prototype to replace	none; resource binding pending	Language-specific resource mnemonic.
mnemonic			UKRAIN	Р	UKRAIN:DIALOG:dlgAdvancedFilter:3116	prototype to replace	none; resource binding pending	Language-specific resource mnemonic.
mnemonic			UKRAIN	Д	UKRAIN:DIALOG:dlgAdvancedFilter:3117	prototype to replace	none; resource binding pending	Language-specific resource mnemonic.
mnemonic			UKRAIN	O	UKRAIN:DIALOG:dlgAdvancedFilter:3118	prototype to replace	none; resource binding pending	Language-specific resource mnemonic.
mnemonic			UKRAIN	К	UKRAIN:DIALOG:dlgAdvancedFilter:3120	prototype to replace	none; resource binding pending	Language-specific resource mnemonic.
mnemonic			UKRAIN	З	UKRAIN:DIALOG:dlgAdvancedFilter:3121	prototype to replace	none; resource binding pending	Language-specific resource mnemonic.
mnemonic			UKRAIN	Ш	UKRAIN:DIALOG:dlgViewerFind:3127	prototype to replace	none; resource binding pending	Language-specific resource mnemonic.
mnemonic			UKRAIN	Ш	UKRAIN:DIALOG:dlgViewerFind:3129	prototype to replace	none; resource binding pending	Language-specific resource mnemonic.
mnemonic			UKRAIN	Р	UKRAIN:DIALOG:dlgViewerFind:3132	prototype to replace	none; resource binding pending	Language-specific resource mnemonic.
mnemonic			UKRAIN	р	UKRAIN:DIALOG:dlgViewerFind:3132	prototype to replace	none; resource binding pending	Language-specific resource mnemonic.
mnemonic			UKRAIN	с	UKRAIN:DIALOG:dlgViewerFind:3133	prototype to replace	none; resource binding pending	Language-specific resource mnemonic.
mnemonic			UKRAIN	В	UKRAIN:DIALOG:dlgViewerFind:3134	prototype to replace	none; resource binding pending	Language-specific resource mnemonic.
mnemonic			UKRAIN	г	UKRAIN:DIALOG:dlgViewerFind:3136	prototype to replace	none; resource binding pending	Language-specific resource mnemonic.
mnemonic			UKRAIN	В	UKRAIN:DIALOG:dlgViewerFind:3142	prototype to replace	none; resource binding pending	Language-specific resource mnemonic.
mnemonic			UKRAIN	Н	UKRAIN:DIALOG:dlgViewerFind:3143	prototype to replace	none; resource binding pending	Language-specific resource mnemonic.
mnemonic			UKRAIN	O	UKRAIN:DIALOG:dlgViewerFind:3147	prototype to replace	none; resource binding pending	Language-specific resource mnemonic.
mnemonic			UKRAIN	г	UKRAIN:DIALOG:dlgViewerFind:3149	prototype to replace	none; resource binding pending	Language-specific resource mnemonic.
mnemonic			UKRAIN	I	UKRAIN:DIALOG:dlgPanelSortSetup:3155	prototype to replace	none; resource binding pending	Language-specific resource mnemonic.
mnemonic			UKRAIN	Р	UKRAIN:DIALOG:dlgPanelSortSetup:3156	prototype to replace	none; resource binding pending	Language-specific resource mnemonic.
mnemonic			UKRAIN	м	UKRAIN:DIALOG:dlgPanelSortSetup:3157	prototype to replace	none; resource binding pending	Language-specific resource mnemonic.
mnemonic			UKRAIN	Ч	UKRAIN:DIALOG:dlgPanelSortSetup:3158	prototype to replace	none; resource binding pending	Language-specific resource mnemonic.
mnemonic			UKRAIN	с	UKRAIN:DIALOG:dlgPanelSortSetup:3159	prototype to replace	none; resource binding pending	Language-specific resource mnemonic.
mnemonic			UKRAIN	д	UKRAIN:DIALOG:dlgPanelSortSetup:3160	prototype to replace	none; resource binding pending	Language-specific resource mnemonic.
mnemonic			UKRAIN	О	UKRAIN:DIALOG:dlgPanelSortSetup:3161	prototype to replace	none; resource binding pending	Language-specific resource mnemonic.
mnemonic			UKRAIN	Н	UKRAIN:DIALOG:dlgPanelSortSetup:3162	prototype to replace	none; resource binding pending	Language-specific resource mnemonic.
mnemonic			UKRAIN	ш	UKRAIN:DIALOG:dlgPanelSortSetup:3166	prototype to replace	none; resource binding pending	Language-specific resource mnemonic.
mnemonic			UKRAIN	г	UKRAIN:DIALOG:dlgPanelSortSetup:3167	prototype to replace	none; resource binding pending	Language-specific resource mnemonic.
mnemonic			UKRAIN	в	UKRAIN:DIALOG:dlgPanelSortSetup:3168	prototype to replace	none; resource binding pending	Language-specific resource mnemonic.
mnemonic			UKRAIN	т	UKRAIN:DIALOG:dlgPanelSortSetup:3169	prototype to replace	none; resource binding pending	Language-specific resource mnemonic.
mnemonic			UKRAIN	1	UKRAIN:DIALOG:dlgPanelSortSetup:3180	prototype to replace	none; resource binding pending	Language-specific resource mnemonic.
mnemonic			UKRAIN	2	UKRAIN:DIALOG:dlgPanelSortSetup:3188	prototype to replace	none; resource binding pending	Language-specific resource mnemonic.
mnemonic			UKRAIN	3	UKRAIN:DIALOG:dlgPanelSortSetup:3196	prototype to replace	none; resource binding pending	Language-specific resource mnemonic.
mnemonic			UKRAIN	4	UKRAIN:DIALOG:dlgPanelSortSetup:3204	prototype to replace	none; resource binding pending	Language-specific resource mnemonic.
mnemonic			UKRAIN	З	UKRAIN:DIALOG:dlgPanelSortSetup:3211	prototype to replace	none; resource binding pending	Language-specific resource mnemonic.
mnemonic			UKRAIN	К	UKRAIN:DIALOG:dlgPanelSortSetup:3212	prototype to replace	none; resource binding pending	Language-specific resource mnemonic.
mnemonic			UKRAIN	г	UKRAIN:DIALOG:dlgPanelSortSetup:3214	prototype to replace	none; resource binding pending	Language-specific resource mnemonic.
mnemonic			UKRAIN	-	UKRAIN:DIALOG:dlgFMSetup:3221	prototype to replace	none; resource binding pending	Language-specific resource mnemonic.
mnemonic			UKRAIN	т	UKRAIN:DIALOG:dlgFMSetup:3222	prototype to replace	none; resource binding pending	Language-specific resource mnemonic.
mnemonic			UKRAIN	о	UKRAIN:DIALOG:dlgFMSetup:3223	prototype to replace	none; resource binding pending	Language-specific resource mnemonic.
mnemonic			UKRAIN	В	UKRAIN:DIALOG:dlgFMSetup:3224	prototype to replace	none; resource binding pending	Language-specific resource mnemonic.
mnemonic			UKRAIN	В	UKRAIN:DIALOG:dlgFMSetup:3224	prototype to replace	none; resource binding pending	Language-specific resource mnemonic.
mnemonic			UKRAIN	П	UKRAIN:DIALOG:dlgFMSetup:3225	prototype to replace	none; resource binding pending	Language-specific resource mnemonic.
mnemonic			UKRAIN	и	UKRAIN:DIALOG:dlgFMSetup:3226	prototype to replace	none; resource binding pending	Language-specific resource mnemonic.
mnemonic			UKRAIN	/	UKRAIN:DIALOG:dlgFMSetup:3227	prototype to replace	none; resource binding pending	Language-specific resource mnemonic.
mnemonic			UKRAIN	з	UKRAIN:DIALOG:dlgFMSetup:3228	prototype to replace	none; resource binding pending	Language-specific resource mnemonic.
mnemonic			UKRAIN	д	UKRAIN:DIALOG:dlgFMSetup:3260	prototype to replace	none; resource binding pending	Language-specific resource mnemonic.
mnemonic			UKRAIN	м	UKRAIN:DIALOG:dlgFMSetup:3295	prototype to replace	none; resource binding pending	Language-specific resource mnemonic.
mnemonic			UKRAIN	б	UKRAIN:DIALOG:dlgFMSetup:3298	prototype to replace	none; resource binding pending	Language-specific resource mnemonic.
mnemonic			UKRAIN	Ф	UKRAIN:DIALOG:dlgFMSetup:3302	prototype to replace	none; resource binding pending	Language-specific resource mnemonic.
mnemonic			UKRAIN	н	UKRAIN:DIALOG:dlgFMSetup:3317	prototype to replace	none; resource binding pending	Language-specific resource mnemonic.
mnemonic			UKRAIN	Л	UKRAIN:DIALOG:dlgFMSetup:3326	prototype to replace	none; resource binding pending	Language-specific resource mnemonic.
mnemonic			UKRAIN	К	UKRAIN:DIALOG:dlgFMSetup:3328	prototype to replace	none; resource binding pending	Language-specific resource mnemonic.
mnemonic			UKRAIN	г	UKRAIN:DIALOG:dlgFMSetup:3330	prototype to replace	none; resource binding pending	Language-specific resource mnemonic.
mnemonic			UKRAIN	О	UKRAIN:DIALOG:dlgDriveInfoSetup:3336	prototype to replace	none; resource binding pending	Language-specific resource mnemonic.
mnemonic			UKRAIN	I	UKRAIN:DIALOG:dlgDriveInfoSetup:3337	prototype to replace	none; resource binding pending	Language-specific resource mnemonic.
mnemonic			UKRAIN	Р	UKRAIN:DIALOG:dlgDriveInfoSetup:3338	prototype to replace	none; resource binding pending	Language-specific resource mnemonic.
mnemonic			UKRAIN	В	UKRAIN:DIALOG:dlgDriveInfoSetup:3339	prototype to replace	none; resource binding pending	Language-specific resource mnemonic.
mnemonic			UKRAIN	М	UKRAIN:DIALOG:dlgDriveInfoSetup:3340	prototype to replace	none; resource binding pending	Language-specific resource mnemonic.
mnemonic			UKRAIN	р	UKRAIN:DIALOG:dlgDriveInfoSetup:3342	prototype to replace	none; resource binding pending	Language-specific resource mnemonic.
mnemonic			UKRAIN	й	UKRAIN:DIALOG:dlgDriveInfoSetup:3343	prototype to replace	none; resource binding pending	Language-specific resource mnemonic.
mnemonic			UKRAIN	п	UKRAIN:DIALOG:dlgDriveInfoSetup:3345	prototype to replace	none; resource binding pending	Language-specific resource mnemonic.
mnemonic			UKRAIN	Е	UKRAIN:DIALOG:dlgDriveInfoSetup:3349	prototype to replace	none; resource binding pending	Language-specific resource mnemonic.
mnemonic			UKRAIN	Х	UKRAIN:DIALOG:dlgDriveInfoSetup:3350	prototype to replace	none; resource binding pending	Language-specific resource mnemonic.
mnemonic			UKRAIN	Ф	UKRAIN:DIALOG:dlgDriveInfoSetup:3352	prototype to replace	none; resource binding pending	Language-specific resource mnemonic.
mnemonic			UKRAIN	К	UKRAIN:DIALOG:dlgDriveInfoSetup:3355	prototype to replace	none; resource binding pending	Language-specific resource mnemonic.
mnemonic			UKRAIN	г	UKRAIN:DIALOG:dlgDriveInfoSetup:3357	prototype to replace	none; resource binding pending	Language-specific resource mnemonic.
mnemonic			UKRAIN	з	UKRAIN:DIALOG:dlgStartupSetup:3363	prototype to replace	none; resource binding pending	Language-specific resource mnemonic.
mnemonic			UKRAIN	В	UKRAIN:DIALOG:dlgStartupSetup:3364	prototype to replace	none; resource binding pending	Language-specific resource mnemonic.
mnemonic			UKRAIN	З	UKRAIN:DIALOG:dlgStartupSetup:3365	prototype to replace	none; resource binding pending	Language-specific resource mnemonic.
mnemonic			UKRAIN	п	UKRAIN:DIALOG:dlgStartupSetup:3367	prototype to replace	none; resource binding pending	Language-specific resource mnemonic.
mnemonic			UKRAIN	и	UKRAIN:DIALOG:dlgStartupSetup:3373	prototype to replace	none; resource binding pending	Language-specific resource mnemonic.
mnemonic			UKRAIN	с	UKRAIN:DIALOG:dlgStartupSetup:3374	prototype to replace	none; resource binding pending	Language-specific resource mnemonic.
mnemonic			UKRAIN	б	UKRAIN:DIALOG:dlgStartupSetup:3375	prototype to replace	none; resource binding pending	Language-specific resource mnemonic.
mnemonic			UKRAIN	т	UKRAIN:DIALOG:dlgStartupSetup:3376	prototype to replace	none; resource binding pending	Language-specific resource mnemonic.
mnemonic			UKRAIN	В	UKRAIN:DIALOG:dlgStartupSetup:3377	prototype to replace	none; resource binding pending	Language-specific resource mnemonic.
mnemonic			UKRAIN	К	UKRAIN:DIALOG:dlgStartupSetup:3381	prototype to replace	none; resource binding pending	Language-specific resource mnemonic.
mnemonic			UKRAIN	Ф	UKRAIN:DIALOG:dlgArvidFileFind:3388	prototype to replace	none; resource binding pending	Language-specific resource mnemonic.
mnemonic			UKRAIN	О	UKRAIN:DIALOG:dlgArvidFileFind:3390	prototype to replace	none; resource binding pending	Language-specific resource mnemonic.
mnemonic			UKRAIN	о	UKRAIN:DIALOG:dlgArvidFileFind:3392	prototype to replace	none; resource binding pending	Language-specific resource mnemonic.
mnemonic			UKRAIN	П	UKRAIN:DIALOG:dlgArvidFileFind:3393	prototype to replace	none; resource binding pending	Language-specific resource mnemonic.
mnemonic			UKRAIN	К	UKRAIN:DIALOG:dlgArvidFileFind:3396	prototype to replace	none; resource binding pending	Language-specific resource mnemonic.
mnemonic			UKRAIN	ш	UKRAIN:DIALOG:dlgArvidFileFind:3397	prototype to replace	none; resource binding pending	Language-specific resource mnemonic.
mnemonic			UKRAIN	г	UKRAIN:DIALOG:dlgArvidFileFind:3399	prototype to replace	none; resource binding pending	Language-specific resource mnemonic.
mnemonic			UKRAIN	П	UKRAIN:Dialog:dlgArvidFindResults:3404	prototype to replace	none; resource binding pending	Language-specific resource mnemonic.
mnemonic			UKRAIN	С	UKRAIN:Dialog:dlgArvidFindResults:3405	prototype to replace	none; resource binding pending	Language-specific resource mnemonic.
mnemonic			UKRAIN	р	UKRAIN:DIALOG:dlgSystemSetup:3412	prototype to replace	none; resource binding pending	Language-specific resource mnemonic.
mnemonic			UKRAIN	ф	UKRAIN:DIALOG:dlgSystemSetup:3413	prototype to replace	none; resource binding pending	Language-specific resource mnemonic.
mnemonic			UKRAIN	Ш	UKRAIN:DIALOG:dlgSystemSetup:3415	prototype to replace	none; resource binding pending	Language-specific resource mnemonic.
mnemonic			UKRAIN	В	UKRAIN:DIALOG:dlgSystemSetup:3416	prototype to replace	none; resource binding pending	Language-specific resource mnemonic.
mnemonic			UKRAIN	А	UKRAIN:DIALOG:dlgSystemSetup:3417	prototype to replace	none; resource binding pending	Language-specific resource mnemonic.
mnemonic			UKRAIN	З	UKRAIN:DIALOG:dlgSystemSetup:3419	prototype to replace	none; resource binding pending	Language-specific resource mnemonic.
mnemonic			UKRAIN	ш	UKRAIN:DIALOG:dlgSystemSetup:3420	prototype to replace	none; resource binding pending	Language-specific resource mnemonic.
mnemonic			UKRAIN	У	UKRAIN:DIALOG:dlgSystemSetup:3425	prototype to replace	none; resource binding pending	Language-specific resource mnemonic.
mnemonic			UKRAIN	1	UKRAIN:DIALOG:dlgSystemSetup:3428	prototype to replace	none; resource binding pending	Language-specific resource mnemonic.
mnemonic			UKRAIN	2	UKRAIN:DIALOG:dlgSystemSetup:3430	prototype to replace	none; resource binding pending	Language-specific resource mnemonic.
mnemonic			UKRAIN	Т	UKRAIN:DIALOG:dlgSystemSetup:3433	prototype to replace	none; resource binding pending	Language-specific resource mnemonic.
mnemonic			UKRAIN	Д	UKRAIN:DIALOG:dlgSystemSetup:3437	prototype to replace	none; resource binding pending	Language-specific resource mnemonic.
mnemonic			UKRAIN	а	UKRAIN:DIALOG:dlgSystemSetup:3440	prototype to replace	none; resource binding pending	Language-specific resource mnemonic.
mnemonic			UKRAIN	м	UKRAIN:DIALOG:dlgSystemSetup:3441	prototype to replace	none; resource binding pending	Language-specific resource mnemonic.
mnemonic			UKRAIN	я	UKRAIN:DIALOG:dlgSystemSetup:3442	prototype to replace	none; resource binding pending	Language-specific resource mnemonic.
mnemonic			UKRAIN	п	UKRAIN:DIALOG:dlgSystemSetup:3444	prototype to replace	none; resource binding pending	Language-specific resource mnemonic.
mnemonic			UKRAIN	К	UKRAIN:DIALOG:dlgSystemSetup:3453	prototype to replace	none; resource binding pending	Language-specific resource mnemonic.
mnemonic			UKRAIN	г	UKRAIN:DIALOG:dlgSystemSetup:3455	prototype to replace	none; resource binding pending	Language-specific resource mnemonic.
mnemonic			UKRAIN	8	UKRAIN:DIALOG:dlgAdvancedCOMSetup:3461	prototype to replace	none; resource binding pending	Language-specific resource mnemonic.
mnemonic			UKRAIN	7	UKRAIN:DIALOG:dlgAdvancedCOMSetup:3462	prototype to replace	none; resource binding pending	Language-specific resource mnemonic.
mnemonic			UKRAIN	6	UKRAIN:DIALOG:dlgAdvancedCOMSetup:3463	prototype to replace	none; resource binding pending	Language-specific resource mnemonic.
mnemonic			UKRAIN	5	UKRAIN:DIALOG:dlgAdvancedCOMSetup:3464	prototype to replace	none; resource binding pending	Language-specific resource mnemonic.
mnemonic			UKRAIN	1	UKRAIN:DIALOG:dlgAdvancedCOMSetup:3468	prototype to replace	none; resource binding pending	Language-specific resource mnemonic.
mnemonic			UKRAIN	2	UKRAIN:DIALOG:dlgAdvancedCOMSetup:3469	prototype to replace	none; resource binding pending	Language-specific resource mnemonic.
mnemonic			UKRAIN	N	UKRAIN:DIALOG:dlgAdvancedCOMSetup:3473	prototype to replace	none; resource binding pending	Language-specific resource mnemonic.
mnemonic			UKRAIN	O	UKRAIN:DIALOG:dlgAdvancedCOMSetup:3474	prototype to replace	none; resource binding pending	Language-specific resource mnemonic.
mnemonic			UKRAIN	E	UKRAIN:DIALOG:dlgAdvancedCOMSetup:3475	prototype to replace	none; resource binding pending	Language-specific resource mnemonic.
mnemonic			UKRAIN	M	UKRAIN:DIALOG:dlgAdvancedCOMSetup:3476	prototype to replace	none; resource binding pending	Language-specific resource mnemonic.
mnemonic			UKRAIN	S	UKRAIN:DIALOG:dlgAdvancedCOMSetup:3477	prototype to replace	none; resource binding pending	Language-specific resource mnemonic.
mnemonic			UKRAIN	C	UKRAIN:DIALOG:dlgAdvancedCOMSetup:3481	prototype to replace	none; resource binding pending	Language-specific resource mnemonic.
mnemonic			UKRAIN	D	UKRAIN:DIALOG:dlgAdvancedCOMSetup:3482	prototype to replace	none; resource binding pending	Language-specific resource mnemonic.
mnemonic			UKRAIN	X	UKRAIN:DIALOG:dlgAdvancedCOMSetup:3487	prototype to replace	none; resource binding pending	Language-specific resource mnemonic.
mnemonic			UKRAIN	К	UKRAIN:DIALOG:dlgAdvancedCOMSetup:3490	prototype to replace	none; resource binding pending	Language-specific resource mnemonic.
mnemonic			UKRAIN	г	UKRAIN:DIALOG:dlgAdvancedCOMSetup:3492	prototype to replace	none; resource binding pending	Language-specific resource mnemonic.
mnemonic			UKRAIN	К	UKRAIN:DIALOG:dlgCpuFlagInfo:3627	prototype to replace	none; resource binding pending	Language-specific resource mnemonic.
mnemonic			UKRAIN	K	UKRAIN:DIALOG:dlgFTNInfo:3638	prototype to replace	none; resource binding pending	Language-specific resource mnemonic.
mnemonic			UKRAIN	K	UKRAIN:DIALOG:dlgSrchFailed:3651	prototype to replace	none; resource binding pending	Language-specific resource mnemonic.
mnemonic			UKRAIN	К	UKRAIN:DIALOG:dlgSetupColumnsDisk:3844	prototype to replace	none; resource binding pending	Language-specific resource mnemonic.
mnemonic			UKRAIN	г	UKRAIN:DIALOG:dlgSetupColumnsDisk:3846	prototype to replace	none; resource binding pending	Language-specific resource mnemonic.
mnemonic			UKRAIN	К	UKRAIN:DIALOG:dlgSetupColumnsFind:4025	prototype to replace	none; resource binding pending	Language-specific resource mnemonic.
mnemonic			UKRAIN	г	UKRAIN:DIALOG:dlgSetupColumnsFind:4027	prototype to replace	none; resource binding pending	Language-specific resource mnemonic.
mnemonic			UKRAIN	К	UKRAIN:DIALOG:dlgSetupColumnsTemp:4206	prototype to replace	none; resource binding pending	Language-specific resource mnemonic.
mnemonic			UKRAIN	г	UKRAIN:DIALOG:dlgSetupColumnsTemp:4208	prototype to replace	none; resource binding pending	Language-specific resource mnemonic.
mnemonic			UKRAIN	К	UKRAIN:DIALOG:dlgSetupColumnsArch:4354	prototype to replace	none; resource binding pending	Language-specific resource mnemonic.
mnemonic			UKRAIN	г	UKRAIN:DIALOG:dlgSetupColumnsArch:4356	prototype to replace	none; resource binding pending	Language-specific resource mnemonic.
mnemonic			UKRAIN	К	UKRAIN:DIALOG:dlgSetupColumnsArvd:4491	prototype to replace	none; resource binding pending	Language-specific resource mnemonic.
mnemonic			UKRAIN	г	UKRAIN:DIALOG:dlgSetupColumnsArvd:4493	prototype to replace	none; resource binding pending	Language-specific resource mnemonic.
mnemonic			UKRAIN	I	UKRAIN:DIALOG:dlgNameCase:4510	prototype to replace	none; resource binding pending	Language-specific resource mnemonic.
mnemonic			UKRAIN	Р	UKRAIN:DIALOG:dlgNameCase:4519	prototype to replace	none; resource binding pending	Language-specific resource mnemonic.
mnemonic			UKRAIN	К	UKRAIN:DIALOG:dlgNameCase:4520	prototype to replace	none; resource binding pending	Language-specific resource mnemonic.
mnemonic			UKRAIN	1	UKRAIN:DIALOG:dlgChScreenMode:4529	prototype to replace	none; resource binding pending	Language-specific resource mnemonic.
mnemonic			UKRAIN	2	UKRAIN:DIALOG:dlgChScreenMode:4530	prototype to replace	none; resource binding pending	Language-specific resource mnemonic.
mnemonic			UKRAIN	3	UKRAIN:DIALOG:dlgChScreenMode:4531	prototype to replace	none; resource binding pending	Language-specific resource mnemonic.
mnemonic			UKRAIN	4	UKRAIN:DIALOG:dlgChScreenMode:4532	prototype to replace	none; resource binding pending	Language-specific resource mnemonic.
mnemonic			UKRAIN	5	UKRAIN:DIALOG:dlgChScreenMode:4533	prototype to replace	none; resource binding pending	Language-specific resource mnemonic.
mnemonic			UKRAIN	6	UKRAIN:DIALOG:dlgChScreenMode:4534	prototype to replace	none; resource binding pending	Language-specific resource mnemonic.
mnemonic			UKRAIN	Д	UKRAIN:DIALOG:dlgChScreenMode:4535	prototype to replace	none; resource binding pending	Language-specific resource mnemonic.
mnemonic			UKRAIN	К	UKRAIN:DIALOG:dlgChScreenMode:4546	prototype to replace	none; resource binding pending	Language-specific resource mnemonic.
mnemonic			UKRAIN	Р	UKRAIN:DIALOG:dlgSetExportCsvFormat:4555	prototype to replace	none; resource binding pending	Language-specific resource mnemonic.
mnemonic			UKRAIN	ч	UKRAIN:DIALOG:dlgSetExportCsvFormat:4560	prototype to replace	none; resource binding pending	Language-specific resource mnemonic.
mnemonic			UKRAIN	ф	UKRAIN:DIALOG:dlgSetExportCsvFormat:4565	prototype to replace	none; resource binding pending	Language-specific resource mnemonic.
mnemonic			UKRAIN	К	UKRAIN:DIALOG:dlgSetExportCsvFormat:4566	prototype to replace	none; resource binding pending	Language-specific resource mnemonic.
mnemonic			UKRAIN	Н	UKRAIN:DIALOG:dlgDBFGoto:4575	prototype to replace	none; resource binding pending	Language-specific resource mnemonic.
mnemonic			UKRAIN	И	UKRAIN:DIALOG:dlgDBFGoto:4577	prototype to replace	none; resource binding pending	Language-specific resource mnemonic.
mnemonic			UKRAIN	К	UKRAIN:DIALOG:dlgDBFGoto:4578	prototype to replace	none; resource binding pending	Language-specific resource mnemonic.
mnemonic			UKRAIN	г	UKRAIN:DIALOG:dlgDBFGoto:4580	prototype to replace	none; resource binding pending	Language-specific resource mnemonic.
mnemonic			UKRAIN	т	UKRAIN:DIALOG:dlgSkipBadFile:4587	prototype to replace	none; resource binding pending	Language-specific resource mnemonic.
mnemonic			UKRAIN	П	UKRAIN:DIALOG:dlgSkipBadFile:4588	prototype to replace	none; resource binding pending	Language-specific resource mnemonic.
mnemonic			UKRAIN	В	UKRAIN:DIALOG:dlgSkipBadFile:4589	prototype to replace	none; resource binding pending	Language-specific resource mnemonic.
